[INFO] Checking prerequisites...

======================================
 Clearing build caches...
======================================

======================================
 Updating packages and installing required dependencies...
======================================
Hit:1 http://security.ubuntu.com/ubuntu resolute-security InRelease
Hit:2 https://downloads.1password.com/linux/debian/amd64 stable InRelease
Hit:3 https://brave-browser-apt-beta.s3.brave.com stable InRelease
Hit:4 https://brave-browser-apt-release.s3.brave.com stable InRelease
Hit:5 https://packages.microsoft.com/repos/edge-stable stable InRelease
Hit:6 https://pkg.cloudflareclient.com resolute InRelease
Hit:7 http://ca.archive.ubuntu.com/ubuntu resolute InRelease
Hit:8 http://ca.archive.ubuntu.com/ubuntu resolute-updates InRelease
Get:9 https://repo.charm.sh/apt * InRelease
Hit:10 http://ca.archive.ubuntu.com/ubuntu resolute-backports InRelease
Hit:11 https://dl.google.com/linux/chrome-beta/deb stable InRelease
Hit:12 https://dl.google.com/linux/chrome-stable/deb stable InRelease
Hit:13 https://packages.microsoft.com/ubuntu/26.04/prod resolute InRelease
Hit:14 https://packages.microsoft.com/repos/code stable InRelease
Hit:15 https://us-central1-apt.pkg.dev/projects/antigravity-auto-updater-dev antigravity-debian InRelease
Hit:16 https://ppa.floorp.app/amd64 ./ InRelease
Hit:17 https://packages.mozilla.org/apt mozilla InRelease
Hit:18 https://ppa.launchpadcontent.net/agornostal/ulauncher/ubuntu resolute InRelease
Hit:19 https://deb.opera.com/opera-stable stable InRelease
Hit:20 https://ppa.launchpadcontent.net/oibaf/graphics-drivers/ubuntu resolute InRelease
Hit:21 https://repo.protonvpn.com/debian stable InRelease
Hit:22 https://updates.signal.org/desktop/apt xenial InRelease
Hit:24 https://repository.spotify.com stable InRelease
Ign:25 https://dl.thorium.rocks/debian stable InRelease
Hit:26 https://esm.ubuntu.com/apps/ubuntu resolute-apps-security InRelease
Hit:27 https://esm.ubuntu.com/apps/ubuntu resolute-apps-updates InRelease
Hit:28 https://esm.ubuntu.com/infra/ubuntu resolute-infra-security InRelease
Hit:29 https://esm.ubuntu.com/infra/ubuntu resolute-infra-updates InRelease
Hit:30 https://download.vscodium.com/debs vscodium InRelease
Ign:31 https://releases.warp.dev/linux/deb stable InRelease
Hit:23 https://packagecloud.io/slacktechnologies/slack/debian jessie InRelease
Hit:32 https://dl.thorium.rocks/debian stable Release
Hit:33 https://releases.warp.dev/linux/deb stable Release
Ign:35 https://dl.thorium.rocks/debian stable Release.gpg
Fetched 6,719 B in 6s (1,187 B/s)
Reading package lists...
W: Target Packages (main/binary-amd64/Packages) is configured multiple times in /etc/apt/sources.list.d/microsoft-prod.list:1 and /etc/apt/sources.list.d/microsoft-prod.sources:1
W: Target Packages (main/binary-all/Packages) is configured multiple times in /etc/apt/sources.list.d/microsoft-prod.list:1 and /etc/apt/sources.list.d/microsoft-prod.sources:1
W: Target Translations (main/i18n/Translation-en_US) is configured multiple times in /etc/apt/sources.list.d/microsoft-prod.list:1 and /etc/apt/sources.list.d/microsoft-prod.sources:1
W: Target Translations (main/i18n/Translation-en) is configured multiple times in /etc/apt/sources.list.d/microsoft-prod.list:1 and /etc/apt/sources.list.d/microsoft-prod.sources:1
W: Target DEP-11 (main/dep11/Components-amd64.yml) is configured multiple times in /etc/apt/sources.list.d/microsoft-prod.list:1 and /etc/apt/sources.list.d/microsoft-prod.sources:1
W: Target DEP-11 (main/dep11/Components-all.yml) is configured multiple times in /etc/apt/sources.list.d/microsoft-prod.list:1 and /etc/apt/sources.list.d/microsoft-prod.sources:1
W: Target DEP-11-icons-small (main/dep11/icons-48x48.tar) is configured multiple times in /etc/apt/sources.list.d/microsoft-prod.list:1 and /etc/apt/sources.list.d/microsoft-prod.sources:1
W: Target DEP-11-icons (main/dep11/icons-64x64.tar) is configured multiple times in /etc/apt/sources.list.d/microsoft-prod.list:1 and /etc/apt/sources.list.d/microsoft-prod.sources:1
W: Target DEP-11-icons-hidpi (main/dep11/icons-64x64@2.tar) is configured multiple times in /etc/apt/sources.list.d/microsoft-prod.list:1 and /etc/apt/sources.list.d/microsoft-prod.sources:1
W: Target DEP-11-icons-large (main/dep11/icons-128x128.tar) is configured multiple times in /etc/apt/sources.list.d/microsoft-prod.list:1 and /etc/apt/sources.list.d/microsoft-prod.sources:1
W: Target CNF (main/cnf/Commands-amd64) is configured multiple times in /etc/apt/sources.list.d/microsoft-prod.list:1 and /etc/apt/sources.list.d/microsoft-prod.sources:1
W: Target CNF (main/cnf/Commands-all) is configured multiple times in /etc/apt/sources.list.d/microsoft-prod.list:1 and /etc/apt/sources.list.d/microsoft-prod.sources:1
W: Target Packages (non-free/binary-amd64/Packages) is configured multiple times in /etc/apt/sources.list.d/opera-stable.list:4 and /etc/apt/sources.list.d/opera-stable.sources:1
W: Target Packages (non-free/binary-i386/Packages) is configured multiple times in /etc/apt/sources.list.d/opera-stable.list:4 and /etc/apt/sources.list.d/opera-stable.sources:1
W: Target Packages (non-free/binary-all/Packages) is configured multiple times in /etc/apt/sources.list.d/opera-stable.list:4 and /etc/apt/sources.list.d/opera-stable.sources:1
W: Target Translations (non-free/i18n/Translation-en_US) is configured multiple times in /etc/apt/sources.list.d/opera-stable.list:4 and /etc/apt/sources.list.d/opera-stable.sources:1
W: Target Translations (non-free/i18n/Translation-en) is configured multiple times in /etc/apt/sources.list.d/opera-stable.list:4 and /etc/apt/sources.list.d/opera-stable.sources:1
W: Target DEP-11 (non-free/dep11/Components-amd64.yml) is configured multiple times in /etc/apt/sources.list.d/opera-stable.list:4 and /etc/apt/sources.list.d/opera-stable.sources:1
W: Target DEP-11 (non-free/dep11/Components-all.yml) is configured multiple times in /etc/apt/sources.list.d/opera-stable.list:4 and /etc/apt/sources.list.d/opera-stable.sources:1
W: Target DEP-11-icons-small (non-free/dep11/icons-48x48.tar) is configured multiple times in /etc/apt/sources.list.d/opera-stable.list:4 and /etc/apt/sources.list.d/opera-stable.sources:1
W: Target DEP-11-icons (non-free/dep11/icons-64x64.tar) is configured multiple times in /etc/apt/sources.list.d/opera-stable.list:4 and /etc/apt/sources.list.d/opera-stable.sources:1
W: Target DEP-11-icons-hidpi (non-free/dep11/icons-64x64@2.tar) is configured multiple times in /etc/apt/sources.list.d/opera-stable.list:4 and /etc/apt/sources.list.d/opera-stable.sources:1
W: Target DEP-11-icons-large (non-free/dep11/icons-128x128.tar) is configured multiple times in /etc/apt/sources.list.d/opera-stable.list:4 and /etc/apt/sources.list.d/opera-stable.sources:1
W: Target CNF (non-free/cnf/Commands-amd64) is configured multiple times in /etc/apt/sources.list.d/opera-stable.list:4 and /etc/apt/sources.list.d/opera-stable.sources:1
W: Target CNF (non-free/cnf/Commands-all) is configured multiple times in /etc/apt/sources.list.d/opera-stable.list:4 and /etc/apt/sources.list.d/opera-stable.sources:1
W: Target Packages (non-free/binary-amd64/Packages) is configured multiple times in /etc/apt/sources.list.d/spotify.list:1 and /etc/apt/sources.list.d/spotify.sources:1
W: Target Packages (non-free/binary-i386/Packages) is configured multiple times in /etc/apt/sources.list.d/spotify.list:1 and /etc/apt/sources.list.d/spotify.sources:1
W: Target Packages (non-free/binary-all/Packages) is configured multiple times in /etc/apt/sources.list.d/spotify.list:1 and /etc/apt/sources.list.d/spotify.sources:1
W: Target Translations (non-free/i18n/Translation-en_US) is configured multiple times in /etc/apt/sources.list.d/spotify.list:1 and /etc/apt/sources.list.d/spotify.sources:1
W: Target Translations (non-free/i18n/Translation-en) is configured multiple times in /etc/apt/sources.list.d/spotify.list:1 and /etc/apt/sources.list.d/spotify.sources:1
W: Target DEP-11 (non-free/dep11/Components-amd64.yml) is configured multiple times in /etc/apt/sources.list.d/spotify.list:1 and /etc/apt/sources.list.d/spotify.sources:1
W: Target DEP-11 (non-free/dep11/Components-all.yml) is configured multiple times in /etc/apt/sources.list.d/spotify.list:1 and /etc/apt/sources.list.d/spotify.sources:1
W: Target DEP-11-icons-small (non-free/dep11/icons-48x48.tar) is configured multiple times in /etc/apt/sources.list.d/spotify.list:1 and /etc/apt/sources.list.d/spotify.sources:1
W: Target DEP-11-icons (non-free/dep11/icons-64x64.tar) is configured multiple times in /etc/apt/sources.list.d/spotify.list:1 and /etc/apt/sources.list.d/spotify.sources:1
W: Target DEP-11-icons-hidpi (non-free/dep11/icons-64x64@2.tar) is configured multiple times in /etc/apt/sources.list.d/spotify.list:1 and /etc/apt/sources.list.d/spotify.sources:1
W: Target DEP-11-icons-large (non-free/dep11/icons-128x128.tar) is configured multiple times in /etc/apt/sources.list.d/spotify.list:1 and /etc/apt/sources.list.d/spotify.sources:1
W: Target CNF (non-free/cnf/Commands-amd64) is configured multiple times in /etc/apt/sources.list.d/spotify.list:1 and /etc/apt/sources.list.d/spotify.sources:1
W: Target CNF (non-free/cnf/Commands-all) is configured multiple times in /etc/apt/sources.list.d/spotify.list:1 and /etc/apt/sources.list.d/spotify.sources:1
W: Target Packages (main/binary-amd64/Packages) is configured multiple times in /etc/apt/sources.list.d/microsoft-prod.list:1 and /etc/apt/sources.list.d/microsoft-prod.sources:1
W: Target Packages (main/binary-all/Packages) is configured multiple times in /etc/apt/sources.list.d/microsoft-prod.list:1 and /etc/apt/sources.list.d/microsoft-prod.sources:1
W: Target Translations (main/i18n/Translation-en_US) is configured multiple times in /etc/apt/sources.list.d/microsoft-prod.list:1 and /etc/apt/sources.list.d/microsoft-prod.sources:1
W: Target Translations (main/i18n/Translation-en) is configured multiple times in /etc/apt/sources.list.d/microsoft-prod.list:1 and /etc/apt/sources.list.d/microsoft-prod.sources:1
W: Target DEP-11 (main/dep11/Components-amd64.yml) is configured multiple times in /etc/apt/sources.list.d/microsoft-prod.list:1 and /etc/apt/sources.list.d/microsoft-prod.sources:1
W: Target DEP-11 (main/dep11/Components-all.yml) is configured multiple times in /etc/apt/sources.list.d/microsoft-prod.list:1 and /etc/apt/sources.list.d/microsoft-prod.sources:1
W: Target DEP-11-icons-small (main/dep11/icons-48x48.tar) is configured multiple times in /etc/apt/sources.list.d/microsoft-prod.list:1 and /etc/apt/sources.list.d/microsoft-prod.sources:1
W: Target DEP-11-icons (main/dep11/icons-64x64.tar) is configured multiple times in /etc/apt/sources.list.d/microsoft-prod.list:1 and /etc/apt/sources.list.d/microsoft-prod.sources:1
W: Target DEP-11-icons-hidpi (main/dep11/icons-64x64@2.tar) is configured multiple times in /etc/apt/sources.list.d/microsoft-prod.list:1 and /etc/apt/sources.list.d/microsoft-prod.sources:1
W: Target DEP-11-icons-large (main/dep11/icons-128x128.tar) is configured multiple times in /etc/apt/sources.list.d/microsoft-prod.list:1 and /etc/apt/sources.list.d/microsoft-prod.sources:1
W: Target CNF (main/cnf/Commands-amd64) is configured multiple times in /etc/apt/sources.list.d/microsoft-prod.list:1 and /etc/apt/sources.list.d/microsoft-prod.sources:1
W: Target CNF (main/cnf/Commands-all) is configured multiple times in /etc/apt/sources.list.d/microsoft-prod.list:1 and /etc/apt/sources.list.d/microsoft-prod.sources:1
W: Target Packages (non-free/binary-amd64/Packages) is configured multiple times in /etc/apt/sources.list.d/opera-stable.list:4 and /etc/apt/sources.list.d/opera-stable.sources:1
W: Target Packages (non-free/binary-i386/Packages) is configured multiple times in /etc/apt/sources.list.d/opera-stable.list:4 and /etc/apt/sources.list.d/opera-stable.sources:1
W: Target Packages (non-free/binary-all/Packages) is configured multiple times in /etc/apt/sources.list.d/opera-stable.list:4 and /etc/apt/sources.list.d/opera-stable.sources:1
W: Target Translations (non-free/i18n/Translation-en_US) is configured multiple times in /etc/apt/sources.list.d/opera-stable.list:4 and /etc/apt/sources.list.d/opera-stable.sources:1
W: Target Translations (non-free/i18n/Translation-en) is configured multiple times in /etc/apt/sources.list.d/opera-stable.list:4 and /etc/apt/sources.list.d/opera-stable.sources:1
W: Target DEP-11 (non-free/dep11/Components-amd64.yml) is configured multiple times in /etc/apt/sources.list.d/opera-stable.list:4 and /etc/apt/sources.list.d/opera-stable.sources:1
W: Target DEP-11 (non-free/dep11/Components-all.yml) is configured multiple times in /etc/apt/sources.list.d/opera-stable.list:4 and /etc/apt/sources.list.d/opera-stable.sources:1
W: Target DEP-11-icons-small (non-free/dep11/icons-48x48.tar) is configured multiple times in /etc/apt/sources.list.d/opera-stable.list:4 and /etc/apt/sources.list.d/opera-stable.sources:1
W: Target DEP-11-icons (non-free/dep11/icons-64x64.tar) is configured multiple times in /etc/apt/sources.list.d/opera-stable.list:4 and /etc/apt/sources.list.d/opera-stable.sources:1
W: Target DEP-11-icons-hidpi (non-free/dep11/icons-64x64@2.tar) is configured multiple times in /etc/apt/sources.list.d/opera-stable.list:4 and /etc/apt/sources.list.d/opera-stable.sources:1
W: Target DEP-11-icons-large (non-free/dep11/icons-128x128.tar) is configured multiple times in /etc/apt/sources.list.d/opera-stable.list:4 and /etc/apt/sources.list.d/opera-stable.sources:1
W: Target CNF (non-free/cnf/Commands-amd64) is configured multiple times in /etc/apt/sources.list.d/opera-stable.list:4 and /etc/apt/sources.list.d/opera-stable.sources:1
W: Target CNF (non-free/cnf/Commands-all) is configured multiple times in /etc/apt/sources.list.d/opera-stable.list:4 and /etc/apt/sources.list.d/opera-stable.sources:1
W: Target Packages (non-free/binary-amd64/Packages) is configured multiple times in /etc/apt/sources.list.d/spotify.list:1 and /etc/apt/sources.list.d/spotify.sources:1
W: Target Packages (non-free/binary-i386/Packages) is configured multiple times in /etc/apt/sources.list.d/spotify.list:1 and /etc/apt/sources.list.d/spotify.sources:1
W: Target Packages (non-free/binary-all/Packages) is configured multiple times in /etc/apt/sources.list.d/spotify.list:1 and /etc/apt/sources.list.d/spotify.sources:1
W: Target Translations (non-free/i18n/Translation-en_US) is configured multiple times in /etc/apt/sources.list.d/spotify.list:1 and /etc/apt/sources.list.d/spotify.sources:1
W: Target Translations (non-free/i18n/Translation-en) is configured multiple times in /etc/apt/sources.list.d/spotify.list:1 and /etc/apt/sources.list.d/spotify.sources:1
W: Target DEP-11 (non-free/dep11/Components-amd64.yml) is configured multiple times in /etc/apt/sources.list.d/spotify.list:1 and /etc/apt/sources.list.d/spotify.sources:1
W: Target DEP-11 (non-free/dep11/Components-all.yml) is configured multiple times in /etc/apt/sources.list.d/spotify.list:1 and /etc/apt/sources.list.d/spotify.sources:1
W: Target DEP-11-icons-small (non-free/dep11/icons-48x48.tar) is configured multiple times in /etc/apt/sources.list.d/spotify.list:1 and /etc/apt/sources.list.d/spotify.sources:1
W: Target DEP-11-icons (non-free/dep11/icons-64x64.tar) is configured multiple times in /etc/apt/sources.list.d/spotify.list:1 and /etc/apt/sources.list.d/spotify.sources:1
W: Target DEP-11-icons-hidpi (non-free/dep11/icons-64x64@2.tar) is configured multiple times in /etc/apt/sources.list.d/spotify.list:1 and /etc/apt/sources.list.d/spotify.sources:1
W: Target DEP-11-icons-large (non-free/dep11/icons-128x128.tar) is configured multiple times in /etc/apt/sources.list.d/spotify.list:1 and /etc/apt/sources.list.d/spotify.sources:1
W: Target CNF (non-free/cnf/Commands-amd64) is configured multiple times in /etc/apt/sources.list.d/spotify.list:1 and /etc/apt/sources.list.d/spotify.sources:1
W: Target CNF (non-free/cnf/Commands-all) is configured multiple times in /etc/apt/sources.list.d/spotify.list:1 and /etc/apt/sources.list.d/spotify.sources:1
Reading package lists...
Building dependency tree...
Reading state information...
git is already the newest version (1:2.53.0-1ubuntu1).
build-essential is already the newest version (12.12ubuntu2.26.04.2).
ninja-build is already the newest version (1.13.2-1).
python3-pip is already the newest version (25.1.1+dfsg-1ubuntu2+esm3).
python3-dev is already the newest version (3.14.3-0ubuntu2).
yasm is already the newest version (1.3.0-8).
nasm is already the newest version (3.01-1).
libtool is already the newest version (2.5.4-9).
autoconf is already the newest version (2.72-3.1ubuntu2).
automake is already the newest version (1:1.18.1-3build1).
cmake is already the newest version (4.2.3-2ubuntu2).
libfribidi-dev is already the newest version (1.0.16-5).
libfontconfig1-dev is already the newest version (2.17.1-3ubuntu1).
libfreetype-dev is already the newest version (2.14.2+dfsg-1ubuntu0.1).
libharfbuzz-dev is already the newest version (12.3.2-2).
liblcms2-dev is already the newest version (2.17-1ubuntu0.2).
libx11-dev is already the newest version (2:1.8.13-1).
libxv-dev is already the newest version (2:1.0.13-1).
libvulkan-dev is already the newest version (1.4.341.0-1).
libgl1-mesa-dev is already the newest version (26.0.8-1ubuntu0.3).
libegl1-mesa-dev is already the newest version (26.0.8-1ubuntu0.3).
libxkbcommon-dev is already the newest version (1.13.1-1).
libwayland-dev is already the newest version (1.24.0-2).
libxrandr-dev is already the newest version (2:1.5.4-1build1).
python3-setuptools is already the newest version (78.1.1-0.1build1).
python3-wheel is already the newest version (0.46.3-2).
libzimg-dev is already the newest version (3.0.6+ds1-1).
libmujs-dev is already the newest version (1.3.8-2).
luajit is already the newest version (2.1.0+openresty20251030-1).
libluajit-5.1-dev is already the newest version (2.1.0+openresty20251030-1).
libssl-dev is already the newest version (3.5.5-1ubuntu3.3).
libplacebo-dev is already the newest version (7.360.0-3).
libshaderc-dev is already the newest version (2026.1-1).
libass-dev is already the newest version (1:0.17.4-2).
libbluray-dev is already the newest version (1:1.4.1-1).
libdvdread-dev is already the newest version (7.0.1-1).
libdvdnav-dev is already the newest version (7.0.0-2).
libuchardet-dev is already the newest version (0.0.8-2).
mediainfo is already the newest version (26.01-1).
lsof is already the newest version (4.99.4+dfsg-2build2).
libqt5concurrent5t64 is already the newest version (5.15.18+dfsg-1ubuntu1).
libqt5svg5 is already the newest version (5.15.18-1).
libqt5qml5 is already the newest version (5.15.18+dfsg-2).
libmimalloc-dev is already the newest version (3.2.8+ds-2).
numactl is already the newest version (2.0.19-1build1).
clang is already the newest version (1:21.1.6-71).
lld is already the newest version (1:21.1.6-71).
llvm is already the newest version (1:21.1.6-71).
libstdc++-16-dev is already the newest version (16-20260322-1ubuntu1).
libpipewire-0.3-dev is already the newest version (1.6.2-1ubuntu1.1).
libpulse-dev is already the newest version (1:17.0+dfsg1-2ubuntu4).
libasound2-dev is already the newest version (1.2.15.3-1ubuntu1.1).
libarchive-dev is already the newest version (3.8.5-1ubuntu2.2).
libva-dev is already the newest version (2.23.0-1ubuntu1).
libvdpau-dev is already the newest version (1.5-4).
librubberband-dev is already the newest version (4.0.0+dfsg-2ubuntu1).
Solving dependencies...
The following packages were automatically installed and are no longer required:
  kdeconnect-libs libaribb24-0t64:i386 libfakekey0 libkf6people-data
  libkf6people6 libkf6peoplebackend6 libopencore-amrnb0
  libopencore-amrnb0:i386 libopencore-amrwb0 libopencore-amrwb0:i386
  libqt6bluetooth6 libqt6bluetooth6-bin libvo-amrwbenc0:i386
  linux-headers-7.0.0-28 linux-headers-7.0.0-28-generic
  linux-image-7.0.0-28-generic linux-main-modules-zfs-7.0.0-28-generic
  linux-modules-7.0.0-28-generic linux-tools-7.0.0-28
  linux-tools-7.0.0-28-generic qml6-module-org-kde-kdeconnect
  qml6-module-org-kde-people qml6-module-qtquick-particles
Use 'sudo apt autoremove' to remove them.
0 upgraded, 0 newly installed, 0 to remove and 25 not upgraded.

======================================
 Fetching mpv and ffmpeg sources in the background...
======================================

======================================
 Setting up latest Python virtualenv with mise at /opt/vapoursynth-venv...
======================================

======================================
 Building and Installing zimg
======================================
Cloning into 'zimg'...
Cloning into 'mpv-build'...
Run ./update to actually update the sources based on the new selection.
Run ./rebuild to update the source and to compile the selected branch.
Run ./update to actually update the sources based on the new selection.
Run ./rebuild to update the source and to compile the selected branch.
Run ./update to actually update the sources based on the new selection.
Run ./rebuild to update the source and to compile the selected branch.
Looking in links: /tmp/tmpsj37nrq4
Requirement already satisfied: pip in /opt/vapoursynth-venv/lib/python3.14/site-packages (26.2.1)
From https://github.com/mpv-player/mpv-build
 * branch            master     -> FETCH_HEAD
Already up to date.
+ git pull --rebase
Requirement already satisfied: pip in /opt/vapoursynth-venv/lib/python3.14/site-packages (26.2.1)
Submodule 'graphengine' (https://github.com/sekrit-twc/graphengine.git) registered for path 'graphengine'
Submodule 'test/extra/googletest' (https://github.com/google/googletest.git) registered for path 'test/extra/googletest'
Cloning into '/home/tay/builds/app-build-scripts-ubuntu26/zimg/graphengine'...
Already up to date.
+ do_clone_all
+ do_clone ffmpeg https://github.com/FFmpeg/FFmpeg.git
+ set -ex
+ test -e ffmpeg
+ git clone https://github.com/FFmpeg/FFmpeg.git ffmpeg
Cloning into 'ffmpeg'...
Requirement already satisfied: meson in /opt/vapoursynth-venv/lib/python3.14/site-packages (1.12.0)
Requirement already satisfied: ninja in /opt/vapoursynth-venv/lib/python3.14/site-packages (1.13.0)
Requirement already satisfied: cython in /opt/vapoursynth-venv/lib/python3.14/site-packages (3.2.9)

======================================
 Installing zsmooth, essential VapourSynth plugins, and yt-dlp
======================================
Requirement already satisfied: pip in /opt/vapoursynth-venv/lib/python3.14/site-packages (26.2.1)
Requirement already satisfied: uv in /opt/vapoursynth-venv/lib/python3.14/site-packages (0.12.5)
Cloning into '/home/tay/builds/app-build-scripts-ubuntu26/zimg/test/extra/googletest'...
Using Python 3.14.7 environment at: /opt/vapoursynth-venv
Resolved 30 packages in 214ms
Checked 30 packages in 0.19ms
Using Python 3.14.7 environment at: /opt/vapoursynth-venv
Resolved 2 packages in 1.31s
Prepared 2 packages in 7ms
Uninstalled 2 packages in 1ms
Installed 2 packages in 1ms
 ~ vapoursynth==79
 ~ vapoursynth-zsmooth==0.20.0 (from git+https://github.com/adworacz/zsmooth.git@187ae3011979b8064baf46034a2771b7f018a1c6)
Using Python 3.14.7 environment at: /opt/vapoursynth-venv
Submodule path 'graphengine': checked out 'cb5b2ce13384ec2491f0c37256ea210034799f69'
Submodule 'googletest' (https://github.com/google/googletest.git) registered for path 'graphengine/test/googletest'
Cloning into '/home/tay/builds/app-build-scripts-ubuntu26/zimg/graphengine/test/googletest'...
Resolved 2 packages in 774ms
Prepared 2 packages in 6ms
Uninstalled 2 packages in 0.78ms
Installed 2 packages in 1ms
 ~ mvsfunc==11 (from git+https://github.com/HomeOfVapourSynthEvolution/mvsfunc.git@865c7486ca860d323754ec4774bc4cca540a7076)
 ~ vapoursynth==79
Submodule path 'graphengine/test/googletest': checked out 'e2239ee6043f73722e7aa812a459f54a28552929'
Submodule path 'test/extra/googletest': checked out '6910c9d9165801d8827d628cb72eb7ea9dd538c5'
Already on 'master'
Your branch is up to date with 'origin/master'.
From https://github.com/sekrit-twc/zimg
 * branch            master     -> FETCH_HEAD
Already up to date.
autoreconf: export WARNINGS=
autoreconf: Entering directory '.'
autoreconf: configure.ac: not using Gettext
autoreconf: running: aclocal --force -I m4
autoreconf: configure.ac: tracing
autoreconf: running: libtoolize --copy --force
libtoolize: putting auxiliary files in '.'.
libtoolize: copying file './ltmain.sh'
libtoolize: putting macros in AC_CONFIG_MACRO_DIRS, 'm4'.
libtoolize: copying file 'm4/libtool.m4'
libtoolize: copying file 'm4/ltoptions.m4'
libtoolize: copying file 'm4/ltsugar.m4'
libtoolize: copying file 'm4/ltversion.m4'
libtoolize: copying file 'm4/lt~obsolete.m4'
autoreconf: configure.ac: not using Intltool
autoreconf: configure.ac: not using Gtkdoc
autoreconf: running: aclocal --force -I m4
autoreconf: running: /usr/bin/autoconf --force
autoreconf: configure.ac: not using Autoheader
autoreconf: running: automake --add-missing --copy --force-missing
configure.ac:10: installing './compile'
configure.ac:10: installing './config.guess'
configure.ac:10: installing './config.sub'
configure.ac:7: installing './install-sh'
configure.ac:7: installing './missing'
Makefile.am: installing './depcomp'
parallel-tests: installing './test-driver'
autoreconf: Leaving directory '.'
checking for a BSD-compatible install... /usr/bin/install -c
checking whether sleep supports fractional seconds... yes
checking filesystem timestamp resolution... 0.01
checking whether build environment is sane... yes
checking for a race-free mkdir -p... /usr/bin/mkdir -p
checking for gawk... gawk
checking whether make sets $(MAKE)... yes
checking whether make supports nested variables... yes
checking xargs -n works... yes
checking whether UID '1000' is supported by ustar format... yes
checking whether GID '1000' is supported by ustar format... yes
checking how to create a ustar tar archive... gnutar
checking build system type... x86_64-pc-linux-gnu
checking host system type... x86_64-pc-linux-gnu
checking how to print strings... printf
checking whether make supports the include directive... yes (GNU style)
checking for gcc... clang
checking whether the C compiler works... yes
checking for C compiler default output file name... a.out
checking for suffix of executables... 
checking whether we are cross compiling... no
checking for suffix of object files... o
checking whether the compiler supports GNU C... yes
checking whether clang accepts -g... yes
checking for clang option to enable C11 features... none needed
checking whether clang understands -c and -o together... yes
checking dependency style of clang... gcc3
checking for a sed that does not truncate output... /usr/bin/sed
checking for grep that handles long lines and -e... /usr/bin/grep
checking for egrep... /usr/bin/grep -E
checking for fgrep... /usr/bin/grep -F
checking for ld used by clang... /usr/bin/ld
checking if the linker (/usr/bin/ld) is GNU ld... yes
checking for BSD- or MS-compatible name lister (nm)... llvm-nm
checking the name lister (llvm-nm) interface... BSD nm
checking whether ln -s works... yes
checking the maximum length of command line arguments... 1572864
checking how to convert x86_64-pc-linux-gnu file names to x86_64-pc-linux-gnu format... func_convert_file_noop
checking how to convert x86_64-pc-linux-gnu file names to toolchain format... func_convert_file_noop
checking for /usr/bin/ld option to reload object files... -r
checking for file... file
checking for objdump... objdump
checking how to recognize dependent libraries... pass_all
checking for dlltool... no
checking how to associate runtime and link libraries... printf %s\n
checking for ranlib... llvm-ranlib
checking for archiver @FILE support... @
checking for strip... strip
checking command to parse llvm-nm output from clang object... ok
checking for sysroot... no
checking for a working dd... /usr/bin/dd
checking how to truncate binary pipes... /usr/bin/dd bs=4096 count=1
checking for mt... mt
checking if mt is a manifest tool... no
checking for stdio.h... yes
checking for stdlib.h... yes
checking for string.h... yes
checking for inttypes.h... yes
checking for stdint.h... yes
checking for strings.h... yes
checking for sys/stat.h... yes
checking for sys/types.h... yes
checking for unistd.h... yes
checking for dlfcn.h... yes
checking for objdir... .libs
checking if clang supports -fno-rtti -fno-exceptions... yes
checking for clang option to produce PIC... -fPIC -DPIC
checking if clang PIC flag -fPIC -DPIC works... yes
checking if clang static flag -static works... yes
checking if clang supports -c -o file.o... yes
checking if clang supports -c -o file.o... (cached) yes
checking whether the clang linker (/usr/bin/ld -m elf_x86_64) supports shared libraries... yes
checking whether -lc should be explicitly linked in... no
checking dynamic linker characteristics... GNU/Linux ld.so
checking how to hardcode library paths into programs... immediate
checking whether stripping libraries is possible... yes
checking if libtool supports shared libraries... yes
checking whether to build shared libraries... yes
checking whether to build static libraries... yes
checking whether the compiler supports GNU C++... yes
checking whether clang++ accepts -g... yes
checking for clang++ option to enable C++11 features... none needed
checking dependency style of clang++... gcc3
checking how to run the C++ preprocessor... clang++ -E
checking for ld used by clang++... /usr/bin/ld -m elf_x86_64
checking if the linker (/usr/bin/ld -m elf_x86_64) is GNU ld... yes
checking whether the clang++ linker (/usr/bin/ld -m elf_x86_64) supports shared libraries... yes
checking for clang++ option to produce PIC... -fPIC -DPIC
checking if clang++ PIC flag -fPIC -DPIC works... yes
checking if clang++ static flag -static works... yes
checking if clang++ supports -c -o file.o... yes
checking if clang++ supports -c -o file.o... (cached) yes
checking whether the clang++ linker (/usr/bin/ld -m elf_x86_64) supports shared libraries... yes
checking dynamic linker characteristics... (cached) GNU/Linux ld.so
checking how to hardcode library paths into programs... immediate
checking whether C++ compiler accepts -std=c++17... yes
checking whether C compiler accepts -fvisibility=hidden... yes
checking how to run the C preprocessor... clang -E
checking for egrep -e... (cached) /usr/bin/grep -E
checking whether clang is Clang... yes
checking whether pthreads work with "-pthread" and "-lpthread"... yes
checking whether Clang needs flag to prevent "argument unused" warning when linking with -pthread... no
checking for joinable pthread attribute... PTHREAD_CREATE_JOINABLE
checking whether more special flags are required for pthreads... no
checking for PTHREAD_PRIO_INHERIT... yes
checking for the C++ standard library... -lstdc++
checking whether C compiler accepts -mtune=haswell... yes
checking whether C compiler accepts -mtune=skylake-avx512... yes
checking whether C compiler accepts -mtune=cascadelake... yes
checking that generated files are newer than configure... done
configure: creating ./config.status
config.status: creating Makefile
config.status: creating zimg.pc
config.status: executing depfiles commands
config.status: executing libtool commands
make[1]: Entering directory '/home/tay/builds/app-build-scripts-ubuntu26/zimg'
  CXX      dummy.lo
  CXX      src/zimg/colorspace/x86/libavx2_la-operation_impl_avx2.lo
  CXX      src/zimg/colorspace/x86/libavx512_la-gamma_constants_avx512.lo
  CXX      src/zimg/depth/x86/libavx512_la-depth_convert_avx512.lo
  CXX      src/zimg/colorspace/x86/libavx512_la-operation_impl_avx512.lo
  CXX      src/zimg/depth/x86/libavx512_la-dither_avx512.lo
  CXX      src/zimg/resize/x86/libavx512_la-resize_impl_avx512.lo
  CXX      src/zimg/resize/x86/libavx512_vnni_la-resize_impl_avx512_vnni.lo
  CXX      graphengine/graphengine/libzimg_internal_la-cpuinfo.lo
  CXX      graphengine/graphengine/libzimg_internal_la-graph.lo
  CXX      graphengine/graphengine/libzimg_internal_la-node.lo
  CXX      graphengine/graphengine/x86/libzimg_internal_la-cpuinfo_x86.lo
  CXX      src/zimg/api/libzimg_internal_la-zimg.lo
  CXX      src/zimg/colorspace/libzimg_internal_la-colorspace.lo
  CXX      src/zimg/colorspace/libzimg_internal_la-colorspace_graph.lo
  CXX      src/zimg/colorspace/libzimg_internal_la-colorspace_param.lo
  CXX      src/zimg/colorspace/libzimg_internal_la-gamma.lo
  CXX      src/zimg/colorspace/libzimg_internal_la-matrix3.lo
  CXX      src/zimg/colorspace/libzimg_internal_la-operation.lo
  CXX      src/zimg/colorspace/libzimg_internal_la-operation_impl.lo
  CXX      src/zimg/common/libzimg_internal_la-cpuinfo.lo
  CXX      src/zimg/common/libzimg_internal_la-libm_wrapper.lo
  CXX      src/zimg/common/libzimg_internal_la-matrix.lo
  CXX      src/zimg/depth/libzimg_internal_la-blue.lo
  CXX      src/zimg/depth/libzimg_internal_la-depth_convert.lo
  CXX      src/zimg/depth/libzimg_internal_la-depth.lo
  CXX      src/zimg/depth/libzimg_internal_la-dither.lo
  CXX      src/zimg/depth/libzimg_internal_la-quantize.lo
  CXX      src/zimg/graph/libzimg_internal_la-filter_base.lo
  CXX      src/zimg/graph/libzimg_internal_la-filtergraph.lo
  CXX      src/zimg/graph/libzimg_internal_la-graphbuilder.lo
  CXX      src/zimg/graph/libzimg_internal_la-graphengine_except.lo
  CXX      src/zimg/graph/libzimg_internal_la-simple_filters.lo
  CXX      src/zimg/resize/libzimg_internal_la-filter.lo
  CXX      src/zimg/resize/libzimg_internal_la-resize.lo
  CXX      src/zimg/resize/libzimg_internal_la-resize_impl.lo
  CXX      src/zimg/unresize/libzimg_internal_la-bilinear.lo
  CXX      src/zimg/unresize/libzimg_internal_la-unresize.lo
  CXX      src/zimg/unresize/libzimg_internal_la-unresize_impl.lo
  CXX      src/zimg/colorspace/x86/libzimg_internal_la-operation_impl_x86.lo
  CXX      src/zimg/common/x86/libzimg_internal_la-cpuinfo_x86.lo
  CXX      src/zimg/common/x86/libzimg_internal_la-x86util.lo
  CXX      src/zimg/depth/x86/libzimg_internal_la-depth_convert_x86.lo
  CXX      src/zimg/depth/x86/libzimg_internal_la-dither_x86.lo
  CXX      src/zimg/resize/x86/libzimg_internal_la-resize_impl_x86.lo
  CXX      src/zimg/unresize/x86/libzimg_internal_la-unresize_impl_x86.lo
  CXX      src/zimg/depth/x86/libavx2_la-depth_convert_avx2.lo
  CXX      src/zimg/depth/x86/libavx2_la-dither_avx2.lo
  CXX      src/zimg/depth/x86/libavx2_la-error_diffusion_avx2.lo
  CXX      src/zimg/resize/x86/libavx2_la-resize_impl_avx2.lo
  CXX      src/zimg/unresize/x86/libavx2_la-unresize_impl_avx2.lo
  CXXLD    libavx512_vnni.la
  CXXLD    libavx512.la
  CXXLD    libavx2.la
  CXXLD    libzimg_internal.la
copying selected object files to avoid basename conflicts...
  CXXLD    libzimg.la
clang++: warning: argument unused during compilation: '-pthread' [-Wunused-command-line-argument]
make[1]: Leaving directory '/home/tay/builds/app-build-scripts-ubuntu26/zimg'
make[1]: Entering directory '/home/tay/builds/app-build-scripts-ubuntu26/zimg'
make[2]: Entering directory '/home/tay/builds/app-build-scripts-ubuntu26/zimg'
 /usr/bin/mkdir -p '/usr/local/lib'
 /bin/bash ./libtool   --mode=install /usr/bin/install -c   libzimg.la '/usr/local/lib'
libtool: install: /usr/bin/install -c .libs/libzimg.so.2.0.0 /usr/local/lib/libzimg.so.2.0.0
libtool: install: (cd /usr/local/lib && { ln -s -f libzimg.so.2.0.0 libzimg.so.2 || { rm -f libzimg.so.2 && ln -s libzimg.so.2.0.0 libzimg.so.2; }; })
libtool: install: (cd /usr/local/lib && { ln -s -f libzimg.so.2.0.0 libzimg.so || { rm -f libzimg.so && ln -s libzimg.so.2.0.0 libzimg.so; }; })
libtool: install: /usr/bin/install -c .libs/libzimg.lai /usr/local/lib/libzimg.la
libtool: install: /usr/bin/install -c .libs/libzimg.a /usr/local/lib/libzimg.a
libtool: install: chmod 644 /usr/local/lib/libzimg.a
libtool: install: llvm-ranlib /usr/local/lib/libzimg.a
libtool: finish: PATH="/usr/local/sbin:/usr/local/bin:/usr/sbin:/usr/bin:/sbin:/bin:/snap/bin:/sbin" ldconfig -n /usr/local/lib
----------------------------------------------------------------------
Libraries have been installed in:
   /usr/local/lib

If you ever happen to want to link against installed libraries
in a given directory, LIBDIR, you must either use libtool, and
specify the full pathname of the library, or use the '-LLIBDIR'
flag during linking and do at least one of the following:
   - add LIBDIR to the 'LD_LIBRARY_PATH' environment variable
     during execution
   - add LIBDIR to the 'LD_RUN_PATH' environment variable
     during linking
   - use the '-Wl,-rpath -Wl,LIBDIR' linker flag
   - have your system administrator add LIBDIR to '/etc/ld.so.conf'

See any operating system documentation about shared libraries for
more information, such as the ld(1) and ld.so(8) manual pages.
----------------------------------------------------------------------
 /usr/bin/mkdir -p '/usr/local/share/doc/zimg'
 /usr/bin/install -c -m 644 ChangeLog COPYING README.md '/usr/local/share/doc/zimg'
 /usr/bin/mkdir -p '/usr/local/share/doc/zimg/example'
 /usr/bin/install -c -m 644 doc/example/api_example.cpp doc/example/api_example_c.c doc/example/hdr_example.cpp doc/example/interlace_example.cpp doc/example/tile_example.cpp doc/example/Makefile '/usr/local/share/doc/zimg/example'
 /usr/bin/mkdir -p '/usr/local/share/doc/zimg/example/misc'
 /usr/bin/install -c -m 644 src/testcommon/aligned_malloc.h src/testcommon/argparse.cpp src/testcommon/argparse.h src/testcommon/mmap.cpp src/testcommon/mmap.h src/testcommon/win32_bitmap.cpp src/testcommon/win32_bitmap.h '/usr/local/share/doc/zimg/example/misc'
 /usr/bin/mkdir -p '/usr/local/include'
 /usr/bin/install -c -m 644 src/zimg/api/zimg.h src/zimg/api/zimg++.hpp '/usr/local/include'
 /usr/bin/mkdir -p '/usr/local/lib/pkgconfig'
 /usr/bin/install -c -m 644 zimg.pc '/usr/local/lib/pkgconfig'
make[2]: Leaving directory '/home/tay/builds/app-build-scripts-ubuntu26/zimg'
make[1]: Leaving directory '/home/tay/builds/app-build-scripts-ubuntu26/zimg'

======================================
 Building and Installing VapourSynth
======================================
Cloning into 'vapoursynth'...
Already on 'master'
Your branch is up to date with 'origin/master'.
From https://github.com/vapoursynth/vapoursynth
 * branch              master     -> FETCH_HEAD
Already up to date.
+ cd ffmpeg
+ git remote set-url origin https://github.com/FFmpeg/FFmpeg.git
+ git fetch
+ git submodule update --init
+ do_clone libass https://github.com/libass/libass.git
+ set -ex
+ test -e libass
+ git clone https://github.com/libass/libass.git libass
Cloning into 'libass'...
+ cd libass
+ git remote set-url origin https://github.com/libass/libass.git
+ git fetch
+ git submodule update --init
+ do_clone libplacebo https://github.com/haasn/libplacebo.git
+ set -ex
+ test -e libplacebo
+ git clone https://github.com/haasn/libplacebo.git libplacebo
Cloning into 'libplacebo'...
The Meson build system
Version: 1.12.0
Source dir: /home/tay/builds/app-build-scripts-ubuntu26/vapoursynth
Build dir: /home/tay/builds/app-build-scripts-ubuntu26/vapoursynth/build
Build type: native build
Project name: VapourSynth
Project version: 79
C compiler for the host machine: clang (clang 21.1.8 "Ubuntu clang version 21.1.8 (6ubuntu1)")
C linker for the host machine: clang ld.lld 21.1.8
C++ compiler for the host machine: clang++ (clang 21.1.8 "Ubuntu clang version 21.1.8 (6ubuntu1)")
C++ linker for the host machine: clang++ ld.lld 21.1.8
Cython compiler for the host machine: cython (cython 3.2.9)
Host machine cpu family: x86_64
Host machine cpu: x86_64
Run-time dependency dl found: YES
Program python3 found: YES (/opt/vapoursynth-venv/bin/python)
Found pkg-config: YES (/usr/bin/pkg-config) 2.5.1
Run-time dependency python found: YES 3.14
Compiler for C++ supports arguments -D_CRT_SECURE_NO_WARNINGS: YES 
Compiler for C++ supports arguments -DNOMINMAX: YES 
Compiler for C++ supports arguments -DVS_CURRENT_RELEASE=79: YES 
Compiler for C++ supports arguments -DVS_GRAPH_API: YES 
Compiler for C++ supports arguments -DVS_USE_LATEST_API: YES 
Compiler for C++ supports arguments -DVSSCRIPT_USE_LATEST_API: YES 
Compiler for C++ supports arguments -Wno-ignored-attributes: YES 
Checking if "sched_getaffinity" links: YES 
Checking if "cpuset_getaffinity" links: NO 
Run-time dependency threads found: YES
Run-time dependency zimg found: YES 3.0.6
Configuring vapoursynth.pc using configuration
Build targets in project: 13

Found ninja-1.13.0.git.kitware.jobserver-pipe-1 at /opt/vapoursynth-venv/bin/ninja
Generating targets:   0%|          | 0/13 eta ?                                               Writing build.ninja:   0%|          | 0/167 eta ?                                                 ninja: Entering directory `/home/tay/builds/app-build-scripts-ubuntu26/vapoursynth/build'
[1/134] Compiling C++ object libvapoursynth.so.4.p/src_core_internalfilters.cpp.o
[2/134] Compiling C++ object libvapoursynth.so.4.p/src_core_cpufeatures.cpp.o
[3/134] Compiling C++ object libvapoursynth.so.4.p/src_core_vslog.cpp.o
+ cd libplacebo
+ git remote set-url origin https://github.com/haasn/libplacebo.git
+ git fetch
[4/134] Compiling C++ object libvapoursynth.so.4.p/src_core_textfilter.cpp.o
[5/134] Compiling C++ object libvapoursynth.so.4.p/src_core_memoryuse.cpp.o
+ git submodule update --init
Submodule '3rdparty/Vulkan-Headers' (https://github.com/KhronosGroup/Vulkan-Headers) registered for path '3rdparty/Vulkan-Headers'
Submodule '3rdparty/fast_float' (https://github.com/fastfloat/fast_float.git) registered for path '3rdparty/fast_float'
Submodule '3rdparty/glad' (https://github.com/Dav1dde/glad) registered for path '3rdparty/glad'
Submodule '3rdparty/jinja' (https://github.com/pallets/jinja) registered for path '3rdparty/jinja'
Submodule '3rdparty/markupsafe' (https://github.com/pallets/markupsafe) registered for path '3rdparty/markupsafe'
Submodule 'demos/3rdparty/nuklear' (https://github.com/Immediate-Mode-UI/Nuklear.git) registered for path 'demos/3rdparty/nuklear'
Cloning into '/home/tay/builds/app-build-scripts-ubuntu26/mpv-build/libplacebo/3rdparty/Vulkan-Headers'...
[6/134] Compiling C++ object libvapoursynth.so.4.p/src_core_kernel_cpulevel.cpp.o
[7/134] Compiling C++ object libvsfilters_avx2_baseline.a.p/src_core_kernel_x86_merge_avx2.cpp.o
[8/134] Compiling C++ object libvapoursynth.so.4.p/src_core_vsresize.cpp.o
[9/134] Compiling Cython source /home/tay/builds/app-build-scripts-ubuntu26/vapoursynth/src/cython/vapoursynth.pyx
[10/134] Compiling C++ object libvsfilters_avx2_baseline.a.p/src_core_kernel_x86_planestats_avx2.cpp.o
../src/core/kernel/x86/planestats_avx2.cpp:110:37: warning: implicit conversion from 'int' to 'char' changes value from 255 to -1 [-Wconstant-conversion]
  110 |     __m256i mmin = _mm256_set1_epi8(UINT8_MAX);
      |                    ~~~~~~~~~~~~~~~~ ^~~~~~~~~
/usr/include/stdint.h:122:22: note: expanded from macro 'UINT8_MAX'
  122 | # define UINT8_MAX              (255)
      |                                  ^~~
../src/core/kernel/x86/planestats_avx2.cpp:114:67: warning: implicit conversion from 'int' to 'char' changes value from 255 to -1 [-Wconstant-conversion]
  114 |     __m256i onesmask = _mm256_andnot_si256(mask, _mm256_set1_epi8(UINT8_MAX));
      |                                                  ~~~~~~~~~~~~~~~~ ^~~~~~~~~
/usr/include/stdint.h:122:22: note: expanded from macro 'UINT8_MAX'
  122 | # define UINT8_MAX              (255)
      |                                  ^~~
../src/core/kernel/x86/planestats_avx2.cpp:143:38: warning: implicit conversion from 'int' to 'short' changes value from 65535 to -1 [-Wconstant-conversion]
  143 |     __m256i mmin = _mm256_set1_epi16(UINT16_MAX);
      |                    ~~~~~~~~~~~~~~~~~ ^~~~~~~~~~
/usr/include/stdint.h:123:23: note: expanded from macro 'UINT16_MAX'
  123 | # define UINT16_MAX             (65535)
      |                                  ^~~~~
../src/core/kernel/x86/planestats_avx2.cpp:149:68: warning: implicit conversion from 'int' to 'short' changes value from 65535 to -1 [-Wconstant-conversion]
  149 |     __m256i onesmask = _mm256_andnot_si256(mask, _mm256_set1_epi16(UINT16_MAX));
      |                                                  ~~~~~~~~~~~~~~~~~ ^~~~~~~~~~
/usr/include/stdint.h:123:23: note: expanded from macro 'UINT16_MAX'
  123 | # define UINT16_MAX             (65535)
      |                                  ^~~~~
../src/core/kernel/x86/planestats_avx2.cpp:273:37: warning: implicit conversion from 'int' to 'char' changes value from 255 to -1 [-Wconstant-conversion]
  273 |     __m256i mmin = _mm256_set1_epi8(UINT8_MAX);
      |                    ~~~~~~~~~~~~~~~~ ^~~~~~~~~
/usr/include/stdint.h:122:22: note: expanded from macro 'UINT8_MAX'
  122 | # define UINT8_MAX              (255)
      |                                  ^~~
../src/core/kernel/x86/planestats_avx2.cpp:278:67: warning: implicit conversion from 'int' to 'char' changes value from 255 to -1 [-Wconstant-conversion]
  278 |     __m256i onesmask = _mm256_andnot_si256(mask, _mm256_set1_epi8(UINT8_MAX));
      |                                                  ~~~~~~~~~~~~~~~~ ^~~~~~~~~
/usr/include/stdint.h:122:22: note: expanded from macro 'UINT8_MAX'
  122 | # define UINT8_MAX              (255)
      |                                  ^~~
../src/core/kernel/x86/planestats_avx2.cpp:314:38: warning: implicit conversion from 'int' to 'short' changes value from 65535 to -1 [-Wconstant-conversion]
  314 |     __m256i mmin = _mm256_set1_epi16(UINT16_MAX);
      |                    ~~~~~~~~~~~~~~~~~ ^~~~~~~~~~
/usr/include/stdint.h:123:23: note: expanded from macro 'UINT16_MAX'
  123 | # define UINT16_MAX             (65535)
      |                                  ^~~~~
../src/core/kernel/x86/planestats_avx2.cpp:321:68: warning: implicit conversion from 'int' to 'short' changes value from 65535 to -1 [-Wconstant-conversion]
  321 |     __m256i onesmask = _mm256_andnot_si256(mask, _mm256_set1_epi16(UINT16_MAX));
      |                                                  ~~~~~~~~~~~~~~~~~ ^~~~~~~~~~
/usr/include/stdint.h:123:23: note: expanded from macro 'UINT16_MAX'
  123 | # define UINT16_MAX             (65535)
      |                                  ^~~~~
8 warnings generated.
[11/134] Compiling C++ object libvsscript.so.p/src_vsscript_vsscript.cpp.o
In file included from ../src/vsscript/vsscript.cpp:24:
In file included from ../include/cython/vapoursynth_api.h:12:
In file included from /home/tay/.local/share/mise/installs/python/3.14.7/lib/pkgconfig/../../include/python3.14/Python.h:14:
/home/tay/.local/share/mise/installs/python/3.14.7/lib/pkgconfig/../../include/python3.14/pyconfig.h:2031:9: warning: '_POSIX_C_SOURCE' macro redefined [-Wmacro-redefined]
 2031 | #define _POSIX_C_SOURCE 200809L
      |         ^
/usr/include/features.h:319:10: note: previous definition is here
  319 | # define _POSIX_C_SOURCE        202405L
      |          ^
In file included from ../src/vsscript/vsscript.cpp:24:
In file included from ../include/cython/vapoursynth_api.h:12:
In file included from /home/tay/.local/share/mise/installs/python/3.14.7/lib/pkgconfig/../../include/python3.14/Python.h:14:
/home/tay/.local/share/mise/installs/python/3.14.7/lib/pkgconfig/../../include/python3.14/pyconfig.h:2070:9: warning: '_XOPEN_SOURCE' macro redefined [-Wmacro-redefined]
 2070 | #define _XOPEN_SOURCE 700
      |         ^
/usr/include/features.h:234:10: note: previous definition is here
  234 | # define _XOPEN_SOURCE  800
      |          ^
In file included from ../src/vsscript/vsscript.cpp:24:
../include/cython/vapoursynth_api.h:26:17: warning: 'Py_SetProgramName' is deprecated [-Wdeprecated-declarations]
   26 | static decltype(Py_SetProgramName) *p_Py_SetProgramName = nullptr;
      |                 ^
/home/tay/.local/share/mise/installs/python/3.14.7/lib/pkgconfig/../../include/python3.14/pylifecycle.h:37:1: note: 'Py_SetProgramName' has been explicitly marked deprecated here
   37 | Py_DEPRECATED(3.11) PyAPI_FUNC(void) Py_SetProgramName(const wchar_t *);
      | ^
/home/tay/.local/share/mise/installs/python/3.14.7/lib/pkgconfig/../../include/python3.14/pyport.h:281:54: note: expanded from macro 'Py_DEPRECATED'
  281 | #define Py_DEPRECATED(VERSION_UNUSED) __attribute__((__deprecated__))
      |                                                      ^
../src/vsscript/vsscript.cpp:155:35: warning: 'u8path<std::basic_string<char>, std::filesystem::path, char>' is deprecated: use 'path((const char8_t*)&*source)' instead [-Wdeprecated-declarations]
  155 |             stat(std::filesystem::u8path(s2.first).c_str(), &buffer);
      |                                   ^
/usr/lib/gcc/x86_64-linux-gnu/16/../../../../include/c++/16/bits/fs_path.h:845:5: note: 'u8path<std::basic_string<char>, std::filesystem::path, char>' has been explicitly marked deprecated here
  845 |     _GLIBCXX20_DEPRECATED_SUGGEST("path((const char8_t*)&*source)")
      |     ^
/usr/lib/gcc/x86_64-linux-gnu/16/../../../../include/x86_64-linux-gnu/c++/16/bits/c++config.h:144:45: note: expanded from macro '_GLIBCXX20_DEPRECATED_SUGGEST'
  144 | # define _GLIBCXX20_DEPRECATED_SUGGEST(ALT) _GLIBCXX_DEPRECATED_SUGGEST(ALT)
      |                                             ^
/usr/lib/gcc/x86_64-linux-gnu/16/../../../../include/x86_64-linux-gnu/c++/16/bits/c++config.h:112:19: note: expanded from macro '_GLIBCXX_DEPRECATED_SUGGEST'
  112 |   __attribute__ ((__deprecated__ ("use '" ALT "' instead")))
      |                   ^
../src/vsscript/vsscript.cpp:159:43: warning: 'u8path<std::basic_string<char>, std::filesystem::path, char>' is deprecated: use 'path((const char8_t*)&*source)' instead [-Wdeprecated-declarations]
  159 |                 return { std::filesystem::u8path(s2.first), std::filesystem::u8path(s3.first) };
      |                                           ^
/usr/lib/gcc/x86_64-linux-gnu/16/../../../../include/c++/16/bits/fs_path.h:845:5: note: 'u8path<std::basic_string<char>, std::filesystem::path, char>' has been explicitly marked deprecated here
  845 |     _GLIBCXX20_DEPRECATED_SUGGEST("path((const char8_t*)&*source)")
      |     ^
/usr/lib/gcc/x86_64-linux-gnu/16/../../../../include/x86_64-linux-gnu/c++/16/bits/c++config.h:144:45: note: expanded from macro '_GLIBCXX20_DEPRECATED_SUGGEST'
  144 | # define _GLIBCXX20_DEPRECATED_SUGGEST(ALT) _GLIBCXX_DEPRECATED_SUGGEST(ALT)
      |                                             ^
/usr/lib/gcc/x86_64-linux-gnu/16/../../../../include/x86_64-linux-gnu/c++/16/bits/c++config.h:112:19: note: expanded from macro '_GLIBCXX_DEPRECATED_SUGGEST'
  112 |   __attribute__ ((__deprecated__ ("use '" ALT "' instead")))
      |                   ^
../src/vsscript/vsscript.cpp:159:78: warning: 'u8path<std::basic_string<char>, std::filesystem::path, char>' is deprecated: use 'path((const char8_t*)&*source)' instead [-Wdeprecated-declarations]
  159 |                 return { std::filesystem::u8path(s2.first), std::filesystem::u8path(s3.first) };
      |                                                                              ^
/usr/lib/gcc/x86_64-linux-gnu/16/../../../../include/c++/16/bits/fs_path.h:845:5: note: 'u8path<std::basic_string<char>, std::filesystem::path, char>' has been explicitly marked deprecated here
  845 |     _GLIBCXX20_DEPRECATED_SUGGEST("path((const char8_t*)&*source)")
      |     ^
/usr/lib/gcc/x86_64-linux-gnu/16/../../../../include/x86_64-linux-gnu/c++/16/bits/c++config.h:144:45: note: expanded from macro '_GLIBCXX20_DEPRECATED_SUGGEST'
  144 | # define _GLIBCXX20_DEPRECATED_SUGGEST(ALT) _GLIBCXX_DEPRECATED_SUGGEST(ALT)
      |                                             ^
/usr/lib/gcc/x86_64-linux-gnu/16/../../../../include/x86_64-linux-gnu/c++/16/bits/c++config.h:112:19: note: expanded from macro '_GLIBCXX_DEPRECATED_SUGGEST'
  112 |   __attribute__ ((__deprecated__ ("use '" ALT "' instead")))
      |                   ^
../src/vsscript/vsscript.cpp:206:53: warning: 'Py_SetProgramName' is deprecated [-Wdeprecated-declarations]
  206 |     p_Py_SetProgramName = reinterpret_cast<decltype(Py_SetProgramName) *>(GET_FUNCTION_ADDRESS(libraryHandle, "Py_SetProgramName"));
      |                                                     ^
/home/tay/.local/share/mise/installs/python/3.14.7/lib/pkgconfig/../../include/python3.14/pylifecycle.h:37:1: note: 'Py_SetProgramName' has been explicitly marked deprecated here
   37 | Py_DEPRECATED(3.11) PyAPI_FUNC(void) Py_SetProgramName(const wchar_t *);
      | ^
/home/tay/.local/share/mise/installs/python/3.14.7/lib/pkgconfig/../../include/python3.14/pyport.h:281:54: note: expanded from macro 'Py_DEPRECATED'
  281 | #define Py_DEPRECATED(VERSION_UNUSED) __attribute__((__deprecated__))
      |                                                      ^
7 warnings generated.
[12/134] Compiling C++ object libvsfilters_avx512_baseline.a.p/src_core_kernel_x86_lut_avx512.cpp.o
[13/134] Linking target libvsscript.so
[14/134] Compiling C++ object libvapoursynth.so.4.p/src_core_vsthreadpool.cpp.o
[15/134] Compiling C++ object libvsfilters_avx512_baseline.a.p/src_core_kernel_x86_merge_avx512.cpp.o
[16/134] Compiling C++ object libvsfilters_avx2_avx2.a.p/src_core_kernel_x86_merge_avx2.cpp.o
[17/134] Compiling C++ object libvsfilters_avx2_avx2.a.p/src_core_kernel_x86_planestats_avx2.cpp.o
../src/core/kernel/x86/planestats_avx2.cpp:110:37: warning: implicit conversion from 'int' to 'char' changes value from 255 to -1 [-Wconstant-conversion]
  110 |     __m256i mmin = _mm256_set1_epi8(UINT8_MAX);
      |                    ~~~~~~~~~~~~~~~~ ^~~~~~~~~
/usr/include/stdint.h:122:22: note: expanded from macro 'UINT8_MAX'
  122 | # define UINT8_MAX              (255)
      |                                  ^~~
../src/core/kernel/x86/planestats_avx2.cpp:114:67: warning: implicit conversion from 'int' to 'char' changes value from 255 to -1 [-Wconstant-conversion]
  114 |     __m256i onesmask = _mm256_andnot_si256(mask, _mm256_set1_epi8(UINT8_MAX));
      |                                                  ~~~~~~~~~~~~~~~~ ^~~~~~~~~
/usr/include/stdint.h:122:22: note: expanded from macro 'UINT8_MAX'
  122 | # define UINT8_MAX              (255)
      |                                  ^~~
../src/core/kernel/x86/planestats_avx2.cpp:143:38: warning: implicit conversion from 'int' to 'short' changes value from 65535 to -1 [-Wconstant-conversion]
  143 |     __m256i mmin = _mm256_set1_epi16(UINT16_MAX);
      |                    ~~~~~~~~~~~~~~~~~ ^~~~~~~~~~
/usr/include/stdint.h:123:23: note: expanded from macro 'UINT16_MAX'
  123 | # define UINT16_MAX             (65535)
      |                                  ^~~~~
../src/core/kernel/x86/planestats_avx2.cpp:149:68: warning: implicit conversion from 'int' to 'short' changes value from 65535 to -1 [-Wconstant-conversion]
  149 |     __m256i onesmask = _mm256_andnot_si256(mask, _mm256_set1_epi16(UINT16_MAX));
      |                                                  ~~~~~~~~~~~~~~~~~ ^~~~~~~~~~
/usr/include/stdint.h:123:23: note: expanded from macro 'UINT16_MAX'
  123 | # define UINT16_MAX             (65535)
      |                                  ^~~~~
../src/core/kernel/x86/planestats_avx2.cpp:273:37: warning: implicit conversion from 'int' to 'char' changes value from 255 to -1 [-Wconstant-conversion]
  273 |     __m256i mmin = _mm256_set1_epi8(UINT8_MAX);
      |                    ~~~~~~~~~~~~~~~~ ^~~~~~~~~
/usr/include/stdint.h:122:22: note: expanded from macro 'UINT8_MAX'
  122 | # define UINT8_MAX              (255)
      |                                  ^~~
../src/core/kernel/x86/planestats_avx2.cpp:278:67: warning: implicit conversion from 'int' to 'char' changes value from 255 to -1 [-Wconstant-conversion]
  278 |     __m256i onesmask = _mm256_andnot_si256(mask, _mm256_set1_epi8(UINT8_MAX));
      |                                                  ~~~~~~~~~~~~~~~~ ^~~~~~~~~
/usr/include/stdint.h:122:22: note: expanded from macro 'UINT8_MAX'
  122 | # define UINT8_MAX              (255)
      |                                  ^~~
../src/core/kernel/x86/planestats_avx2.cpp:314:38: warning: implicit conversion from 'int' to 'short' changes value from 65535 to -1 [-Wconstant-conversion]
  314 |     __m256i mmin = _mm256_set1_epi16(UINT16_MAX);
      |                    ~~~~~~~~~~~~~~~~~ ^~~~~~~~~~
/usr/include/stdint.h:123:23: note: expanded from macro 'UINT16_MAX'
  123 | # define UINT16_MAX             (65535)
      |                                  ^~~~~
../src/core/kernel/x86/planestats_avx2.cpp:321:68: warning: implicit conversion from 'int' to 'short' changes value from 65535 to -1 [-Wconstant-conversion]
  321 |     __m256i onesmask = _mm256_andnot_si256(mask, _mm256_set1_epi16(UINT16_MAX));
      |                                                  ~~~~~~~~~~~~~~~~~ ^~~~~~~~~~
/usr/include/stdint.h:123:23: note: expanded from macro 'UINT16_MAX'
  123 | # define UINT16_MAX             (65535)
      |                                  ^~~~~
8 warnings generated.
[18/134] Compiling C++ object libvsfilters_avx2_baseline.a.p/src_core_kernel_x86_generic_avx2.cpp.o
[19/134] Compiling C++ object libvsfilters_avx2_baseline.a.p/src_core_kernel_x86_convolution_avx2.cpp.o
[20/134] Compiling C++ object libvsfilters_avx512_baseline.a.p/src_core_kernel_x86_generic_avx512.cpp.o
[21/134] Compiling C++ object libvsfilters_avx512_avx2.a.p/src_core_kernel_x86_merge_avx512.cpp.o
[22/134] Compiling C++ object libvsfilters_avx512_avx2.a.p/src_core_kernel_x86_lut_avx512.cpp.o
[23/134] Compiling C++ object libvsfilters_avx512_avx2.a.p/src_core_kernel_x86_generic_avx512.cpp.o
[24/134] Compiling C++ object libvapoursynth.so.4.p/src_core_vsapi.cpp.o
[25/134] Compiling C++ object libvsfilters_avx2_znver4.a.p/src_core_kernel_x86_merge_avx2.cpp.o
[26/134] Compiling C++ object libvsfilters_avx2_avx2.a.p/src_core_kernel_x86_generic_avx2.cpp.o
[27/134] Compiling C++ object libvsfilters_avx512_baseline.a.p/src_core_kernel_x86_convolution_avx512.cpp.o
[28/134] Compiling C++ object libvsfilters_avx2_znver4.a.p/src_core_kernel_x86_planestats_avx2.cpp.o
../src/core/kernel/x86/planestats_avx2.cpp:110:37: warning: implicit conversion from 'int' to 'char' changes value from 255 to -1 [-Wconstant-conversion]
  110 |     __m256i mmin = _mm256_set1_epi8(UINT8_MAX);
      |                    ~~~~~~~~~~~~~~~~ ^~~~~~~~~
/usr/include/stdint.h:122:22: note: expanded from macro 'UINT8_MAX'
  122 | # define UINT8_MAX              (255)
      |                                  ^~~
../src/core/kernel/x86/planestats_avx2.cpp:114:67: warning: implicit conversion from 'int' to 'char' changes value from 255 to -1 [-Wconstant-conversion]
  114 |     __m256i onesmask = _mm256_andnot_si256(mask, _mm256_set1_epi8(UINT8_MAX));
      |                                                  ~~~~~~~~~~~~~~~~ ^~~~~~~~~
/usr/include/stdint.h:122:22: note: expanded from macro 'UINT8_MAX'
  122 | # define UINT8_MAX              (255)
      |                                  ^~~
../src/core/kernel/x86/planestats_avx2.cpp:143:38: warning: implicit conversion from 'int' to 'short' changes value from 65535 to -1 [-Wconstant-conversion]
  143 |     __m256i mmin = _mm256_set1_epi16(UINT16_MAX);
      |                    ~~~~~~~~~~~~~~~~~ ^~~~~~~~~~
/usr/include/stdint.h:123:23: note: expanded from macro 'UINT16_MAX'
  123 | # define UINT16_MAX             (65535)
      |                                  ^~~~~
../src/core/kernel/x86/planestats_avx2.cpp:149:68: warning: implicit conversion from 'int' to 'short' changes value from 65535 to -1 [-Wconstant-conversion]
  149 |     __m256i onesmask = _mm256_andnot_si256(mask, _mm256_set1_epi16(UINT16_MAX));
      |                                                  ~~~~~~~~~~~~~~~~~ ^~~~~~~~~~
/usr/include/stdint.h:123:23: note: expanded from macro 'UINT16_MAX'
  123 | # define UINT16_MAX             (65535)
      |                                  ^~~~~
../src/core/kernel/x86/planestats_avx2.cpp:273:37: warning: implicit conversion from 'int' to 'char' changes value from 255 to -1 [-Wconstant-conversion]
  273 |     __m256i mmin = _mm256_set1_epi8(UINT8_MAX);
      |                    ~~~~~~~~~~~~~~~~ ^~~~~~~~~
/usr/include/stdint.h:122:22: note: expanded from macro 'UINT8_MAX'
  122 | # define UINT8_MAX              (255)
      |                                  ^~~
../src/core/kernel/x86/planestats_avx2.cpp:278:67: warning: implicit conversion from 'int' to 'char' changes value from 255 to -1 [-Wconstant-conversion]
  278 |     __m256i onesmask = _mm256_andnot_si256(mask, _mm256_set1_epi8(UINT8_MAX));
      |                                                  ~~~~~~~~~~~~~~~~ ^~~~~~~~~
/usr/include/stdint.h:122:22: note: expanded from macro 'UINT8_MAX'
  122 | # define UINT8_MAX              (255)
      |                                  ^~~
../src/core/kernel/x86/planestats_avx2.cpp:314:38: warning: implicit conversion from 'int' to 'short' changes value from 65535 to -1 [-Wconstant-conversion]
  314 |     __m256i mmin = _mm256_set1_epi16(UINT16_MAX);
      |                    ~~~~~~~~~~~~~~~~~ ^~~~~~~~~~
/usr/include/stdint.h:123:23: note: expanded from macro 'UINT16_MAX'
  123 | # define UINT16_MAX             (65535)
      |                                  ^~~~~
../src/core/kernel/x86/planestats_avx2.cpp:321:68: warning: implicit conversion from 'int' to 'short' changes value from 65535 to -1 [-Wconstant-conversion]
  321 |     __m256i onesmask = _mm256_andnot_si256(mask, _mm256_set1_epi16(UINT16_MAX));
      |                                                  ~~~~~~~~~~~~~~~~~ ^~~~~~~~~~
/usr/include/stdint.h:123:23: note: expanded from macro 'UINT16_MAX'
  123 | # define UINT16_MAX             (65535)
      |                                  ^~~~~
8 warnings generated.
[29/134] Compiling C++ object libvsfilters_avx512_znver4.a.p/src_core_kernel_x86_merge_avx512.cpp.o
[30/134] Compiling C++ object libvsfilters_avx512_znver4.a.p/src_core_kernel_x86_lut_avx512.cpp.o
[31/134] Compiling C++ object libvsfilters_avx512_avx2.a.p/src_core_kernel_x86_convolution_avx512.cpp.o
[32/134] Compiling C++ object libvapoursynth.so.4.p/src_core_vscore.cpp.o
../src/core/vscore.cpp:66:73: warning: 'u8path<char[4], std::filesystem::path, char>' is deprecated: use 'path((const char8_t*)&*source)' instead [-Wdeprecated-declarations]
   66 | const std::filesystem::path VSCore::libraryExtension = std::filesystem::u8path(".so");
      |                                                                         ^
/usr/lib/gcc/x86_64-linux-gnu/16/../../../../include/c++/16/bits/fs_path.h:845:5: note: 'u8path<char[4], std::filesystem::path, char>' has been explicitly marked deprecated here
  845 |     _GLIBCXX20_DEPRECATED_SUGGEST("path((const char8_t*)&*source)")
      |     ^
/usr/lib/gcc/x86_64-linux-gnu/16/../../../../include/x86_64-linux-gnu/c++/16/bits/c++config.h:144:45: note: expanded from macro '_GLIBCXX20_DEPRECATED_SUGGEST'
  144 | # define _GLIBCXX20_DEPRECATED_SUGGEST(ALT) _GLIBCXX_DEPRECATED_SUGGEST(ALT)
      |                                             ^
/usr/lib/gcc/x86_64-linux-gnu/16/../../../../include/x86_64-linux-gnu/c++/16/bits/c++config.h:112:19: note: expanded from macro '_GLIBCXX_DEPRECATED_SUGGEST'
  112 |   __attribute__ ((__deprecated__ ("use '" ALT "' instead")))
      |                   ^
../src/core/vscore.cpp:1772:43: warning: 'u8path<const char *, std::filesystem::path, char>' is deprecated: use 'path((const char8_t*)&*source)' instead [-Wdeprecated-declarations]
 1772 |         core->loadPlugin(std::filesystem::u8path(vsapi->mapGetData(in, "path", 0, nullptr)), true, forcens, forceid, altSearchPath);
      |                                           ^
/usr/lib/gcc/x86_64-linux-gnu/16/../../../../include/c++/16/bits/fs_path.h:845:5: note: 'u8path<const char *, std::filesystem::path, char>' has been explicitly marked deprecated here
  845 |     _GLIBCXX20_DEPRECATED_SUGGEST("path((const char8_t*)&*source)")
      |     ^
/usr/lib/gcc/x86_64-linux-gnu/16/../../../../include/x86_64-linux-gnu/c++/16/bits/c++config.h:144:45: note: expanded from macro '_GLIBCXX20_DEPRECATED_SUGGEST'
  144 | # define _GLIBCXX20_DEPRECATED_SUGGEST(ALT) _GLIBCXX_DEPRECATED_SUGGEST(ALT)
      |                                             ^
/usr/lib/gcc/x86_64-linux-gnu/16/../../../../include/x86_64-linux-gnu/c++/16/bits/c++config.h:112:19: note: expanded from macro '_GLIBCXX_DEPRECATED_SUGGEST'
  112 |   __attribute__ ((__deprecated__ ("use '" ALT "' instead")))
      |                   ^
../src/core/vscore.cpp:1780:53: warning: 'u8path<const char *, std::filesystem::path, char>' is deprecated: use 'path((const char8_t*)&*source)' instead [-Wdeprecated-declarations]
 1780 |         core->loadAllPluginsInPath(std::filesystem::u8path(vsapi->mapGetData(in, "path", 0, nullptr)));
      |                                                     ^
/usr/lib/gcc/x86_64-linux-gnu/16/../../../../include/c++/16/bits/fs_path.h:845:5: note: 'u8path<const char *, std::filesystem::path, char>' has been explicitly marked deprecated here
  845 |     _GLIBCXX20_DEPRECATED_SUGGEST("path((const char8_t*)&*source)")
      |     ^
/usr/lib/gcc/x86_64-linux-gnu/16/../../../../include/x86_64-linux-gnu/c++/16/bits/c++config.h:144:45: note: expanded from macro '_GLIBCXX20_DEPRECATED_SUGGEST'
  144 | # define _GLIBCXX20_DEPRECATED_SUGGEST(ALT) _GLIBCXX_DEPRECATED_SUGGEST(ALT)
      |                                             ^
/usr/lib/gcc/x86_64-linux-gnu/16/../../../../include/x86_64-linux-gnu/c++/16/bits/c++config.h:112:19: note: expanded from macro '_GLIBCXX_DEPRECATED_SUGGEST'
  112 |   __attribute__ ((__deprecated__ ("use '" ALT "' instead")))
      |                   ^
../src/core/vscore.cpp:1887:40: warning: 'u8path<std::basic_string<char>, std::filesystem::path, char>' is deprecated: use 'path((const char8_t*)&*source)' instead [-Wdeprecated-declarations]
 1887 |         pluginPath /= std::filesystem::u8path(lines[i]);
      |                                        ^
/usr/lib/gcc/x86_64-linux-gnu/16/../../../../include/c++/16/bits/fs_path.h:845:5: note: 'u8path<std::basic_string<char>, std::filesystem::path, char>' has been explicitly marked deprecated here
  845 |     _GLIBCXX20_DEPRECATED_SUGGEST("path((const char8_t*)&*source)")
      |     ^
/usr/lib/gcc/x86_64-linux-gnu/16/../../../../include/x86_64-linux-gnu/c++/16/bits/c++config.h:144:45: note: expanded from macro '_GLIBCXX20_DEPRECATED_SUGGEST'
  144 | # define _GLIBCXX20_DEPRECATED_SUGGEST(ALT) _GLIBCXX_DEPRECATED_SUGGEST(ALT)
      |                                             ^
/usr/lib/gcc/x86_64-linux-gnu/16/../../../../include/x86_64-linux-gnu/c++/16/bits/c++config.h:112:19: note: expanded from macro '_GLIBCXX_DEPRECATED_SUGGEST'
  112 |   __attribute__ ((__deprecated__ ("use '" ALT "' instead")))
      |                   ^
../src/core/vscore.cpp:2252:49: warning: 'u8path<std::basic_string<char>, std::filesystem::path, char>' is deprecated: use 'path((const char8_t*)&*source)' instead [-Wdeprecated-declarations]
 2252 |                 newExtension = std::filesystem::u8path(separator + "zn4");
      |                                                 ^
/usr/lib/gcc/x86_64-linux-gnu/16/../../../../include/c++/16/bits/fs_path.h:845:5: note: 'u8path<std::basic_string<char>, std::filesystem::path, char>' has been explicitly marked deprecated here
  845 |     _GLIBCXX20_DEPRECATED_SUGGEST("path((const char8_t*)&*source)")
      |     ^
/usr/lib/gcc/x86_64-linux-gnu/16/../../../../include/x86_64-linux-gnu/c++/16/bits/c++config.h:144:45: note: expanded from macro '_GLIBCXX20_DEPRECATED_SUGGEST'
  144 | # define _GLIBCXX20_DEPRECATED_SUGGEST(ALT) _GLIBCXX_DEPRECATED_SUGGEST(ALT)
      |                                             ^
/usr/lib/gcc/x86_64-linux-gnu/16/../../../../include/x86_64-linux-gnu/c++/16/bits/c++config.h:112:19: note: expanded from macro '_GLIBCXX_DEPRECATED_SUGGEST'
  112 |   __attribute__ ((__deprecated__ ("use '" ALT "' instead")))
      |                   ^
../src/core/vscore.cpp:2254:49: warning: 'u8path<std::basic_string<char>, std::filesystem::path, char>' is deprecated: use 'path((const char8_t*)&*source)' instead [-Wdeprecated-declarations]
 2254 |                 newExtension = std::filesystem::u8path(separator + "avx512");
      |                                                 ^
/usr/lib/gcc/x86_64-linux-gnu/16/../../../../include/c++/16/bits/fs_path.h:845:5: note: 'u8path<std::basic_string<char>, std::filesystem::path, char>' has been explicitly marked deprecated here
  845 |     _GLIBCXX20_DEPRECATED_SUGGEST("path((const char8_t*)&*source)")
      |     ^
/usr/lib/gcc/x86_64-linux-gnu/16/../../../../include/x86_64-linux-gnu/c++/16/bits/c++config.h:144:45: note: expanded from macro '_GLIBCXX20_DEPRECATED_SUGGEST'
  144 | # define _GLIBCXX20_DEPRECATED_SUGGEST(ALT) _GLIBCXX_DEPRECATED_SUGGEST(ALT)
      |                                             ^
/usr/lib/gcc/x86_64-linux-gnu/16/../../../../include/x86_64-linux-gnu/c++/16/bits/c++config.h:112:19: note: expanded from macro '_GLIBCXX_DEPRECATED_SUGGEST'
  112 |   __attribute__ ((__deprecated__ ("use '" ALT "' instead")))
      |                   ^
../src/core/vscore.cpp:2256:49: warning: 'u8path<std::basic_string<char>, std::filesystem::path, char>' is deprecated: use 'path((const char8_t*)&*source)' instead [-Wdeprecated-declarations]
 2256 |                 newExtension = std::filesystem::u8path(separator + "avx2");
      |                                                 ^
/usr/lib/gcc/x86_64-linux-gnu/16/../../../../include/c++/16/bits/fs_path.h:845:5: note: 'u8path<std::basic_string<char>, std::filesystem::path, char>' has been explicitly marked deprecated here
  845 |     _GLIBCXX20_DEPRECATED_SUGGEST("path((const char8_t*)&*source)")
      |     ^
/usr/lib/gcc/x86_64-linux-gnu/16/../../../../include/x86_64-linux-gnu/c++/16/bits/c++config.h:144:45: note: expanded from macro '_GLIBCXX20_DEPRECATED_SUGGEST'
  144 | # define _GLIBCXX20_DEPRECATED_SUGGEST(ALT) _GLIBCXX_DEPRECATED_SUGGEST(ALT)
      |                                             ^
/usr/lib/gcc/x86_64-linux-gnu/16/../../../../include/x86_64-linux-gnu/c++/16/bits/c++config.h:112:19: note: expanded from macro '_GLIBCXX_DEPRECATED_SUGGEST'
  112 |   __attribute__ ((__deprecated__ ("use '" ALT "' instead")))
      |                   ^
7 warnings generated.
[33/134] Generating symbol file libvsscript.so.p/libvsscript.so.symbols
[34/134] Compiling C++ object libvsfilters_avx2_avx2.a.p/src_core_kernel_x86_convolution_avx2.cpp.o
[35/134] Compiling C++ object vapoursynth.abi3.so.p/src_common_wave.cpp.o
[36/134] Compiling C++ object vspipe.p/src_common_wave.cpp.o
[37/134] Compiling C++ object vspipe.p/src_vspipe_ebml.cpp.o
[38/134] Compiling C++ object vspipe.p/src_vspipe_vsjson.cpp.o
[39/134] Linking static target libvsfilters_avx2_baseline.a
[40/134] Linking static target libvsfilters_avx512_baseline.a
[41/134] Compiling C++ object vspipe.p/src_vspipe_matroska.cpp.o
[42/134] Compiling C++ object libvsfilters_avx2_znver4.a.p/src_core_kernel_x86_generic_avx2.cpp.o
[43/134] Compiling C++ object libvsfilters_avx512_znver4.a.p/src_core_kernel_x86_generic_avx512.cpp.o
[44/134] Compiling C++ object libvsfilters_avx512_znver4.a.p/src_core_kernel_x86_convolution_avx512.cpp.o
[45/134] Compiling C++ object libvapoursynthfilters.so.p/src_core_audiofilters.cpp.o
[46/134] Compiling C++ object libvapoursynthfilters.so.p/src_core_cpufeatures.cpp.o
[47/134] Compiling C++ object libvapoursynthfilters.so.p/src_core_coreplugins.cpp.o
[48/134] Compiling C++ object libvsfilters_avx2_znver4.a.p/src_core_kernel_x86_convolution_avx2.cpp.o
[49/134] Compiling C++ object vspipe.p/src_vspipe_printgraph.cpp.o
[50/134] Compiling C++ object libvapoursynthfilters.so.p/src_core_exprfilter.cpp.o
[51/134] Compiling C++ object libvapoursynthfilters.so.p/src_core_audioresampling.cpp.o
[52/134] Compiling C++ object libvapoursynthfilters.so.p/src_core_boxblurfilter.cpp.o
[53/134] Compiling C++ object libvapoursynthfilters.so.p/src_core_genericfilters.cpp.o
[54/134] Compiling C++ object libvapoursynthfilters.so.p/src_core_expr_jitcompiler.cpp.o
[55/134] Compiling C++ object libvapoursynthfilters.so.p/src_core_kernel_merge.cpp.o
[56/134] Compiling C++ object libvapoursynthfilters.so.p/src_core_expr_expr.cpp.o
[57/134] Compiling C++ object libvapoursynthfilters.so.p/src_core_kernel_transpose.cpp.o
[58/134] Compiling C++ object libvapoursynthfilters.so.p/src_core_kernel_cpulevel.cpp.o
[59/134] Compiling C++ object libvapoursynthfilters.so.p/src_core_kernel_planestats.cpp.o
[60/134] Compiling C++ object libvapoursynthfilters.so.p/src_core_lutfilters.cpp.o
[61/134] Compiling C++ object libvapoursynthfilters.so.p/src_core_reorderfilters.cpp.o
[62/134] Linking target libvapoursynth.so.4
[63/134] Generating symbol file libvapoursynth.so.4.p/libvapoursynth.so.4.symbols
[64/134] Compiling C++ object libvapoursynthfilters.so.p/src_core_kernel_x86_merge_sse2.cpp.o
[65/134] Compiling C++ object libvapoursynthfilters.so.p/src_core_kernel_x86_convolution_sse2.cpp.o
[66/134] Compiling C++ object libvapoursynthfilters.so.p/src_core_kernel_x86_transpose_sse2.cpp.o
[67/134] Linking static target libvsfilters_avx2_avx2.a
[68/134] Linking static target libvsfilters_avx512_avx2.a
[69/134] Compiling C++ object libvapoursynthfilters.so.p/src_core_kernel_x86_planestats_sse2.cpp.o
../src/core/kernel/x86/planestats_sse2.cpp:89:34: warning: implicit conversion from 'int' to 'char' changes value from 255 to -1 [-Wconstant-conversion]
   89 |     __m128i mmin = _mm_set1_epi8(UINT8_MAX);
      |                    ~~~~~~~~~~~~~ ^~~~~~~~~
/usr/include/stdint.h:122:22: note: expanded from macro 'UINT8_MAX'
  122 | # define UINT8_MAX              (255)
      |                                  ^~~
../src/core/kernel/x86/planestats_sse2.cpp:93:61: warning: implicit conversion from 'int' to 'char' changes value from 255 to -1 [-Wconstant-conversion]
   93 |     __m128i onesmask = _mm_andnot_si128(mask, _mm_set1_epi8(UINT8_MAX));
      |                                               ~~~~~~~~~~~~~ ^~~~~~~~~
/usr/include/stdint.h:122:22: note: expanded from macro 'UINT8_MAX'
  122 | # define UINT8_MAX              (255)
      |                                  ^~~
../src/core/kernel/x86/planestats_sse2.cpp:128:62: warning: implicit conversion from 'int' to 'short' changes value from 65535 to -1 [-Wconstant-conversion]
  128 |     __m128i onesmask = _mm_andnot_si128(mask, _mm_set1_epi16(UINT16_MAX));
      |                                               ~~~~~~~~~~~~~~ ^~~~~~~~~~
/usr/include/stdint.h:123:23: note: expanded from macro 'UINT16_MAX'
  123 | # define UINT16_MAX             (65535)
      |                                  ^~~~~
../src/core/kernel/x86/planestats_sse2.cpp:216:34: warning: implicit conversion from 'int' to 'char' changes value from 255 to -1 [-Wconstant-conversion]
  216 |     __m128i mmin = _mm_set1_epi8(UINT8_MAX);
      |                    ~~~~~~~~~~~~~ ^~~~~~~~~
/usr/include/stdint.h:122:22: note: expanded from macro 'UINT8_MAX'
  122 | # define UINT8_MAX              (255)
      |                                  ^~~
../src/core/kernel/x86/planestats_sse2.cpp:221:61: warning: implicit conversion from 'int' to 'char' changes value from 255 to -1 [-Wconstant-conversion]
  221 |     __m128i onesmask = _mm_andnot_si128(mask, _mm_set1_epi8(UINT8_MAX));
      |                                               ~~~~~~~~~~~~~ ^~~~~~~~~
/usr/include/stdint.h:122:22: note: expanded from macro 'UINT8_MAX'
  122 | # define UINT8_MAX              (255)
      |                                  ^~~
../src/core/kernel/x86/planestats_sse2.cpp:264:62: warning: implicit conversion from 'int' to 'short' changes value from 65535 to -1 [-Wconstant-conversion]
  264 |     __m128i onesmask = _mm_andnot_si128(mask, _mm_set1_epi16(UINT16_MAX));
      |                                               ~~~~~~~~~~~~~~ ^~~~~~~~~~
/usr/include/stdint.h:123:23: note: expanded from macro 'UINT16_MAX'
  123 | # define UINT16_MAX             (65535)
      |                                  ^~~~~
6 warnings generated.
[70/134] Compiling C++ object libvapoursynthfilters.so.p/src_core_kernel_generic.cpp.o
Cloning into '/home/tay/builds/app-build-scripts-ubuntu26/mpv-build/libplacebo/3rdparty/fast_float'...
[71/134] Compiling C++ object vspipe.p/src_vspipe_vspipe.cpp.o
../src/vspipe/vspipe.cpp:1349:61: warning: 'u8path<char *, std::filesystem::path, char>' is deprecated: use 'path((const char8_t*)&*source)' instead [-Wdeprecated-declarations]
 1349 |             opts.filterTimeGraphFilename = std::filesystem::u8path(argv[arg + 1]);
      |                                                             ^
/usr/lib/gcc/x86_64-linux-gnu/16/../../../../include/c++/16/bits/fs_path.h:845:5: note: 'u8path<char *, std::filesystem::path, char>' has been explicitly marked deprecated here
  845 |     _GLIBCXX20_DEPRECATED_SUGGEST("path((const char8_t*)&*source)")
      |     ^
/usr/lib/gcc/x86_64-linux-gnu/16/../../../../include/x86_64-linux-gnu/c++/16/bits/c++config.h:144:45: note: expanded from macro '_GLIBCXX20_DEPRECATED_SUGGEST'
  144 | # define _GLIBCXX20_DEPRECATED_SUGGEST(ALT) _GLIBCXX_DEPRECATED_SUGGEST(ALT)
      |                                             ^
/usr/lib/gcc/x86_64-linux-gnu/16/../../../../include/x86_64-linux-gnu/c++/16/bits/c++config.h:112:19: note: expanded from macro '_GLIBCXX_DEPRECATED_SUGGEST'
  112 |   __attribute__ ((__deprecated__ ("use '" ALT "' instead")))
      |                   ^
../src/vspipe/vspipe.cpp:1484:55: warning: 'u8path<char *, std::filesystem::path, char>' is deprecated: use 'path((const char8_t*)&*source)' instead [-Wdeprecated-declarations]
 1484 |             opts.timecodesFilename = std::filesystem::u8path(argv[arg + 1]);
      |                                                       ^
/usr/lib/gcc/x86_64-linux-gnu/16/../../../../include/c++/16/bits/fs_path.h:845:5: note: 'u8path<char *, std::filesystem::path, char>' has been explicitly marked deprecated here
  845 |     _GLIBCXX20_DEPRECATED_SUGGEST("path((const char8_t*)&*source)")
      |     ^
/usr/lib/gcc/x86_64-linux-gnu/16/../../../../include/x86_64-linux-gnu/c++/16/bits/c++config.h:144:45: note: expanded from macro '_GLIBCXX20_DEPRECATED_SUGGEST'
  144 | # define _GLIBCXX20_DEPRECATED_SUGGEST(ALT) _GLIBCXX_DEPRECATED_SUGGEST(ALT)
      |                                             ^
/usr/lib/gcc/x86_64-linux-gnu/16/../../../../include/x86_64-linux-gnu/c++/16/bits/c++config.h:112:19: note: expanded from macro '_GLIBCXX_DEPRECATED_SUGGEST'
  112 |   __attribute__ ((__deprecated__ ("use '" ALT "' instead")))
      |                   ^
../src/vspipe/vspipe.cpp:1498:50: warning: 'u8path<char *, std::filesystem::path, char>' is deprecated: use 'path((const char8_t*)&*source)' instead [-Wdeprecated-declarations]
 1498 |             opts.jsonFilename = std::filesystem::u8path(argv[arg + 1]);
      |                                                  ^
/usr/lib/gcc/x86_64-linux-gnu/16/../../../../include/c++/16/bits/fs_path.h:845:5: note: 'u8path<char *, std::filesystem::path, char>' has been explicitly marked deprecated here
  845 |     _GLIBCXX20_DEPRECATED_SUGGEST("path((const char8_t*)&*source)")
      |     ^
/usr/lib/gcc/x86_64-linux-gnu/16/../../../../include/x86_64-linux-gnu/c++/16/bits/c++config.h:144:45: note: expanded from macro '_GLIBCXX20_DEPRECATED_SUGGEST'
  144 | # define _GLIBCXX20_DEPRECATED_SUGGEST(ALT) _GLIBCXX_DEPRECATED_SUGGEST(ALT)
      |                                             ^
/usr/lib/gcc/x86_64-linux-gnu/16/../../../../include/x86_64-linux-gnu/c++/16/bits/c++config.h:112:19: note: expanded from macro '_GLIBCXX_DEPRECATED_SUGGEST'
  112 |   __attribute__ ((__deprecated__ ("use '" ALT "' instead")))
      |                   ^
../src/vspipe/vspipe.cpp:1502:52: warning: 'u8path<std::basic_string_view<char>, std::filesystem::path, char>' is deprecated: use 'path((const char8_t*)&*source)' instead [-Wdeprecated-declarations]
 1502 |             opts.scriptFilename = std::filesystem::u8path(argString);
      |                                                    ^
/usr/lib/gcc/x86_64-linux-gnu/16/../../../../include/c++/16/bits/fs_path.h:845:5: note: 'u8path<std::basic_string_view<char>, std::filesystem::path, char>' has been explicitly marked deprecated here
  845 |     _GLIBCXX20_DEPRECATED_SUGGEST("path((const char8_t*)&*source)")
      |     ^
/usr/lib/gcc/x86_64-linux-gnu/16/../../../../include/x86_64-linux-gnu/c++/16/bits/c++config.h:144:45: note: expanded from macro '_GLIBCXX20_DEPRECATED_SUGGEST'
  144 | # define _GLIBCXX20_DEPRECATED_SUGGEST(ALT) _GLIBCXX_DEPRECATED_SUGGEST(ALT)
      |                                             ^
/usr/lib/gcc/x86_64-linux-gnu/16/../../../../include/x86_64-linux-gnu/c++/16/bits/c++config.h:112:19: note: expanded from macro '_GLIBCXX_DEPRECATED_SUGGEST'
  112 |   __attribute__ ((__deprecated__ ("use '" ALT "' instead")))
      |                   ^
../src/vspipe/vspipe.cpp:1504:52: warning: 'u8path<std::basic_string_view<char>, std::filesystem::path, char>' is deprecated: use 'path((const char8_t*)&*source)' instead [-Wdeprecated-declarations]
 1504 |             opts.outputFilename = std::filesystem::u8path(argString);
      |                                                    ^
/usr/lib/gcc/x86_64-linux-gnu/16/../../../../include/c++/16/bits/fs_path.h:845:5: note: 'u8path<std::basic_string_view<char>, std::filesystem::path, char>' has been explicitly marked deprecated here
  845 |     _GLIBCXX20_DEPRECATED_SUGGEST("path((const char8_t*)&*source)")
      |     ^
/usr/lib/gcc/x86_64-linux-gnu/16/../../../../include/x86_64-linux-gnu/c++/16/bits/c++config.h:144:45: note: expanded from macro '_GLIBCXX20_DEPRECATED_SUGGEST'
  144 | # define _GLIBCXX20_DEPRECATED_SUGGEST(ALT) _GLIBCXX_DEPRECATED_SUGGEST(ALT)
      |                                             ^
/usr/lib/gcc/x86_64-linux-gnu/16/../../../../include/x86_64-linux-gnu/c++/16/bits/c++config.h:112:19: note: expanded from macro '_GLIBCXX_DEPRECATED_SUGGEST'
  112 |   __attribute__ ((__deprecated__ ("use '" ALT "' instead")))
      |                   ^
5 warnings generated.
[72/134] Compiling C++ object libvapoursynthfilters.so.p/src_core_mergefilters.cpp.o
[73/134] Compiling C++ object libvapoursynthfilters_avx2.so.p/src_core_coreplugins.cpp.o
[74/134] Compiling C++ object libvapoursynthfilters_avx2.so.p/src_core_cpufeatures.cpp.o
[75/134] Compiling C++ object libvapoursynthfilters.so.p/src_core_averageframesfilter.cpp.o
Cloning into '/home/tay/builds/app-build-scripts-ubuntu26/mpv-build/libplacebo/3rdparty/glad'...
[76/134] Compiling C++ object libvapoursynthfilters.so.p/src_core_kernel_x86_generic_sse2.cpp.o
[77/134] Compiling C++ object libvapoursynthfilters_avx2.so.p/src_core_boxblurfilter.cpp.o
[78/134] Compiling C++ object libvapoursynthfilters_avx2.so.p/src_core_audioresampling.cpp.o
Cloning into '/home/tay/builds/app-build-scripts-ubuntu26/mpv-build/libplacebo/3rdparty/jinja'...
[79/134] Compiling C++ object libvapoursynthfilters_avx2.so.p/src_core_exprfilter.cpp.o
[80/134] Compiling C++ object libvapoursynthfilters_avx2.so.p/src_core_genericfilters.cpp.o
[81/134] Compiling C++ object libvapoursynthfilters_avx2.so.p/src_core_expr_jitcompiler.cpp.o
[82/134] Compiling C++ object libvapoursynthfilters_avx2.so.p/src_core_kernel_merge.cpp.o
[83/134] Compiling C++ object libvapoursynthfilters_avx2.so.p/src_core_audiofilters.cpp.o
[84/134] Compiling C++ object libvapoursynthfilters.so.p/src_core_simplefilters.cpp.o
[85/134] Compiling C++ object vapoursynth.abi3.so.p/meson-generated_vapoursynth.pyx.cpp.o
vapoursynth.abi3.so.p/vapoursynth.pyx.cpp:98033:18: warning: unused function '__pyx_f_11vapoursynth__vsscript_use_or_create_environment' [-Wunused-function]
 98033 | static PyObject *__pyx_f_11vapoursynth__vsscript_use_or_create_environment(int __pyx_v_id) {
       |                  ^~~~~~~~~~~~~~~~~~~~~~~~~~~~~~~~~~~~~~~~~~~~~~~~~~~~~~~~~
1 warning generated.
[86/134] Compiling C++ object libvapoursynthfilters_avx2.so.p/src_core_kernel_planestats.cpp.o
Cloning into '/home/tay/builds/app-build-scripts-ubuntu26/mpv-build/libplacebo/3rdparty/markupsafe'...
[87/134] Compiling C++ object libvapoursynthfilters_avx2.so.p/src_core_kernel_transpose.cpp.o
[88/134] Compiling C++ object libvapoursynthfilters_avx2.so.p/src_core_mergefilters.cpp.o
Cloning into '/home/tay/builds/app-build-scripts-ubuntu26/mpv-build/libplacebo/demos/3rdparty/nuklear'...
[89/134] Compiling C++ object libvapoursynthfilters_avx2.so.p/src_core_averageframesfilter.cpp.o
[90/134] Compiling C++ object libvapoursynthfilters_avx2.so.p/src_core_expr_expr.cpp.o
[91/134] Compiling C++ object libvapoursynthfilters_avx2.so.p/src_core_kernel_cpulevel.cpp.o
[92/134] Compiling C++ object libvapoursynthfilters_avx2.so.p/src_core_kernel_x86_merge_sse2.cpp.o
[93/134] Compiling C++ object libvapoursynthfilters_avx2.so.p/src_core_kernel_x86_convolution_sse2.cpp.o
[94/134] Linking static target libvsfilters_avx2_znver4.a
[95/134] Linking static target libvsfilters_avx512_znver4.a
[96/134] Compiling C++ object libvapoursynthfilters_avx2.so.p/src_core_lutfilters.cpp.o
[97/134] Compiling C++ object libvapoursynthfilters_avx2.so.p/src_core_kernel_generic.cpp.o
[98/134] Compiling C++ object libvapoursynthfilters_avx2.so.p/src_core_kernel_x86_planestats_sse2.cpp.o
../src/core/kernel/x86/planestats_sse2.cpp:89:34: warning: implicit conversion from 'int' to 'char' changes value from 255 to -1 [-Wconstant-conversion]
   89 |     __m128i mmin = _mm_set1_epi8(UINT8_MAX);
      |                    ~~~~~~~~~~~~~ ^~~~~~~~~
/usr/include/stdint.h:122:22: note: expanded from macro 'UINT8_MAX'
  122 | # define UINT8_MAX              (255)
      |                                  ^~~
../src/core/kernel/x86/planestats_sse2.cpp:93:61: warning: implicit conversion from 'int' to 'char' changes value from 255 to -1 [-Wconstant-conversion]
   93 |     __m128i onesmask = _mm_andnot_si128(mask, _mm_set1_epi8(UINT8_MAX));
      |                                               ~~~~~~~~~~~~~ ^~~~~~~~~
/usr/include/stdint.h:122:22: note: expanded from macro 'UINT8_MAX'
  122 | # define UINT8_MAX              (255)
      |                                  ^~~
../src/core/kernel/x86/planestats_sse2.cpp:128:62: warning: implicit conversion from 'int' to 'short' changes value from 65535 to -1 [-Wconstant-conversion]
  128 |     __m128i onesmask = _mm_andnot_si128(mask, _mm_set1_epi16(UINT16_MAX));
      |                                               ~~~~~~~~~~~~~~ ^~~~~~~~~~
/usr/include/stdint.h:123:23: note: expanded from macro 'UINT16_MAX'
  123 | # define UINT16_MAX             (65535)
      |                                  ^~~~~
../src/core/kernel/x86/planestats_sse2.cpp:216:34: warning: implicit conversion from 'int' to 'char' changes value from 255 to -1 [-Wconstant-conversion]
  216 |     __m128i mmin = _mm_set1_epi8(UINT8_MAX);
      |                    ~~~~~~~~~~~~~ ^~~~~~~~~
/usr/include/stdint.h:122:22: note: expanded from macro 'UINT8_MAX'
  122 | # define UINT8_MAX              (255)
      |                                  ^~~
../src/core/kernel/x86/planestats_sse2.cpp:221:61: warning: implicit conversion from 'int' to 'char' changes value from 255 to -1 [-Wconstant-conversion]
  221 |     __m128i onesmask = _mm_andnot_si128(mask, _mm_set1_epi8(UINT8_MAX));
      |                                               ~~~~~~~~~~~~~ ^~~~~~~~~
/usr/include/stdint.h:122:22: note: expanded from macro 'UINT8_MAX'
  122 | # define UINT8_MAX              (255)
      |                                  ^~~
../src/core/kernel/x86/planestats_sse2.cpp:264:62: warning: implicit conversion from 'int' to 'short' changes value from 65535 to -1 [-Wconstant-conversion]
  264 |     __m128i onesmask = _mm_andnot_si128(mask, _mm_set1_epi16(UINT16_MAX));
      |                                               ~~~~~~~~~~~~~~ ^~~~~~~~~~
/usr/include/stdint.h:123:23: note: expanded from macro 'UINT16_MAX'
  123 | # define UINT16_MAX             (65535)
      |                                  ^~~~~
6 warnings generated.
[99/134] Compiling C++ object libvapoursynthfilters_avx2.so.p/src_core_reorderfilters.cpp.o
[100/134] Compiling C++ object libvapoursynthfilters_avx2.so.p/src_core_kernel_x86_generic_sse2.cpp.o
[101/134] Compiling C++ object libvapoursynthfilters_zn4.so.p/src_core_cpufeatures.cpp.o
[102/134] Compiling C++ object libvapoursynthfilters_avx2.so.p/src_core_kernel_x86_transpose_sse2.cpp.o
[103/134] Compiling C++ object libvapoursynthfilters_avx2.so.p/src_core_simplefilters.cpp.o
[104/134] Compiling C++ object libvapoursynthfilters_zn4.so.p/src_core_coreplugins.cpp.o
Submodule path '3rdparty/Vulkan-Headers': checked out '74d8a6cb930c68ef617b202c3ff3c59d919e086b'
Submodule path '3rdparty/fast_float': checked out '97b54ca9e75f5303507699d27c6b4f4efe4641a1'
Submodule path '3rdparty/glad': checked out '73db193f853e2ee079bf3ca8a64aa2eaf6459043'
Submodule path '3rdparty/jinja': checked out '15206881c006c79667fe5154fe80c01c65410679'
[105/134] Compiling C++ object libvapoursynthfilters_zn4.so.p/src_core_boxblurfilter.cpp.o
Submodule path '3rdparty/markupsafe': checked out '297fc8e356e6836a62087949245d09a28e9f1b13'
[106/134] Compiling C++ object libvapoursynthfilters.so.p/src_core_expr_jitcompiler_x86.cpp.o
In file included from ../src/core/expr/jitcompiler_x86.cpp:28:
../src/core/expr/jitasm.h:8734:27: warning: bitwise operation between different enumeration types ('jitasm::detail::ArgTraits_linux64_integer::(unnamed enum at ../src/core/expr/jitasm.h:8674:3)' and 'jitasm::detail::(unnamed enum at ../src/core/expr/jitasm.h:8550:2)') is deprecated [-Wdeprecated-anon-enum-enum-conversion]
 8734 |                         if (CurArgTraits::flag & ARG_IN_REG) next_arg_info.index_gp++;
      |                             ~~~~~~~~~~~~~~~~~~ ^ ~~~~~~~~~~
../src/core/expr/jitasm.h:9220:58: note: in instantiation of function template specialization 'jitasm::detail::ArgInfo::Next<jitasm::detail::calling_convention_cdecl::ArgTraits<0, unsigned char *>, jitasm::detail::calling_convention_cdecl::ArgTraits<1, const long *>>' requested here
 9220 |                 ArgInfo ArgInfo2()      { return ArgInfo(ArgInfo1<R, A1>()).Next< ArgTraits<ResultT<R>::ArgR + 0, A1>, ArgTraits<ResultT<R>::ArgR + 1, A2> >(); }
      |                                                                             ^
../src/core/expr/jitasm.h:9943:19: note: in instantiation of function template specialization 'jitasm::detail::calling_convention_cdecl::ArgInfo2<void, unsigned char *, const long *>' requested here
 9943 |                         Arg<A2>(*this, ArgInfo2<void,A1,A2>()),
      |                                        ^
../src/core/expr/jitasm.h:9937:53: note: in instantiation of member function 'jitasm::function_cdecl<void, expr::(anonymous namespace)::ExprCompiler128, unsigned char *, const long *, long>::naked_main' requested here
 9937 |         void InternalMain() {static_cast<Derived *>(this)->naked_main();}
      |                                                            ^
../src/core/expr/jitcompiler_x86.cpp:975:14: note: in instantiation of member function 'jitasm::function_cdecl<void, expr::(anonymous namespace)::ExprCompiler128, unsigned char *, const long *, long>::InternalMain' requested here
  975 |     explicit ExprCompiler128(int numInputs) : cpuFeatures(*getCPUFeatures()), numInputs(numInputs), curLabel() {}
      |              ^
In file included from ../src/core/expr/jitcompiler_x86.cpp:28:
../src/core/expr/jitasm.h:8735:27: warning: bitwise operation between different enumeration types ('jitasm::detail::ArgTraits_linux64_integer::(unnamed enum at ../src/core/expr/jitasm.h:8674:3)' and 'jitasm::detail::(unnamed enum at ../src/core/expr/jitasm.h:8550:2)') is deprecated [-Wdeprecated-anon-enum-enum-conversion]
 8735 |                         if (CurArgTraits::flag & ARG_IN_MMX) next_arg_info.index_mmx++;
      |                             ~~~~~~~~~~~~~~~~~~ ^ ~~~~~~~~~~
../src/core/expr/jitasm.h:8743:28: warning: bitwise operation between different enumeration types ('jitasm::detail::ArgTraits_linux64_integer::(unnamed enum at ../src/core/expr/jitasm.h:8674:3)' and 'jitasm::detail::(unnamed enum at ../src/core/expr/jitasm.h:8550:2)') is deprecated [-Wdeprecated-anon-enum-enum-conversion]
 8743 |                         if (NextArgTraits::flag & ARG_IN_REG) {
      |                             ~~~~~~~~~~~~~~~~~~~ ^ ~~~~~~~~~~
../src/core/expr/jitasm.h:8747:27: warning: bitwise operation between different enumeration types ('jitasm::detail::ArgTraits_linux64_integer::(unnamed enum at ../src/core/expr/jitasm.h:8674:3)' and 'jitasm::detail::(unnamed enum at ../src/core/expr/jitasm.h:8550:2)') is deprecated [-Wdeprecated-anon-enum-enum-conversion]
 8747 |                         if (CurArgTraits::flag & ARG_IN_REG) {
      |                             ~~~~~~~~~~~~~~~~~~ ^ ~~~~~~~~~~
../src/core/expr/jitasm.h:8734:27: warning: bitwise operation between different enumeration types ('jitasm::detail::ArgTraits_linux64_integer::(unnamed enum at ../src/core/expr/jitasm.h:8674:3)' and 'jitasm::detail::(unnamed enum at ../src/core/expr/jitasm.h:8550:2)') is deprecated [-Wdeprecated-anon-enum-enum-conversion]
 8734 |                         if (CurArgTraits::flag & ARG_IN_REG) next_arg_info.index_gp++;
      |                             ~~~~~~~~~~~~~~~~~~ ^ ~~~~~~~~~~
../src/core/expr/jitasm.h:9222:62: note: in instantiation of function template specialization 'jitasm::detail::ArgInfo::Next<jitasm::detail::calling_convention_cdecl::ArgTraits<1, const long *>, jitasm::detail::calling_convention_cdecl::ArgTraits<2, long>>' requested here
 9222 |                 ArgInfo ArgInfo3()      { return ArgInfo(ArgInfo2<R, A1, A2>()).Next< ArgTraits<ResultT<R>::ArgR + 1, A2>, ArgTraits<ResultT<R>::ArgR + 2, A3> >(); }
      |                                                                                 ^
../src/core/expr/jitasm.h:9944:19: note: in instantiation of function template specialization 'jitasm::detail::calling_convention_cdecl::ArgInfo3<void, unsigned char *, const long *, long>' requested here
 9944 |                         Arg<A3>(*this, ArgInfo3<void,A1,A2,A3>()));
      |                                        ^
../src/core/expr/jitasm.h:9937:53: note: in instantiation of member function 'jitasm::function_cdecl<void, expr::(anonymous namespace)::ExprCompiler128, unsigned char *, const long *, long>::naked_main' requested here
 9937 |         void InternalMain() {static_cast<Derived *>(this)->naked_main();}
      |                                                            ^
../src/core/expr/jitcompiler_x86.cpp:975:14: note: in instantiation of member function 'jitasm::function_cdecl<void, expr::(anonymous namespace)::ExprCompiler128, unsigned char *, const long *, long>::InternalMain' requested here
  975 |     explicit ExprCompiler128(int numInputs) : cpuFeatures(*getCPUFeatures()), numInputs(numInputs), curLabel() {}
      |              ^
In file included from ../src/core/expr/jitcompiler_x86.cpp:28:
../src/core/expr/jitasm.h:8735:27: warning: bitwise operation between different enumeration types ('jitasm::detail::ArgTraits_linux64_integer::(unnamed enum at ../src/core/expr/jitasm.h:8674:3)' and 'jitasm::detail::(unnamed enum at ../src/core/expr/jitasm.h:8550:2)') is deprecated [-Wdeprecated-anon-enum-enum-conversion]
 8735 |                         if (CurArgTraits::flag & ARG_IN_MMX) next_arg_info.index_mmx++;
      |                             ~~~~~~~~~~~~~~~~~~ ^ ~~~~~~~~~~
../src/core/expr/jitasm.h:8743:28: warning: bitwise operation between different enumeration types ('jitasm::detail::ArgTraits_linux64_integer::(unnamed enum at ../src/core/expr/jitasm.h:8674:3)' and 'jitasm::detail::(unnamed enum at ../src/core/expr/jitasm.h:8550:2)') is deprecated [-Wdeprecated-anon-enum-enum-conversion]
 8743 |                         if (NextArgTraits::flag & ARG_IN_REG) {
      |                             ~~~~~~~~~~~~~~~~~~~ ^ ~~~~~~~~~~
../src/core/expr/jitasm.h:8747:27: warning: bitwise operation between different enumeration types ('jitasm::detail::ArgTraits_linux64_integer::(unnamed enum at ../src/core/expr/jitasm.h:8674:3)' and 'jitasm::detail::(unnamed enum at ../src/core/expr/jitasm.h:8550:2)') is deprecated [-Wdeprecated-anon-enum-enum-conversion]
 8747 |                         if (CurArgTraits::flag & ARG_IN_REG) {
      |                             ~~~~~~~~~~~~~~~~~~ ^ ~~~~~~~~~~
../src/core/expr/jitcompiler_x86.cpp:115:30: warning: unused variable 'float_511' [-Wunused-const-variable]
  115 |         static constexpr int float_511 = 8;
      |                              ^~~~~~~~~
../src/core/expr/jitcompiler_x86.cpp:116:30: warning: unused variable 'float_1023' [-Wunused-const-variable]
  116 |         static constexpr int float_1023 = 9;
      |                              ^~~~~~~~~~
../src/core/expr/jitcompiler_x86.cpp:117:30: warning: unused variable 'float_2047' [-Wunused-const-variable]
  117 |         static constexpr int float_2047 = 10;
      |                              ^~~~~~~~~~
../src/core/expr/jitcompiler_x86.cpp:118:30: warning: unused variable 'float_4095' [-Wunused-const-variable]
  118 |         static constexpr int float_4095 = 11;
      |                              ^~~~~~~~~~
../src/core/expr/jitcompiler_x86.cpp:119:30: warning: unused variable 'float_8191' [-Wunused-const-variable]
  119 |         static constexpr int float_8191 = 12;
      |                              ^~~~~~~~~~
../src/core/expr/jitcompiler_x86.cpp:120:30: warning: unused variable 'float_16383' [-Wunused-const-variable]
  120 |         static constexpr int float_16383 = 13;
      |                              ^~~~~~~~~~~
../src/core/expr/jitcompiler_x86.cpp:121:30: warning: unused variable 'float_32767' [-Wunused-const-variable]
  121 |         static constexpr int float_32767 = 14;
      |                              ^~~~~~~~~~~
../src/core/expr/jitcompiler_x86.cpp:122:30: warning: unused variable 'float_65535' [-Wunused-const-variable]
  122 |         static constexpr int float_65535 = 15;
      |                              ^~~~~~~~~~~
../src/core/expr/jitcompiler_x86.cpp:1073:30: warning: unused variable 'float_511' [-Wunused-const-variable]
 1073 |         static constexpr int float_511 = 8;
      |                              ^~~~~~~~~
../src/core/expr/jitcompiler_x86.cpp:1074:30: warning: unused variable 'float_1023' [-Wunused-const-variable]
 1074 |         static constexpr int float_1023 = 9;
      |                              ^~~~~~~~~~
../src/core/expr/jitcompiler_x86.cpp:1075:30: warning: unused variable 'float_2047' [-Wunused-const-variable]
 1075 |         static constexpr int float_2047 = 10;
      |                              ^~~~~~~~~~
../src/core/expr/jitcompiler_x86.cpp:1076:30: warning: unused variable 'float_4095' [-Wunused-const-variable]
 1076 |         static constexpr int float_4095 = 11;
      |                              ^~~~~~~~~~
../src/core/expr/jitcompiler_x86.cpp:1077:30: warning: unused variable 'float_8191' [-Wunused-const-variable]
 1077 |         static constexpr int float_8191 = 12;
      |                              ^~~~~~~~~~
../src/core/expr/jitcompiler_x86.cpp:1078:30: warning: unused variable 'float_16383' [-Wunused-const-variable]
 1078 |         static constexpr int float_16383 = 13;
      |                              ^~~~~~~~~~~
../src/core/expr/jitcompiler_x86.cpp:1079:30: warning: unused variable 'float_32767' [-Wunused-const-variable]
 1079 |         static constexpr int float_32767 = 14;
      |                              ^~~~~~~~~~~
../src/core/expr/jitcompiler_x86.cpp:1080:30: warning: unused variable 'float_65535' [-Wunused-const-variable]
 1080 |         static constexpr int float_65535 = 15;
      |                              ^~~~~~~~~~~
../src/core/expr/jitcompiler_x86.cpp:1081:30: warning: unused variable 'i16min_epi16' [-Wunused-const-variable]
 1081 |         static constexpr int i16min_epi16 = 16;
      |                              ^~~~~~~~~~~~
../src/core/expr/jitcompiler_x86.cpp:1082:30: warning: unused variable 'i16min_epi32' [-Wunused-const-variable]
 1082 |         static constexpr int i16min_epi32 = 17;
      |                              ^~~~~~~~~~~~
../src/core/expr/jitcompiler_x86.cpp:1767:30: warning: unused variable 'i16min_epi16' [-Wunused-const-variable]
 1767 |         static constexpr int i16min_epi16 = 16;
      |                              ^~~~~~~~~~~~
../src/core/expr/jitcompiler_x86.cpp:1768:30: warning: unused variable 'i16min_epi32' [-Wunused-const-variable]
 1768 |         static constexpr int i16min_epi32 = 17;
      |                              ^~~~~~~~~~~~
28 warnings generated.
Submodule path 'demos/3rdparty/nuklear': checked out '242f35efa067a46c595645eeda7b1771ea1f83b1'
+ do_clone mpv https://github.com/mpv-player/mpv.git
+ set -ex
+ test -e mpv
+ git clone https://github.com/mpv-player/mpv.git mpv
Cloning into 'mpv'...
[107/134] Compiling C++ object libvapoursynthfilters_zn4.so.p/src_core_expr_jitcompiler.cpp.o
[108/134] Compiling C++ object libvapoursynthfilters_zn4.so.p/src_core_kernel_merge.cpp.o
[109/134] Compiling C++ object libvapoursynthfilters_zn4.so.p/src_core_kernel_planestats.cpp.o
[110/134] Compiling C++ object libvapoursynthfilters_zn4.so.p/src_core_audioresampling.cpp.o
[111/134] Compiling C++ object libvapoursynthfilters_zn4.so.p/src_core_exprfilter.cpp.o
[112/134] Compiling C++ object libvapoursynthfilters_zn4.so.p/src_core_kernel_transpose.cpp.o
[113/134] Compiling C++ object libvapoursynthfilters_zn4.so.p/src_core_genericfilters.cpp.o
[114/134] Compiling C++ object libvapoursynthfilters_zn4.so.p/src_core_audiofilters.cpp.o
[115/134] Compiling C++ object libvapoursynthfilters_zn4.so.p/src_core_expr_expr.cpp.o
[116/134] Compiling C++ object libvapoursynthfilters_zn4.so.p/src_core_kernel_cpulevel.cpp.o
[117/134] Compiling C++ object libvapoursynthfilters_zn4.so.p/src_core_mergefilters.cpp.o
[118/134] Compiling C++ object libvapoursynthfilters_zn4.so.p/src_core_reorderfilters.cpp.o
[119/134] Compiling C++ object libvapoursynthfilters_zn4.so.p/src_core_lutfilters.cpp.o
[120/134] Compiling C++ object libvapoursynthfilters_zn4.so.p/src_core_kernel_x86_merge_sse2.cpp.o
[121/134] Compiling C++ object libvapoursynthfilters_zn4.so.p/src_core_kernel_x86_planestats_sse2.cpp.o
../src/core/kernel/x86/planestats_sse2.cpp:89:34: warning: implicit conversion from 'int' to 'char' changes value from 255 to -1 [-Wconstant-conversion]
   89 |     __m128i mmin = _mm_set1_epi8(UINT8_MAX);
      |                    ~~~~~~~~~~~~~ ^~~~~~~~~
/usr/include/stdint.h:122:22: note: expanded from macro 'UINT8_MAX'
  122 | # define UINT8_MAX              (255)
      |                                  ^~~
../src/core/kernel/x86/planestats_sse2.cpp:93:61: warning: implicit conversion from 'int' to 'char' changes value from 255 to -1 [-Wconstant-conversion]
   93 |     __m128i onesmask = _mm_andnot_si128(mask, _mm_set1_epi8(UINT8_MAX));
      |                                               ~~~~~~~~~~~~~ ^~~~~~~~~
/usr/include/stdint.h:122:22: note: expanded from macro 'UINT8_MAX'
  122 | # define UINT8_MAX              (255)
      |                                  ^~~
../src/core/kernel/x86/planestats_sse2.cpp:128:62: warning: implicit conversion from 'int' to 'short' changes value from 65535 to -1 [-Wconstant-conversion]
  128 |     __m128i onesmask = _mm_andnot_si128(mask, _mm_set1_epi16(UINT16_MAX));
      |                                               ~~~~~~~~~~~~~~ ^~~~~~~~~~
/usr/include/stdint.h:123:23: note: expanded from macro 'UINT16_MAX'
  123 | # define UINT16_MAX             (65535)
      |                                  ^~~~~
../src/core/kernel/x86/planestats_sse2.cpp:216:34: warning: implicit conversion from 'int' to 'char' changes value from 255 to -1 [-Wconstant-conversion]
  216 |     __m128i mmin = _mm_set1_epi8(UINT8_MAX);
      |                    ~~~~~~~~~~~~~ ^~~~~~~~~
/usr/include/stdint.h:122:22: note: expanded from macro 'UINT8_MAX'
  122 | # define UINT8_MAX              (255)
      |                                  ^~~
../src/core/kernel/x86/planestats_sse2.cpp:221:61: warning: implicit conversion from 'int' to 'char' changes value from 255 to -1 [-Wconstant-conversion]
  221 |     __m128i onesmask = _mm_andnot_si128(mask, _mm_set1_epi8(UINT8_MAX));
      |                                               ~~~~~~~~~~~~~ ^~~~~~~~~
/usr/include/stdint.h:122:22: note: expanded from macro 'UINT8_MAX'
  122 | # define UINT8_MAX              (255)
      |                                  ^~~
../src/core/kernel/x86/planestats_sse2.cpp:264:62: warning: implicit conversion from 'int' to 'short' changes value from 65535 to -1 [-Wconstant-conversion]
  264 |     __m128i onesmask = _mm_andnot_si128(mask, _mm_set1_epi16(UINT16_MAX));
      |                                               ~~~~~~~~~~~~~~ ^~~~~~~~~~
/usr/include/stdint.h:123:23: note: expanded from macro 'UINT16_MAX'
  123 | # define UINT16_MAX             (65535)
      |                                  ^~~~~
6 warnings generated.
[122/134] Compiling C++ object libvapoursynthfilters_zn4.so.p/src_core_kernel_generic.cpp.o
[123/134] Compiling C++ object libvapoursynthfilters_zn4.so.p/src_core_averageframesfilter.cpp.o
[124/134] Compiling C++ object libvapoursynthfilters_zn4.so.p/src_core_kernel_x86_transpose_sse2.cpp.o
[125/134] Compiling C++ object libvapoursynthfilters_zn4.so.p/src_core_kernel_x86_convolution_sse2.cpp.o
[126/134] Compiling C++ object libvapoursynthfilters_zn4.so.p/src_core_kernel_x86_generic_sse2.cpp.o
[127/134] Compiling C++ object libvapoursynthfilters_zn4.so.p/src_core_simplefilters.cpp.o
[128/134] Linking target vspipe
[129/134] Compiling C++ object libvapoursynthfilters_avx2.so.p/src_core_expr_jitcompiler_x86.cpp.o
In file included from ../src/core/expr/jitcompiler_x86.cpp:28:
../src/core/expr/jitasm.h:8734:27: warning: bitwise operation between different enumeration types ('jitasm::detail::ArgTraits_linux64_integer::(unnamed enum at ../src/core/expr/jitasm.h:8674:3)' and 'jitasm::detail::(unnamed enum at ../src/core/expr/jitasm.h:8550:2)') is deprecated [-Wdeprecated-anon-enum-enum-conversion]
 8734 |                         if (CurArgTraits::flag & ARG_IN_REG) next_arg_info.index_gp++;
      |                             ~~~~~~~~~~~~~~~~~~ ^ ~~~~~~~~~~
../src/core/expr/jitasm.h:9220:58: note: in instantiation of function template specialization 'jitasm::detail::ArgInfo::Next<jitasm::detail::calling_convention_cdecl::ArgTraits<0, unsigned char *>, jitasm::detail::calling_convention_cdecl::ArgTraits<1, const long *>>' requested here
 9220 |                 ArgInfo ArgInfo2()      { return ArgInfo(ArgInfo1<R, A1>()).Next< ArgTraits<ResultT<R>::ArgR + 0, A1>, ArgTraits<ResultT<R>::ArgR + 1, A2> >(); }
      |                                                                             ^
../src/core/expr/jitasm.h:9943:19: note: in instantiation of function template specialization 'jitasm::detail::calling_convention_cdecl::ArgInfo2<void, unsigned char *, const long *>' requested here
 9943 |                         Arg<A2>(*this, ArgInfo2<void,A1,A2>()),
      |                                        ^
../src/core/expr/jitasm.h:9937:53: note: in instantiation of member function 'jitasm::function_cdecl<void, expr::(anonymous namespace)::ExprCompiler128, unsigned char *, const long *, long>::naked_main' requested here
 9937 |         void InternalMain() {static_cast<Derived *>(this)->naked_main();}
      |                                                            ^
../src/core/expr/jitcompiler_x86.cpp:975:14: note: in instantiation of member function 'jitasm::function_cdecl<void, expr::(anonymous namespace)::ExprCompiler128, unsigned char *, const long *, long>::InternalMain' requested here
  975 |     explicit ExprCompiler128(int numInputs) : cpuFeatures(*getCPUFeatures()), numInputs(numInputs), curLabel() {}
      |              ^
In file included from ../src/core/expr/jitcompiler_x86.cpp:28:
../src/core/expr/jitasm.h:8735:27: warning: bitwise operation between different enumeration types ('jitasm::detail::ArgTraits_linux64_integer::(unnamed enum at ../src/core/expr/jitasm.h:8674:3)' and 'jitasm::detail::(unnamed enum at ../src/core/expr/jitasm.h:8550:2)') is deprecated [-Wdeprecated-anon-enum-enum-conversion]
 8735 |                         if (CurArgTraits::flag & ARG_IN_MMX) next_arg_info.index_mmx++;
      |                             ~~~~~~~~~~~~~~~~~~ ^ ~~~~~~~~~~
../src/core/expr/jitasm.h:8743:28: warning: bitwise operation between different enumeration types ('jitasm::detail::ArgTraits_linux64_integer::(unnamed enum at ../src/core/expr/jitasm.h:8674:3)' and 'jitasm::detail::(unnamed enum at ../src/core/expr/jitasm.h:8550:2)') is deprecated [-Wdeprecated-anon-enum-enum-conversion]
 8743 |                         if (NextArgTraits::flag & ARG_IN_REG) {
      |                             ~~~~~~~~~~~~~~~~~~~ ^ ~~~~~~~~~~
../src/core/expr/jitasm.h:8747:27: warning: bitwise operation between different enumeration types ('jitasm::detail::ArgTraits_linux64_integer::(unnamed enum at ../src/core/expr/jitasm.h:8674:3)' and 'jitasm::detail::(unnamed enum at ../src/core/expr/jitasm.h:8550:2)') is deprecated [-Wdeprecated-anon-enum-enum-conversion]
 8747 |                         if (CurArgTraits::flag & ARG_IN_REG) {
      |                             ~~~~~~~~~~~~~~~~~~ ^ ~~~~~~~~~~
../src/core/expr/jitasm.h:8734:27: warning: bitwise operation between different enumeration types ('jitasm::detail::ArgTraits_linux64_integer::(unnamed enum at ../src/core/expr/jitasm.h:8674:3)' and 'jitasm::detail::(unnamed enum at ../src/core/expr/jitasm.h:8550:2)') is deprecated [-Wdeprecated-anon-enum-enum-conversion]
 8734 |                         if (CurArgTraits::flag & ARG_IN_REG) next_arg_info.index_gp++;
      |                             ~~~~~~~~~~~~~~~~~~ ^ ~~~~~~~~~~
../src/core/expr/jitasm.h:9222:62: note: in instantiation of function template specialization 'jitasm::detail::ArgInfo::Next<jitasm::detail::calling_convention_cdecl::ArgTraits<1, const long *>, jitasm::detail::calling_convention_cdecl::ArgTraits<2, long>>' requested here
 9222 |                 ArgInfo ArgInfo3()      { return ArgInfo(ArgInfo2<R, A1, A2>()).Next< ArgTraits<ResultT<R>::ArgR + 1, A2>, ArgTraits<ResultT<R>::ArgR + 2, A3> >(); }
      |                                                                                 ^
../src/core/expr/jitasm.h:9944:19: note: in instantiation of function template specialization 'jitasm::detail::calling_convention_cdecl::ArgInfo3<void, unsigned char *, const long *, long>' requested here
 9944 |                         Arg<A3>(*this, ArgInfo3<void,A1,A2,A3>()));
      |                                        ^
../src/core/expr/jitasm.h:9937:53: note: in instantiation of member function 'jitasm::function_cdecl<void, expr::(anonymous namespace)::ExprCompiler128, unsigned char *, const long *, long>::naked_main' requested here
 9937 |         void InternalMain() {static_cast<Derived *>(this)->naked_main();}
      |                                                            ^
../src/core/expr/jitcompiler_x86.cpp:975:14: note: in instantiation of member function 'jitasm::function_cdecl<void, expr::(anonymous namespace)::ExprCompiler128, unsigned char *, const long *, long>::InternalMain' requested here
  975 |     explicit ExprCompiler128(int numInputs) : cpuFeatures(*getCPUFeatures()), numInputs(numInputs), curLabel() {}
      |              ^
In file included from ../src/core/expr/jitcompiler_x86.cpp:28:
../src/core/expr/jitasm.h:8735:27: warning: bitwise operation between different enumeration types ('jitasm::detail::ArgTraits_linux64_integer::(unnamed enum at ../src/core/expr/jitasm.h:8674:3)' and 'jitasm::detail::(unnamed enum at ../src/core/expr/jitasm.h:8550:2)') is deprecated [-Wdeprecated-anon-enum-enum-conversion]
 8735 |                         if (CurArgTraits::flag & ARG_IN_MMX) next_arg_info.index_mmx++;
      |                             ~~~~~~~~~~~~~~~~~~ ^ ~~~~~~~~~~
../src/core/expr/jitasm.h:8743:28: warning: bitwise operation between different enumeration types ('jitasm::detail::ArgTraits_linux64_integer::(unnamed enum at ../src/core/expr/jitasm.h:8674:3)' and 'jitasm::detail::(unnamed enum at ../src/core/expr/jitasm.h:8550:2)') is deprecated [-Wdeprecated-anon-enum-enum-conversion]
 8743 |                         if (NextArgTraits::flag & ARG_IN_REG) {
      |                             ~~~~~~~~~~~~~~~~~~~ ^ ~~~~~~~~~~
../src/core/expr/jitasm.h:8747:27: warning: bitwise operation between different enumeration types ('jitasm::detail::ArgTraits_linux64_integer::(unnamed enum at ../src/core/expr/jitasm.h:8674:3)' and 'jitasm::detail::(unnamed enum at ../src/core/expr/jitasm.h:8550:2)') is deprecated [-Wdeprecated-anon-enum-enum-conversion]
 8747 |                         if (CurArgTraits::flag & ARG_IN_REG) {
      |                             ~~~~~~~~~~~~~~~~~~ ^ ~~~~~~~~~~
../src/core/expr/jitcompiler_x86.cpp:115:30: warning: unused variable 'float_511' [-Wunused-const-variable]
  115 |         static constexpr int float_511 = 8;
      |                              ^~~~~~~~~
../src/core/expr/jitcompiler_x86.cpp:116:30: warning: unused variable 'float_1023' [-Wunused-const-variable]
  116 |         static constexpr int float_1023 = 9;
      |                              ^~~~~~~~~~
../src/core/expr/jitcompiler_x86.cpp:117:30: warning: unused variable 'float_2047' [-Wunused-const-variable]
  117 |         static constexpr int float_2047 = 10;
      |                              ^~~~~~~~~~
../src/core/expr/jitcompiler_x86.cpp:118:30: warning: unused variable 'float_4095' [-Wunused-const-variable]
  118 |         static constexpr int float_4095 = 11;
      |                              ^~~~~~~~~~
../src/core/expr/jitcompiler_x86.cpp:119:30: warning: unused variable 'float_8191' [-Wunused-const-variable]
  119 |         static constexpr int float_8191 = 12;
      |                              ^~~~~~~~~~
../src/core/expr/jitcompiler_x86.cpp:120:30: warning: unused variable 'float_16383' [-Wunused-const-variable]
  120 |         static constexpr int float_16383 = 13;
      |                              ^~~~~~~~~~~
../src/core/expr/jitcompiler_x86.cpp:121:30: warning: unused variable 'float_32767' [-Wunused-const-variable]
  121 |         static constexpr int float_32767 = 14;
      |                              ^~~~~~~~~~~
../src/core/expr/jitcompiler_x86.cpp:122:30: warning: unused variable 'float_65535' [-Wunused-const-variable]
  122 |         static constexpr int float_65535 = 15;
      |                              ^~~~~~~~~~~
../src/core/expr/jitcompiler_x86.cpp:1073:30: warning: unused variable 'float_511' [-Wunused-const-variable]
 1073 |         static constexpr int float_511 = 8;
      |                              ^~~~~~~~~
../src/core/expr/jitcompiler_x86.cpp:1074:30: warning: unused variable 'float_1023' [-Wunused-const-variable]
 1074 |         static constexpr int float_1023 = 9;
      |                              ^~~~~~~~~~
../src/core/expr/jitcompiler_x86.cpp:1075:30: warning: unused variable 'float_2047' [-Wunused-const-variable]
 1075 |         static constexpr int float_2047 = 10;
      |                              ^~~~~~~~~~
../src/core/expr/jitcompiler_x86.cpp:1076:30: warning: unused variable 'float_4095' [-Wunused-const-variable]
 1076 |         static constexpr int float_4095 = 11;
      |                              ^~~~~~~~~~
../src/core/expr/jitcompiler_x86.cpp:1077:30: warning: unused variable 'float_8191' [-Wunused-const-variable]
 1077 |         static constexpr int float_8191 = 12;
      |                              ^~~~~~~~~~
../src/core/expr/jitcompiler_x86.cpp:1078:30: warning: unused variable 'float_16383' [-Wunused-const-variable]
 1078 |         static constexpr int float_16383 = 13;
      |                              ^~~~~~~~~~~
../src/core/expr/jitcompiler_x86.cpp:1079:30: warning: unused variable 'float_32767' [-Wunused-const-variable]
 1079 |         static constexpr int float_32767 = 14;
      |                              ^~~~~~~~~~~
../src/core/expr/jitcompiler_x86.cpp:1080:30: warning: unused variable 'float_65535' [-Wunused-const-variable]
 1080 |         static constexpr int float_65535 = 15;
      |                              ^~~~~~~~~~~
../src/core/expr/jitcompiler_x86.cpp:1081:30: warning: unused variable 'i16min_epi16' [-Wunused-const-variable]
 1081 |         static constexpr int i16min_epi16 = 16;
      |                              ^~~~~~~~~~~~
../src/core/expr/jitcompiler_x86.cpp:1082:30: warning: unused variable 'i16min_epi32' [-Wunused-const-variable]
 1082 |         static constexpr int i16min_epi32 = 17;
      |                              ^~~~~~~~~~~~
../src/core/expr/jitcompiler_x86.cpp:1767:30: warning: unused variable 'i16min_epi16' [-Wunused-const-variable]
 1767 |         static constexpr int i16min_epi16 = 16;
      |                              ^~~~~~~~~~~~
../src/core/expr/jitcompiler_x86.cpp:1768:30: warning: unused variable 'i16min_epi32' [-Wunused-const-variable]
 1768 |         static constexpr int i16min_epi32 = 17;
      |                              ^~~~~~~~~~~~
28 warnings generated.
[130/134] Linking target vapoursynth.abi3.so
[131/134] Compiling C++ object libvapoursynthfilters_zn4.so.p/src_core_expr_jitcompiler_x86.cpp.o
In file included from ../src/core/expr/jitcompiler_x86.cpp:28:
../src/core/expr/jitasm.h:8734:27: warning: bitwise operation between different enumeration types ('jitasm::detail::ArgTraits_linux64_integer::(unnamed enum at ../src/core/expr/jitasm.h:8674:3)' and 'jitasm::detail::(unnamed enum at ../src/core/expr/jitasm.h:8550:2)') is deprecated [-Wdeprecated-anon-enum-enum-conversion]
 8734 |                         if (CurArgTraits::flag & ARG_IN_REG) next_arg_info.index_gp++;
      |                             ~~~~~~~~~~~~~~~~~~ ^ ~~~~~~~~~~
../src/core/expr/jitasm.h:9220:58: note: in instantiation of function template specialization 'jitasm::detail::ArgInfo::Next<jitasm::detail::calling_convention_cdecl::ArgTraits<0, unsigned char *>, jitasm::detail::calling_convention_cdecl::ArgTraits<1, const long *>>' requested here
 9220 |                 ArgInfo ArgInfo2()      { return ArgInfo(ArgInfo1<R, A1>()).Next< ArgTraits<ResultT<R>::ArgR + 0, A1>, ArgTraits<ResultT<R>::ArgR + 1, A2> >(); }
      |                                                                             ^
../src/core/expr/jitasm.h:9943:19: note: in instantiation of function template specialization 'jitasm::detail::calling_convention_cdecl::ArgInfo2<void, unsigned char *, const long *>' requested here
 9943 |                         Arg<A2>(*this, ArgInfo2<void,A1,A2>()),
      |                                        ^
../src/core/expr/jitasm.h:9937:53: note: in instantiation of member function 'jitasm::function_cdecl<void, expr::(anonymous namespace)::ExprCompiler128, unsigned char *, const long *, long>::naked_main' requested here
 9937 |         void InternalMain() {static_cast<Derived *>(this)->naked_main();}
      |                                                            ^
../src/core/expr/jitcompiler_x86.cpp:975:14: note: in instantiation of member function 'jitasm::function_cdecl<void, expr::(anonymous namespace)::ExprCompiler128, unsigned char *, const long *, long>::InternalMain' requested here
  975 |     explicit ExprCompiler128(int numInputs) : cpuFeatures(*getCPUFeatures()), numInputs(numInputs), curLabel() {}
      |              ^
In file included from ../src/core/expr/jitcompiler_x86.cpp:28:
../src/core/expr/jitasm.h:8735:27: warning: bitwise operation between different enumeration types ('jitasm::detail::ArgTraits_linux64_integer::(unnamed enum at ../src/core/expr/jitasm.h:8674:3)' and 'jitasm::detail::(unnamed enum at ../src/core/expr/jitasm.h:8550:2)') is deprecated [-Wdeprecated-anon-enum-enum-conversion]
 8735 |                         if (CurArgTraits::flag & ARG_IN_MMX) next_arg_info.index_mmx++;
      |                             ~~~~~~~~~~~~~~~~~~ ^ ~~~~~~~~~~
../src/core/expr/jitasm.h:8743:28: warning: bitwise operation between different enumeration types ('jitasm::detail::ArgTraits_linux64_integer::(unnamed enum at ../src/core/expr/jitasm.h:8674:3)' and 'jitasm::detail::(unnamed enum at ../src/core/expr/jitasm.h:8550:2)') is deprecated [-Wdeprecated-anon-enum-enum-conversion]
 8743 |                         if (NextArgTraits::flag & ARG_IN_REG) {
      |                             ~~~~~~~~~~~~~~~~~~~ ^ ~~~~~~~~~~
../src/core/expr/jitasm.h:8747:27: warning: bitwise operation between different enumeration types ('jitasm::detail::ArgTraits_linux64_integer::(unnamed enum at ../src/core/expr/jitasm.h:8674:3)' and 'jitasm::detail::(unnamed enum at ../src/core/expr/jitasm.h:8550:2)') is deprecated [-Wdeprecated-anon-enum-enum-conversion]
 8747 |                         if (CurArgTraits::flag & ARG_IN_REG) {
      |                             ~~~~~~~~~~~~~~~~~~ ^ ~~~~~~~~~~
../src/core/expr/jitasm.h:8734:27: warning: bitwise operation between different enumeration types ('jitasm::detail::ArgTraits_linux64_integer::(unnamed enum at ../src/core/expr/jitasm.h:8674:3)' and 'jitasm::detail::(unnamed enum at ../src/core/expr/jitasm.h:8550:2)') is deprecated [-Wdeprecated-anon-enum-enum-conversion]
 8734 |                         if (CurArgTraits::flag & ARG_IN_REG) next_arg_info.index_gp++;
      |                             ~~~~~~~~~~~~~~~~~~ ^ ~~~~~~~~~~
../src/core/expr/jitasm.h:9222:62: note: in instantiation of function template specialization 'jitasm::detail::ArgInfo::Next<jitasm::detail::calling_convention_cdecl::ArgTraits<1, const long *>, jitasm::detail::calling_convention_cdecl::ArgTraits<2, long>>' requested here
 9222 |                 ArgInfo ArgInfo3()      { return ArgInfo(ArgInfo2<R, A1, A2>()).Next< ArgTraits<ResultT<R>::ArgR + 1, A2>, ArgTraits<ResultT<R>::ArgR + 2, A3> >(); }
      |                                                                                 ^
../src/core/expr/jitasm.h:9944:19: note: in instantiation of function template specialization 'jitasm::detail::calling_convention_cdecl::ArgInfo3<void, unsigned char *, const long *, long>' requested here
 9944 |                         Arg<A3>(*this, ArgInfo3<void,A1,A2,A3>()));
      |                                        ^
../src/core/expr/jitasm.h:9937:53: note: in instantiation of member function 'jitasm::function_cdecl<void, expr::(anonymous namespace)::ExprCompiler128, unsigned char *, const long *, long>::naked_main' requested here
 9937 |         void InternalMain() {static_cast<Derived *>(this)->naked_main();}
      |                                                            ^
../src/core/expr/jitcompiler_x86.cpp:975:14: note: in instantiation of member function 'jitasm::function_cdecl<void, expr::(anonymous namespace)::ExprCompiler128, unsigned char *, const long *, long>::InternalMain' requested here
  975 |     explicit ExprCompiler128(int numInputs) : cpuFeatures(*getCPUFeatures()), numInputs(numInputs), curLabel() {}
      |              ^
In file included from ../src/core/expr/jitcompiler_x86.cpp:28:
../src/core/expr/jitasm.h:8735:27: warning: bitwise operation between different enumeration types ('jitasm::detail::ArgTraits_linux64_integer::(unnamed enum at ../src/core/expr/jitasm.h:8674:3)' and 'jitasm::detail::(unnamed enum at ../src/core/expr/jitasm.h:8550:2)') is deprecated [-Wdeprecated-anon-enum-enum-conversion]
 8735 |                         if (CurArgTraits::flag & ARG_IN_MMX) next_arg_info.index_mmx++;
      |                             ~~~~~~~~~~~~~~~~~~ ^ ~~~~~~~~~~
../src/core/expr/jitasm.h:8743:28: warning: bitwise operation between different enumeration types ('jitasm::detail::ArgTraits_linux64_integer::(unnamed enum at ../src/core/expr/jitasm.h:8674:3)' and 'jitasm::detail::(unnamed enum at ../src/core/expr/jitasm.h:8550:2)') is deprecated [-Wdeprecated-anon-enum-enum-conversion]
 8743 |                         if (NextArgTraits::flag & ARG_IN_REG) {
      |                             ~~~~~~~~~~~~~~~~~~~ ^ ~~~~~~~~~~
../src/core/expr/jitasm.h:8747:27: warning: bitwise operation between different enumeration types ('jitasm::detail::ArgTraits_linux64_integer::(unnamed enum at ../src/core/expr/jitasm.h:8674:3)' and 'jitasm::detail::(unnamed enum at ../src/core/expr/jitasm.h:8550:2)') is deprecated [-Wdeprecated-anon-enum-enum-conversion]
 8747 |                         if (CurArgTraits::flag & ARG_IN_REG) {
      |                             ~~~~~~~~~~~~~~~~~~ ^ ~~~~~~~~~~
../src/core/expr/jitcompiler_x86.cpp:115:30: warning: unused variable 'float_511' [-Wunused-const-variable]
  115 |         static constexpr int float_511 = 8;
      |                              ^~~~~~~~~
../src/core/expr/jitcompiler_x86.cpp:116:30: warning: unused variable 'float_1023' [-Wunused-const-variable]
  116 |         static constexpr int float_1023 = 9;
      |                              ^~~~~~~~~~
../src/core/expr/jitcompiler_x86.cpp:117:30: warning: unused variable 'float_2047' [-Wunused-const-variable]
  117 |         static constexpr int float_2047 = 10;
      |                              ^~~~~~~~~~
../src/core/expr/jitcompiler_x86.cpp:118:30: warning: unused variable 'float_4095' [-Wunused-const-variable]
  118 |         static constexpr int float_4095 = 11;
      |                              ^~~~~~~~~~
../src/core/expr/jitcompiler_x86.cpp:119:30: warning: unused variable 'float_8191' [-Wunused-const-variable]
  119 |         static constexpr int float_8191 = 12;
      |                              ^~~~~~~~~~
../src/core/expr/jitcompiler_x86.cpp:120:30: warning: unused variable 'float_16383' [-Wunused-const-variable]
  120 |         static constexpr int float_16383 = 13;
      |                              ^~~~~~~~~~~
../src/core/expr/jitcompiler_x86.cpp:121:30: warning: unused variable 'float_32767' [-Wunused-const-variable]
  121 |         static constexpr int float_32767 = 14;
      |                              ^~~~~~~~~~~
../src/core/expr/jitcompiler_x86.cpp:122:30: warning: unused variable 'float_65535' [-Wunused-const-variable]
  122 |         static constexpr int float_65535 = 15;
      |                              ^~~~~~~~~~~
../src/core/expr/jitcompiler_x86.cpp:1073:30: warning: unused variable 'float_511' [-Wunused-const-variable]
 1073 |         static constexpr int float_511 = 8;
      |                              ^~~~~~~~~
../src/core/expr/jitcompiler_x86.cpp:1074:30: warning: unused variable 'float_1023' [-Wunused-const-variable]
 1074 |         static constexpr int float_1023 = 9;
      |                              ^~~~~~~~~~
../src/core/expr/jitcompiler_x86.cpp:1075:30: warning: unused variable 'float_2047' [-Wunused-const-variable]
 1075 |         static constexpr int float_2047 = 10;
      |                              ^~~~~~~~~~
../src/core/expr/jitcompiler_x86.cpp:1076:30: warning: unused variable 'float_4095' [-Wunused-const-variable]
 1076 |         static constexpr int float_4095 = 11;
      |                              ^~~~~~~~~~
../src/core/expr/jitcompiler_x86.cpp:1077:30: warning: unused variable 'float_8191' [-Wunused-const-variable]
 1077 |         static constexpr int float_8191 = 12;
      |                              ^~~~~~~~~~
../src/core/expr/jitcompiler_x86.cpp:1078:30: warning: unused variable 'float_16383' [-Wunused-const-variable]
 1078 |         static constexpr int float_16383 = 13;
      |                              ^~~~~~~~~~~
../src/core/expr/jitcompiler_x86.cpp:1079:30: warning: unused variable 'float_32767' [-Wunused-const-variable]
 1079 |         static constexpr int float_32767 = 14;
      |                              ^~~~~~~~~~~
../src/core/expr/jitcompiler_x86.cpp:1080:30: warning: unused variable 'float_65535' [-Wunused-const-variable]
 1080 |         static constexpr int float_65535 = 15;
      |                              ^~~~~~~~~~~
../src/core/expr/jitcompiler_x86.cpp:1081:30: warning: unused variable 'i16min_epi16' [-Wunused-const-variable]
 1081 |         static constexpr int i16min_epi16 = 16;
      |                              ^~~~~~~~~~~~
../src/core/expr/jitcompiler_x86.cpp:1082:30: warning: unused variable 'i16min_epi32' [-Wunused-const-variable]
 1082 |         static constexpr int i16min_epi32 = 17;
      |                              ^~~~~~~~~~~~
../src/core/expr/jitcompiler_x86.cpp:1767:30: warning: unused variable 'i16min_epi16' [-Wunused-const-variable]
 1767 |         static constexpr int i16min_epi16 = 16;
      |                              ^~~~~~~~~~~~
../src/core/expr/jitcompiler_x86.cpp:1768:30: warning: unused variable 'i16min_epi32' [-Wunused-const-variable]
 1768 |         static constexpr int i16min_epi32 = 17;
      |                              ^~~~~~~~~~~~
28 warnings generated.
+ cd mpv
+ git remote set-url origin https://github.com/mpv-player/mpv.git
+ git fetch
+ git submodule update --init
+ checkout ffmpeg master
+ local branch=master
+ [ -z  ]
+ [ -d config/ ]
+ [ -f config/branch-ffmpeg ]
+ cat config/branch-ffmpeg
+ branch=master
+ do_gitmaster ffmpeg
+ set -ex
+ cd ffmpeg
+ git checkout origin/master
Note: switching to 'origin/master'.

You are in 'detached HEAD' state. You can look around, make experimental
changes and commit them, and you can discard any commits you make in this
state without impacting any branches by switching back to a branch.

If you want to create a new branch to retain commits you create, you may
do so (now or later) by using -c with the switch command. Example:

  git switch -c <new-branch-name>

Or undo this operation with:

  git switch -

Turn off this advice by setting config variable advice.detachedHead to false

HEAD is now at a1d17fdd28 avformat/mp3dec: parse iTunes gapless info
+ git remote prune origin
+ checkout libass master
+ local branch=master
+ [ -z  ]
+ [ -d config/ ]
+ [ -f config/branch-libass ]
+ cat config/branch-libass
+ branch=master
+ do_gitmaster libass
+ set -ex
+ cd libass
+ git checkout origin/master
Note: switching to 'origin/master'.

You are in 'detached HEAD' state. You can look around, make experimental
changes and commit them, and you can discard any commits you make in this
state without impacting any branches by switching back to a branch.

If you want to create a new branch to retain commits you create, you may
do so (now or later) by using -c with the switch command. Example:

  git switch -c <new-branch-name>

Or undo this operation with:

  git switch -

Turn off this advice by setting config variable advice.detachedHead to false

HEAD is now at 3087d2b ci/gha/vm: upgrade cross-platform-action to new syntax
+ git remote prune origin
+ checkout libplacebo master
+ local branch=master
+ [ -z  ]
+ [ -d config/ ]
+ [ -f config/branch-libplacebo ]
+ do_gitmaster libplacebo
+ set -ex
+ cd libplacebo
+ git checkout origin/master
Note: switching to 'origin/master'.

You are in 'detached HEAD' state. You can look around, make experimental
changes and commit them, and you can discard any commits you make in this
state without impacting any branches by switching back to a branch.

If you want to create a new branch to retain commits you create, you may
do so (now or later) by using -c with the switch command. Example:

  git switch -c <new-branch-name>

Or undo this operation with:

  git switch -

Turn off this advice by setting config variable advice.detachedHead to false

HEAD is now at 22ee762e shaders/colorspace: don't nuke alpha in pl_shader_extract_features()
+ git remote prune origin
+ checkout mpv master
+ local branch=master
+ [ -z  ]
+ [ -d config/ ]
+ [ -f config/branch-mpv ]
+ cat config/branch-mpv
+ branch=master
+ do_gitmaster mpv
+ set -ex
+ cd mpv
+ git checkout origin/master
Note: switching to 'origin/master'.

You are in 'detached HEAD' state. You can look around, make experimental
changes and commit them, and you can discard any commits you make in this
state without impacting any branches by switching back to a branch.

If you want to create a new branch to retain commits you create, you may
do so (now or later) by using -c with the switch command. Example:

  git switch -c <new-branch-name>

Or undo this operation with:

  git switch -

Turn off this advice by setting config variable advice.detachedHead to false

HEAD is now at e7191f2a65 demux_lavf: select initial edition only by the program's variant_bitrate
+ git remote prune origin
+ do_update_debian_versions
+ scripts/debian-update-versions
[132/134] Linking target libvapoursynthfilters.so
[133/134] Linking target libvapoursynthfilters_avx2.so
[134/134] Linking target libvapoursynthfilters_zn4.so
INFO: autodetecting backend as ninja
INFO: calculating backend command to run: /opt/vapoursynth-venv/bin/ninja -C /home/tay/builds/app-build-scripts-ubuntu26/vapoursynth/build
ninja: Entering directory `/home/tay/builds/app-build-scripts-ubuntu26/vapoursynth/build'
ninja: no work to do.
Compiling '/usr/local/lib/python3.14/site-packages/vapoursynth/__init__.py'...
Compiling '/usr/local/lib/python3.14/site-packages/vapoursynth/__main__.py'...
Compiling '/usr/local/lib/python3.14/site-packages/vapoursynth/_cli.py'...
Compiling '/usr/local/lib/python3.14/site-packages/vapoursynth/_shell.py'...
Compiling '/usr/local/lib/python3.14/site-packages/vapoursynth/_utils.py'...
Installing subdir /home/tay/builds/app-build-scripts-ubuntu26/vapoursynth/include to /usr/local/lib/python3.14/site-packages/vapoursynth/include
Installing /home/tay/builds/app-build-scripts-ubuntu26/vapoursynth/include/VSScript4.h to /usr/local/lib/python3.14/site-packages/vapoursynth/include
Installing /home/tay/builds/app-build-scripts-ubuntu26/vapoursynth/include/VSHelper4.h to /usr/local/lib/python3.14/site-packages/vapoursynth/include
Installing /home/tay/builds/app-build-scripts-ubuntu26/vapoursynth/include/VapourSynth4.h to /usr/local/lib/python3.14/site-packages/vapoursynth/include
Installing /home/tay/builds/app-build-scripts-ubuntu26/vapoursynth/include/VSConstants4.h to /usr/local/lib/python3.14/site-packages/vapoursynth/include
Installing libvapoursynth.so.4 to /usr/local/lib/python3.14/site-packages/vapoursynth
Installing vapoursynth.abi3.so to /usr/local/lib/python3.14/site-packages/vapoursynth
Installing libvsscript.so to /usr/local/lib/python3.14/site-packages/vapoursynth
Installing vspipe to /usr/local/lib/python3.14/site-packages/vapoursynth
Installing libvapoursynthfilters.so to /usr/local/lib/python3.14/site-packages/vapoursynth
Installing libvapoursynthfilters_avx2.so to /usr/local/lib/python3.14/site-packages/vapoursynth
Installing libvapoursynthfilters_zn4.so to /usr/local/lib/python3.14/site-packages/vapoursynth
Installing /home/tay/builds/app-build-scripts-ubuntu26/vapoursynth/src/py/__init__.py to /usr/local/lib/python3.14/site-packages/vapoursynth
Installing /home/tay/builds/app-build-scripts-ubuntu26/vapoursynth/src/py/__main__.py to /usr/local/lib/python3.14/site-packages/vapoursynth
Installing /home/tay/builds/app-build-scripts-ubuntu26/vapoursynth/src/py/_cli.py to /usr/local/lib/python3.14/site-packages/vapoursynth
Installing /home/tay/builds/app-build-scripts-ubuntu26/vapoursynth/src/py/_shell.py to /usr/local/lib/python3.14/site-packages/vapoursynth
Installing /home/tay/builds/app-build-scripts-ubuntu26/vapoursynth/src/py/_utils.py to /usr/local/lib/python3.14/site-packages/vapoursynth
Installing /home/tay/builds/app-build-scripts-ubuntu26/vapoursynth/src/py/vapoursynth.pyi to /usr/local/lib/python3.14/site-packages/vapoursynth
Installing /home/tay/builds/app-build-scripts-ubuntu26/vapoursynth/build/vapoursynth.pc to /usr/local/lib/python3.14/site-packages/vapoursynth/pkgconfig
Installing symlink pointing to libvapoursynth.so.4 to /usr/local/lib/python3.14/site-packages/vapoursynth/libvapoursynth.so
Running custom install script '/opt/vapoursynth-venv/bin/python /home/tay/builds/app-build-scripts-ubuntu26/vapoursynth/build/meson-private/pycompile.py python-3.14-installed.json 0'

======================================
 Building mpv and FFmpeg with mpv-build
======================================
[INFO] Configuring FFmpeg options dynamically based on GPU...
[INFO] Intel GPU detected. Enabling VAAPI and OpenVINO, disabling AMD/Nvidia specific hwaccels.
[INFO] Configuring mpv options...
[INFO] Running rebuild to compile FFmpeg and mpv (PGO Pass 1)...
+ git pull --rebase
Already up to date.
+ do_clone_all
+ do_clone ffmpeg https://github.com/FFmpeg/FFmpeg.git
+ set -ex
+ test -e ffmpeg
+ cd ffmpeg
+ git remote set-url origin https://github.com/FFmpeg/FFmpeg.git
+ git fetch
+ git submodule update --init
+ do_clone libass https://github.com/libass/libass.git
+ set -ex
+ test -e libass
+ cd libass
+ git remote set-url origin https://github.com/libass/libass.git
+ git fetch
+ git submodule update --init
+ do_clone libplacebo https://github.com/haasn/libplacebo.git
+ set -ex
+ test -e libplacebo
+ cd libplacebo
+ git remote set-url origin https://github.com/haasn/libplacebo.git
+ git fetch
+ git submodule update --init
+ do_clone mpv https://github.com/mpv-player/mpv.git
+ set -ex
+ test -e mpv
+ cd mpv
+ git remote set-url origin https://github.com/mpv-player/mpv.git
+ git fetch
+ git submodule update --init
+ checkout ffmpeg master
+ local branch=master
+ [ -z  ]
+ [ -d config/ ]
+ [ -f config/branch-ffmpeg ]
+ cat config/branch-ffmpeg
+ branch=master
+ do_gitmaster ffmpeg
+ set -ex
+ cd ffmpeg
+ git checkout origin/master
HEAD is now at a1d17fdd28 avformat/mp3dec: parse iTunes gapless info
+ git remote prune origin
+ checkout libass master
+ local branch=master
+ [ -z  ]
+ [ -d config/ ]
+ [ -f config/branch-libass ]
+ cat config/branch-libass
+ branch=master
+ do_gitmaster libass
+ set -ex
+ cd libass
+ git checkout origin/master
HEAD is now at 3087d2b ci/gha/vm: upgrade cross-platform-action to new syntax
+ git remote prune origin
+ checkout libplacebo master
+ local branch=master
+ [ -z  ]
+ [ -d config/ ]
+ [ -f config/branch-libplacebo ]
+ do_gitmaster libplacebo
+ set -ex
+ cd libplacebo
+ git checkout origin/master
HEAD is now at 22ee762e shaders/colorspace: don't nuke alpha in pl_shader_extract_features()
+ git remote prune origin
+ checkout mpv master
+ local branch=master
+ [ -z  ]
+ [ -d config/ ]
+ [ -f config/branch-mpv ]
+ cat config/branch-mpv
+ branch=master
+ do_gitmaster mpv
+ set -ex
+ cd mpv
+ git checkout origin/master
HEAD is now at e7191f2a65 demux_lavf: select initial edition only by the program's variant_bitrate
+ git remote prune origin
+ do_update_debian_versions
+ scripts/debian-update-versions
Using libplacebo options: -Ddefault_library=static -Dtests=false -Ddemos=false
The Meson build system
Version: 1.12.0
Source dir: /home/tay/builds/app-build-scripts-ubuntu26/mpv-build/libplacebo
Build dir: /home/tay/builds/app-build-scripts-ubuntu26/mpv-build/libplacebo/build
Build type: native build
Project name: libplacebo
Project version: 7.371.0
C compiler for the host machine: clang (clang 21.1.8 "Ubuntu clang version 21.1.8 (6ubuntu1)")
C linker for the host machine: clang ld.lld 21.1.8
C++ compiler for the host machine: clang++ (clang 21.1.8 "Ubuntu clang version 21.1.8 (6ubuntu1)")
C++ linker for the host machine: clang++ ld.lld 21.1.8
Host machine cpu family: x86_64
Host machine cpu: x86_64
Compiler for C supports arguments -Wincompatible-pointer-types: YES 
Compiler for C supports arguments -Wc23-extensions: YES 
Compiler for C supports link arguments -Wl,--exclude-libs=ALL: YES 
Library m found: YES
Program python3 found: YES (/opt/vapoursynth-venv/bin/python)
Run-time dependency threads found: YES
Header "pthread.h" has symbol "pthread_condattr_setclock" with dependency threads: YES 
Found pkg-config: YES (/usr/bin/pkg-config) 2.5.1
Found CMake: /usr/bin/cmake (4.2.3)
Run-time dependency libunwind found: NO  (tried pkg-config and cmake)
Library execinfo found: NO
Checking for function "backtrace_symbols" with dependency -lexecinfo: YES 
Check usable header "dbghelp.h" : NO 
Fetching value of define "__MINGW32__" : (undefined) 
Run-time dependency shaderc found: YES 2026.1.1
Header "shaderc/shaderc.h" has symbol "shaderc_env_version_vulkan_1_4" with dependency shaderc: YES 
Header "shaderc/shaderc.h" has symbol "shaderc_env_version_vulkan_1_3" with dependency shaderc: YES 
Message: Skipping `glslang` because `shaderc` is available
Check usable header "d3d11.h" : NO 
Check usable header "d3d11_4.h" : NO 
Check usable header "dxgi1_6.h" : NO 
Run-time dependency spirv-cross-c-shared found: NO  (tried pkg-config and cmake)
Library version found: NO
Library dl found: YES
Run-time dependency vulkan found: YES 1.4.341
Header "vulkan/vulkan_core.h" has symbol "VK_VERSION_1_4" : YES 
Run-time dependency lcms2 found: YES 2.17
Run-time dependency dovi found: NO  (tried pkg-config and cmake)
Run-time dependency libxxhash found: YES 0.8.3
Configuring config.h using configuration
Configuring config_internal.h using configuration
WARNING: Library target 'placebo' has 'name_prefix' set. Compilers may not find it from its '-lplacebo' linker flag in the 'libplacebo.pc' pkg-config file.
WARNING: Library target 'placebo' has 'name_prefix' set. Compilers may not find it from its '-lplacebo' linker flag in the 'libplacebo-uninstalled.pc' pkg-config file.
Found pkg-config: YES (/usr/bin/pkg-config) 2.5.1
Build targets in project: 17

libplacebo 7.371.0

  Optional features
    d3d11          : NO
    dovi           : YES
    gl-proc-addr   : YES
    glslang        : NO
    lcms           : YES
    libdovi        : NO
    opengl         : YES
    shaderc        : YES
    vk-proc-addr   : YES
    vulkan         : YES
    xxhash         : YES

  User defined options
    default_library: static
    demos          : false
    libdir         : /home/tay/builds/app-build-scripts-ubuntu26/mpv-build/build_libs/lib
    prefix         : /home/tay/builds/app-build-scripts-ubuntu26/mpv-build/build_libs
    tests          : false

Found ninja-1.13.0.git.kitware.jobserver-pipe-1 at /opt/vapoursynth-venv/bin/ninja
Generating targets:   0%|          | 0/17 eta ?                                               Writing build.ninja:   0%|          | 0/101 eta ?                                                 ninja: Entering directory `libplacebo/build'
[1/74] Generating src/shaders/film_grain.c with a custom command (wrapped by meson to set env)
[2/74] Generating src/shaders.c with a custom command (wrapped by meson to set env)
[3/74] Generating src/shaders/custom_mpv.c with a custom command (wrapped by meson to set env)
[4/74] Generating src/renderer.c with a custom command (wrapped by meson to set env)
[5/74] Generating src/shaders/colorspace.c with a custom command (wrapped by meson to set env)
[6/74] Generating src/shaders/custom.c with a custom command (wrapped by meson to set env)
[7/74] Generating src/shaders/dithering.c with a custom command (wrapped by meson to set env)
[8/74] Generating src/shaders/deinterlacing.c with a custom command (wrapped by meson to set env)
[9/74] Generating src/version.h with a custom command
[10/74] Generating src/shaders/film_grain_h274.c with a custom command (wrapped by meson to set env)
[11/74] Generating src/shaders/icc.c with a custom command (wrapped by meson to set env)
[12/74] Generating src/shaders/film_grain_av1.c with a custom command (wrapped by meson to set env)
[13/74] Generating src/shaders/lut.c with a custom command (wrapped by meson to set env)
[14/74] Generating src/shaders/sampling.c with a custom command (wrapped by meson to set env)
[15/74] Generating src/vulkan/utils_gen.c with a custom command (wrapped by meson to set env)
[16/74] Generating src/opengl/include/glad/gl.h with a custom command (wrapped by meson to set env)
[21.08.2026 02:32:19][INFO	][glad   	]: getting 'gl' specification from remote location
[21.08.2026 02:32:19][DEBUG	][glad.files	]: intercepted attempt to retrieve resource: 'https://raw.githubusercontent.com/KhronosGroup/OpenGL-Registry/main/xml/gl.xml'
[21.08.2026 02:32:19][INFO	][glad   	]: getting 'egl' specification from remote location
[21.08.2026 02:32:19][DEBUG	][glad.files	]: intercepted attempt to retrieve resource: 'https://raw.githubusercontent.com/KhronosGroup/EGL-Registry/main/api/egl.xml'
[21.08.2026 02:32:19][INFO	][glad   	]: generating gl:core/gl=None
[21.08.2026 02:32:19][INFO	][glad   	]: no explicit version given for api gl, using Version(major=4, minor=6)
[21.08.2026 02:32:19][INFO	][glad   	]: generating gles2:None/gl=None
[21.08.2026 02:32:19][INFO	][glad   	]: no explicit version given for api gles2, using Version(major=3, minor=2)
[21.08.2026 02:32:19][INFO	][glad   	]: merging [FeatureSet(name=gl, info=[gl:core=4.6], extensions=22), FeatureSet(name=gles2, info=[gles2=3.2], extensions=9)]
[21.08.2026 02:32:19][INFO	][glad   	]: merged into FeatureSet(name=gl, info=[gl:core=4.6, gles2=3.2], extensions=29)
[21.08.2026 02:32:19][INFO	][glad   	]: generating feature set FeatureSet(name=gl, info=[gl:core=4.6, gles2=3.2], extensions=29)
[21.08.2026 02:32:19][DEBUG	][glad.files	]: intercepted attempt to retrieve resource: 'https://raw.githubusercontent.com/KhronosGroup/EGL-Registry/main/api/KHR/khrplatform.h'
[21.08.2026 02:32:20][INFO	][glad   	]: generating egl:None/egl=None
[21.08.2026 02:32:20][INFO	][glad   	]: no explicit version given for api egl, using Version(major=1, minor=5)
[21.08.2026 02:32:20][INFO	][glad   	]: merging [FeatureSet(name=egl, info=[egl=1.5], extensions=7)]
[21.08.2026 02:32:20][INFO	][glad   	]: merged into FeatureSet(name=egl, info=[egl=1.5], extensions=7)
[21.08.2026 02:32:20][INFO	][glad   	]: generating feature set FeatureSet(name=egl, info=[egl=1.5], extensions=7)
[21.08.2026 02:32:20][DEBUG	][glad.files	]: intercepted attempt to retrieve resource: 'https://raw.githubusercontent.com/KhronosGroup/EGL-Registry/main/api/EGL/eglplatform.h'

[17/74] Compiling C object src/libplacebo.a.p/meson-generated_.._shaders_custom.c.o
[18/74] Compiling C object src/libplacebo.a.p/meson-generated_.._shaders_dithering.c.o
[19/74] Compiling C object src/libplacebo.a.p/meson-generated_.._shaders.c.o
[20/74] Compiling C object src/libplacebo.a.p/meson-generated_.._shaders_deinterlacing.c.o
[21/74] Compiling C object src/libplacebo.a.p/meson-generated_.._shaders_film_grain.c.o
[22/74] Compiling C object src/libplacebo.a.p/meson-generated_.._shaders_film_grain_h274.c.o
[23/74] Compiling C object src/libplacebo.a.p/meson-generated_.._shaders_icc.c.o
[24/74] Compiling C object src/libplacebo.a.p/meson-generated_.._shaders_film_grain_av1.c.o
[25/74] Compiling C object src/libplacebo.a.p/meson-generated_.._shaders_colorspace.c.o
[26/74] Compiling C object src/libplacebo.a.p/cache.c.o
[27/74] Compiling C object src/libplacebo.a.p/meson-generated_.._shaders_lut.c.o
[28/74] Compiling C object src/libplacebo.a.p/meson-generated_.._vulkan_utils_gen.c.o
[29/74] Compiling C object src/libplacebo.a.p/common.c.o
[30/74] Compiling C object src/libplacebo.a.p/meson-generated_.._shaders_custom_mpv.c.o
[31/74] Compiling C object src/libplacebo.a.p/meson-generated_.._renderer.c.o
[32/74] Compiling C object src/libplacebo.a.p/colorspace.c.o
[33/74] Compiling C object src/libplacebo.a.p/format.c.o
[34/74] Compiling C object src/libplacebo.a.p/meson-generated_.._shaders_sampling.c.o
[35/74] Compiling C object src/libplacebo.a.p/glsl_spirv.c.o
[36/74] Compiling C object src/libplacebo.a.p/dummy.c.o
[37/74] Compiling C object src/libplacebo.a.p/filters.c.o
[38/74] Compiling C object src/libplacebo.a.p/dither.c.o
[39/74] Compiling C object src/libplacebo.a.p/log.c.o
[40/74] Compiling C object src/libplacebo.a.p/pl_alloc.c.o
[41/74] Compiling C object src/libplacebo.a.p/swapchain.c.o
[42/74] Compiling C object src/libplacebo.a.p/options.c.o
[43/74] Compiling C object src/libplacebo.a.p/utils_dolbyvision.c.o
[44/74] Compiling C object src/libplacebo.a.p/dispatch.c.o
[45/74] Compiling C object src/libplacebo.a.p/gpu_utils.c.o
[46/74] Compiling C object src/libplacebo.a.p/gpu.c.o
[47/74] Compiling C object src/libplacebo.a.p/gamut_mapping.c.o
[48/74] Compiling C object src/libplacebo.a.p/utils_upload.c.o
[49/74] Compiling C object src/libplacebo.a.p/opengl_formats.c.o
[50/74] Compiling C object src/libplacebo.a.p/glsl_spirv_shaderc.c.o
[51/74] Compiling C object src/libplacebo.a.p/opengl_context.c.o
[52/74] Compiling C object src/libplacebo.a.p/tone_mapping.c.o
[53/74] Compiling C object src/libplacebo.a.p/opengl_loader_egl.c.o
[54/74] Compiling C object src/libplacebo.a.p/utils_frame_queue.c.o
[55/74] Compiling C object src/libplacebo.a.p/pl_string.c.o
[56/74] Compiling C object src/libplacebo.a.p/opengl_swapchain.c.o
[57/74] Compiling C object src/libplacebo.a.p/opengl_utils.c.o
[58/74] Compiling C object src/libplacebo.a.p/vulkan_formats.c.o
[59/74] Compiling C object src/libplacebo.a.p/vulkan_command.c.o
[60/74] Compiling C++ object src/libplacebo.a.p/convert.cc.o
[61/74] Compiling C object src/libplacebo.a.p/opengl_gpu_tex.c.o
[62/74] Compiling C object src/libplacebo.a.p/vulkan_gpu_buf.c.o
[63/74] Compiling C object src/libplacebo.a.p/vulkan_gpu.c.o
[64/74] Compiling C object src/libplacebo.a.p/vulkan_gpu_tex.c.o
[65/74] Compiling C object src/libplacebo.a.p/vulkan_context.c.o
[66/74] Compiling C object src/libplacebo.a.p/opengl_gpu_pass.c.o
[67/74] Compiling C object src/libplacebo.a.p/opengl_gpu.c.o
[68/74] Compiling C object src/libplacebo.a.p/opengl_loader_gl.c.o
[69/74] Compiling C object src/libplacebo.a.p/vulkan_utils.c.o
[70/74] Compiling C object src/libplacebo.a.p/vulkan_gpu_pass.c.o
[71/74] Compiling C object src/libplacebo.a.p/vulkan_swapchain.c.o
[72/74] Compiling C object src/libplacebo.a.p/vulkan_malloc.c.o
[73/74] Linking static target src/libplacebo.a
[73/74] Installing files
Installing src/libplacebo.a to /home/tay/builds/app-build-scripts-ubuntu26/mpv-build/build_libs/lib
Installing /home/tay/builds/app-build-scripts-ubuntu26/mpv-build/libplacebo/src/include/libplacebo/cache.h to /home/tay/builds/app-build-scripts-ubuntu26/mpv-build/build_libs/include/libplacebo
Installing /home/tay/builds/app-build-scripts-ubuntu26/mpv-build/libplacebo/src/include/libplacebo/colorspace.h to /home/tay/builds/app-build-scripts-ubuntu26/mpv-build/build_libs/include/libplacebo
Installing /home/tay/builds/app-build-scripts-ubuntu26/mpv-build/libplacebo/src/include/libplacebo/common.h to /home/tay/builds/app-build-scripts-ubuntu26/mpv-build/build_libs/include/libplacebo
Installing /home/tay/builds/app-build-scripts-ubuntu26/mpv-build/libplacebo/src/include/libplacebo/d3d11.h to /home/tay/builds/app-build-scripts-ubuntu26/mpv-build/build_libs/include/libplacebo
Installing /home/tay/builds/app-build-scripts-ubuntu26/mpv-build/libplacebo/src/include/libplacebo/dispatch.h to /home/tay/builds/app-build-scripts-ubuntu26/mpv-build/build_libs/include/libplacebo
Installing /home/tay/builds/app-build-scripts-ubuntu26/mpv-build/libplacebo/src/include/libplacebo/dither.h to /home/tay/builds/app-build-scripts-ubuntu26/mpv-build/build_libs/include/libplacebo
Installing /home/tay/builds/app-build-scripts-ubuntu26/mpv-build/libplacebo/src/include/libplacebo/dummy.h to /home/tay/builds/app-build-scripts-ubuntu26/mpv-build/build_libs/include/libplacebo
Installing /home/tay/builds/app-build-scripts-ubuntu26/mpv-build/libplacebo/src/include/libplacebo/filters.h to /home/tay/builds/app-build-scripts-ubuntu26/mpv-build/build_libs/include/libplacebo
Installing /home/tay/builds/app-build-scripts-ubuntu26/mpv-build/libplacebo/src/include/libplacebo/gamut_mapping.h to /home/tay/builds/app-build-scripts-ubuntu26/mpv-build/build_libs/include/libplacebo
Installing /home/tay/builds/app-build-scripts-ubuntu26/mpv-build/libplacebo/src/include/libplacebo/gpu.h to /home/tay/builds/app-build-scripts-ubuntu26/mpv-build/build_libs/include/libplacebo
Installing /home/tay/builds/app-build-scripts-ubuntu26/mpv-build/libplacebo/src/include/libplacebo/log.h to /home/tay/builds/app-build-scripts-ubuntu26/mpv-build/build_libs/include/libplacebo
Installing /home/tay/builds/app-build-scripts-ubuntu26/mpv-build/libplacebo/src/include/libplacebo/opengl.h to /home/tay/builds/app-build-scripts-ubuntu26/mpv-build/build_libs/include/libplacebo
Installing /home/tay/builds/app-build-scripts-ubuntu26/mpv-build/libplacebo/src/include/libplacebo/options.h to /home/tay/builds/app-build-scripts-ubuntu26/mpv-build/build_libs/include/libplacebo
Installing /home/tay/builds/app-build-scripts-ubuntu26/mpv-build/libplacebo/src/include/libplacebo/renderer.h to /home/tay/builds/app-build-scripts-ubuntu26/mpv-build/build_libs/include/libplacebo
Installing /home/tay/builds/app-build-scripts-ubuntu26/mpv-build/libplacebo/src/include/libplacebo/shaders/colorspace.h to /home/tay/builds/app-build-scripts-ubuntu26/mpv-build/build_libs/include/libplacebo/shaders
Installing /home/tay/builds/app-build-scripts-ubuntu26/mpv-build/libplacebo/src/include/libplacebo/shaders/custom.h to /home/tay/builds/app-build-scripts-ubuntu26/mpv-build/build_libs/include/libplacebo/shaders
Installing /home/tay/builds/app-build-scripts-ubuntu26/mpv-build/libplacebo/src/include/libplacebo/shaders/deinterlacing.h to /home/tay/builds/app-build-scripts-ubuntu26/mpv-build/build_libs/include/libplacebo/shaders
Installing /home/tay/builds/app-build-scripts-ubuntu26/mpv-build/libplacebo/src/include/libplacebo/shaders/dithering.h to /home/tay/builds/app-build-scripts-ubuntu26/mpv-build/build_libs/include/libplacebo/shaders
Installing /home/tay/builds/app-build-scripts-ubuntu26/mpv-build/libplacebo/src/include/libplacebo/shaders/film_grain.h to /home/tay/builds/app-build-scripts-ubuntu26/mpv-build/build_libs/include/libplacebo/shaders
Installing /home/tay/builds/app-build-scripts-ubuntu26/mpv-build/libplacebo/src/include/libplacebo/shaders/icc.h to /home/tay/builds/app-build-scripts-ubuntu26/mpv-build/build_libs/include/libplacebo/shaders
Installing /home/tay/builds/app-build-scripts-ubuntu26/mpv-build/libplacebo/src/include/libplacebo/shaders/lut.h to /home/tay/builds/app-build-scripts-ubuntu26/mpv-build/build_libs/include/libplacebo/shaders
Installing /home/tay/builds/app-build-scripts-ubuntu26/mpv-build/libplacebo/src/include/libplacebo/shaders/sampling.h to /home/tay/builds/app-build-scripts-ubuntu26/mpv-build/build_libs/include/libplacebo/shaders
Installing /home/tay/builds/app-build-scripts-ubuntu26/mpv-build/libplacebo/src/include/libplacebo/shaders.h to /home/tay/builds/app-build-scripts-ubuntu26/mpv-build/build_libs/include/libplacebo
Installing /home/tay/builds/app-build-scripts-ubuntu26/mpv-build/libplacebo/src/include/libplacebo/swapchain.h to /home/tay/builds/app-build-scripts-ubuntu26/mpv-build/build_libs/include/libplacebo
Installing /home/tay/builds/app-build-scripts-ubuntu26/mpv-build/libplacebo/src/include/libplacebo/tone_mapping.h to /home/tay/builds/app-build-scripts-ubuntu26/mpv-build/build_libs/include/libplacebo
Installing /home/tay/builds/app-build-scripts-ubuntu26/mpv-build/libplacebo/src/include/libplacebo/utils/dav1d.h to /home/tay/builds/app-build-scripts-ubuntu26/mpv-build/build_libs/include/libplacebo/utils
Installing /home/tay/builds/app-build-scripts-ubuntu26/mpv-build/libplacebo/src/include/libplacebo/utils/dav1d_internal.h to /home/tay/builds/app-build-scripts-ubuntu26/mpv-build/build_libs/include/libplacebo/utils
Installing /home/tay/builds/app-build-scripts-ubuntu26/mpv-build/libplacebo/src/include/libplacebo/utils/dolbyvision.h to /home/tay/builds/app-build-scripts-ubuntu26/mpv-build/build_libs/include/libplacebo/utils
Installing /home/tay/builds/app-build-scripts-ubuntu26/mpv-build/libplacebo/src/include/libplacebo/utils/frame_queue.h to /home/tay/builds/app-build-scripts-ubuntu26/mpv-build/build_libs/include/libplacebo/utils
Installing /home/tay/builds/app-build-scripts-ubuntu26/mpv-build/libplacebo/src/include/libplacebo/utils/libav.h to /home/tay/builds/app-build-scripts-ubuntu26/mpv-build/build_libs/include/libplacebo/utils
Installing /home/tay/builds/app-build-scripts-ubuntu26/mpv-build/libplacebo/src/include/libplacebo/utils/libav_internal.h to /home/tay/builds/app-build-scripts-ubuntu26/mpv-build/build_libs/include/libplacebo/utils
Installing /home/tay/builds/app-build-scripts-ubuntu26/mpv-build/libplacebo/src/include/libplacebo/utils/upload.h to /home/tay/builds/app-build-scripts-ubuntu26/mpv-build/build_libs/include/libplacebo/utils
Installing /home/tay/builds/app-build-scripts-ubuntu26/mpv-build/libplacebo/src/include/libplacebo/vulkan.h to /home/tay/builds/app-build-scripts-ubuntu26/mpv-build/build_libs/include/libplacebo
Installing /home/tay/builds/app-build-scripts-ubuntu26/mpv-build/libplacebo/build/src/include/libplacebo/config.h to /home/tay/builds/app-build-scripts-ubuntu26/mpv-build/build_libs/include/libplacebo
Installing /home/tay/builds/app-build-scripts-ubuntu26/mpv-build/libplacebo/build/meson-private/libplacebo.pc to /home/tay/builds/app-build-scripts-ubuntu26/mpv-build/build_libs/lib/pkgconfig
[INFO] Patching libplacebo.pc to include -lstdc++ statically...
Running autoreconf...
autoreconf: export WARNINGS=
autoreconf: Entering directory '.'
autoreconf: configure.ac: not using Gettext
autoreconf: running: aclocal --force -I m4
autoreconf: configure.ac: tracing
autoreconf: running: libtoolize --copy --force
libtoolize: putting auxiliary files in '.'.
libtoolize: copying file './ltmain.sh'
libtoolize: putting macros in AC_CONFIG_MACRO_DIRS, 'm4'.
libtoolize: copying file 'm4/libtool.m4'
libtoolize: copying file 'm4/ltoptions.m4'
libtoolize: copying file 'm4/ltsugar.m4'
libtoolize: copying file 'm4/ltversion.m4'
libtoolize: copying file 'm4/lt~obsolete.m4'
autoreconf: configure.ac: not using Intltool
autoreconf: configure.ac: not using Gtkdoc
autoreconf: running: aclocal --force -I m4
autoreconf: running: /usr/bin/autoconf --force
autoreconf: running: /usr/bin/autoheader --force
autoreconf: running: automake --add-missing --copy --force-missing
configure.ac:8: installing './compile'
configure.ac:6: installing './config.guess'
configure.ac:6: installing './config.sub'
configure.ac:2: installing './install-sh'
configure.ac:2: installing './missing'
Makefile.am: installing './depcomp'
parallel-tests: installing './test-driver'
autoreconf: Leaving directory '.'
checking for a BSD-compatible install... /usr/bin/install -c
checking whether sleep supports fractional seconds... yes
checking filesystem timestamp resolution... 0.01
checking whether build environment is sane... yes
checking for a race-free mkdir -p... /usr/bin/mkdir -p
checking for gawk... gawk
checking whether make sets $(MAKE)... yes
checking whether make supports nested variables... yes
checking xargs -n works... yes
checking whether UID '1000' is supported by ustar format... yes
checking whether GID '1000' is supported by ustar format... yes
checking how to create a ustar tar archive... gnutar
checking build system type... x86_64-pc-linux-gnu
checking host system type... x86_64-pc-linux-gnu
checking how to print strings... printf
checking whether make supports the include directive... yes (GNU style)
checking for gcc... clang
checking whether the C compiler works... yes
checking for C compiler default output file name... a.out
checking for suffix of executables... 
checking whether we are cross compiling... no
checking for suffix of object files... o
checking whether the compiler supports GNU C... yes
checking whether clang accepts -g... yes
checking for clang option to enable C11 features... none needed
checking whether clang understands -c and -o together... yes
checking dependency style of clang... gcc3
checking for a sed that does not truncate output... /usr/bin/sed
checking for grep that handles long lines and -e... /usr/bin/grep
checking for egrep... /usr/bin/grep -E
checking for fgrep... /usr/bin/grep -F
checking for ld used by clang... /usr/bin/ld
checking if the linker (/usr/bin/ld) is GNU ld... yes
checking for BSD- or MS-compatible name lister (nm)... llvm-nm
checking the name lister (llvm-nm) interface... BSD nm
checking whether ln -s works... yes
checking the maximum length of command line arguments... 1572864
checking how to convert x86_64-pc-linux-gnu file names to x86_64-pc-linux-gnu format... func_convert_file_noop
checking how to convert x86_64-pc-linux-gnu file names to toolchain format... func_convert_file_noop
checking for /usr/bin/ld option to reload object files... -r
checking for file... file
checking for objdump... objdump
checking how to recognize dependent libraries... pass_all
checking for dlltool... no
checking how to associate runtime and link libraries... printf %s\n
checking for ranlib... llvm-ranlib
checking for archiver @FILE support... @
checking for strip... strip
checking command to parse llvm-nm output from clang object... ok
checking for sysroot... no
checking for a working dd... /usr/bin/dd
checking how to truncate binary pipes... /usr/bin/dd bs=4096 count=1
checking for mt... mt
checking if mt is a manifest tool... no
checking for stdio.h... yes
checking for stdlib.h... yes
checking for string.h... yes
checking for inttypes.h... yes
checking for stdint.h... yes
checking for strings.h... yes
checking for sys/stat.h... yes
checking for sys/types.h... yes
checking for unistd.h... yes
checking for iconv.h... yes
checking for dlfcn.h... yes
checking for objdir... .libs
checking if clang supports -fno-rtti -fno-exceptions... yes
checking for clang option to produce PIC... -fPIC -DPIC
checking if clang PIC flag -fPIC -DPIC works... yes
checking if clang static flag -static works... yes
checking if clang supports -c -o file.o... yes
checking if clang supports -c -o file.o... (cached) yes
checking whether the clang linker (/usr/bin/ld -m elf_x86_64) supports shared libraries... yes
checking dynamic linker characteristics... GNU/Linux ld.so
checking how to hardcode library paths into programs... immediate
checking whether stripping libraries is possible... yes
checking if libtool supports shared libraries... yes
checking whether to build shared libraries... no
checking whether to build static libraries... yes
checking for gcc... (cached) clang
checking whether the compiler supports GNU C... (cached) yes
checking whether clang accepts -g... (cached) yes
checking for clang option to enable C11 features... (cached) none needed
checking whether clang understands -c and -o together... (cached) yes
checking dependency style of clang... (cached) gcc3
checking dependency style of clang... gcc3
checking for strdup... yes
checking for strndup... yes
checking whether C compiler accepts -fno-math-errno... yes
checking whether C compiler accepts /clang:-fno-math-errno... no
checking whether C compiler accepts -Wall... yes
checking whether C compiler accepts -Wextra... yes
checking whether C compiler accepts -Wno-sign-compare... yes
checking whether C compiler accepts -Wno-unused-parameter... yes
checking whether C compiler accepts -Wstrict-prototypes... yes
checking whether C compiler accepts -Wpointer-arith... yes
checking whether C compiler accepts -Werror-implicit-function-declaration... yes
checking whether C compiler accepts -Wredundant-decls... yes
checking whether C compiler accepts -Wno-missing-field-initializers... yes
checking whether C compiler accepts -Wformat-non-iso... yes
checking whether C compiler accepts -Werror=format-non-iso... yes
checking for library containing libiconv_open... no
checking for library containing iconv_open... none required
checking for library containing lrint... -lm
checking for pkg-config... /usr/bin/pkg-config
checking pkg-config is at least version 0.9.0... yes
checking for freetype2 >= 9.17.3... yes
checking for fribidi >= 0.19.1... yes
checking for harfbuzz >= 1.2.3... yes
checking for libunibreak >= 1.1... yes
checking for fontconfig >= 2.10.92... yes
checking for Core Text... no
checking for DirectWrite... no
checking for clang options needed to detect all undeclared functions... none needed
checking for nasm... yes
checking whether __AVX__ is declared... yes
checking if nasm supports vpmovzxwd... yes
checking for git... /usr/bin/git
checking that generated files are newer than configure... done
configure: creating ./config.status
config.status: creating Makefile
config.status: creating libass.pc
config.status: creating config.h
config.status: executing depfiles commands
config.status: executing libtool commands
make: Entering directory '/home/tay/builds/app-build-scripts-ubuntu26/mpv-build/libass'
  CC       libass/c/c_rasterizer.lo
  CC       libass/c/c_blend_bitmaps.lo
  CC       libass/c/c_blur.lo
  CC       libass/c/c_be_blur.lo
  CC       libass/ass_fontconfig.lo
  CC       libass/ass_strtod.lo
  CC       libass/ass_string.lo
  CC       libass/ass_utils.lo
  CC       libass/ass_filesystem.lo
  CC       libass/ass.lo
  CC       libass/ass_cache.lo
  CC       libass/ass_library.lo
  CC       libass/ass_font.lo
  CC       libass/ass_fontselect.lo
  CC       libass/ass_parse.lo
  CC       libass/ass_shaper.lo
  CC       libass/ass_outline.lo
  CC       libass/ass_drawing.lo
  CC       libass/ass_bitmap.lo
  CC       libass/ass_blur.lo
  CC       libass/ass_rasterizer.lo
  CC       libass/ass_render.lo
  CC       libass/ass_render_api.lo
  CC       libass/ass_bitmap_engine.lo
  CC       libass/ass_arabic_charmap.lo
  NASM     libass/x86/rasterizer.lo
  NASM     libass/x86/blend_bitmaps.lo
  NASM     libass/x86/be_blur.lo
  NASM     libass/x86/blur.lo
  NASM     libass/x86/cpuid.lo
  CCLD     libass/libass_internal.la
  CCLD     libass/libass.la
make[1]: Entering directory '/home/tay/builds/app-build-scripts-ubuntu26/mpv-build/libass'
 /usr/bin/mkdir -p '/home/tay/builds/app-build-scripts-ubuntu26/mpv-build/build_libs/lib/pkgconfig'
 /usr/bin/mkdir -p '/home/tay/builds/app-build-scripts-ubuntu26/mpv-build/build_libs/include/ass'
 /usr/bin/mkdir -p '/home/tay/builds/app-build-scripts-ubuntu26/mpv-build/build_libs/lib'
 /bin/bash ./libtool   --mode=install /usr/bin/install -c   libass/libass.la '/home/tay/builds/app-build-scripts-ubuntu26/mpv-build/build_libs/lib'
 /usr/bin/install -c -m 644 libass.pc '/home/tay/builds/app-build-scripts-ubuntu26/mpv-build/build_libs/lib/pkgconfig'
 /usr/bin/install -c -m 644 libass/ass_types.h libass/ass.h '/home/tay/builds/app-build-scripts-ubuntu26/mpv-build/build_libs/include/ass'
libtool: install: /usr/bin/install -c libass/.libs/libass.lai /home/tay/builds/app-build-scripts-ubuntu26/mpv-build/build_libs/lib/libass.la
libtool: install: /usr/bin/install -c libass/.libs/libass.a /home/tay/builds/app-build-scripts-ubuntu26/mpv-build/build_libs/lib/libass.a
libtool: install: chmod 644 /home/tay/builds/app-build-scripts-ubuntu26/mpv-build/build_libs/lib/libass.a
libtool: install: llvm-ranlib /home/tay/builds/app-build-scripts-ubuntu26/mpv-build/build_libs/lib/libass.a
libtool: finish: PATH="/opt/vapoursynth-venv/bin:/home/tay/.gemini/antigravity-cli/bin:/home/tay/.config/carapace/bin:/home/tay/node_modules/.bin:/home/tay/.local/share/mise/installs/agy/latest:/home/tay/.local/share/mise/installs/bat/latest/bat-v0.26.1-x86_64-unknown-linux-musl:/home/tay/.local/share/mise/installs/bun/latest/bin:/home/tay/.local/share/mise/installs/codex/latest/bin:/home/tay/.local/share/mise/installs/coreutils/latest/coreutils-0.10.0-x86_64-unknown-linux-musl:/home/tay/.local/share/mise/installs/fzf/latest:/home/tay/.local/share/mise/installs/go/1.27.0/bin:/home/tay/.local/share/mise/installs/gron/latest:/home/tay/.local/share/mise/installs/jq/latest:/home/tay/.local/share/mise/installs/lua/latest/bin:/home/tay/.local/share/mise/installs/lua/latest/luarocks/bin:/home/tay/.local/share/mise/installs/luajit/latest/.mise-bins:/home/tay/.local/share/mise/installs/meson/latest/bin:/home/tay/.local/share/mise/installs/ninja/latest:/home/tay/.local/share/mise/installs/pandoc/latest/bin:/home/tay/.local/share/mise/installs/pre-commit/latest:/home/tay/.local/share/mise/installs/python/latest/bin:/home/tay/.local/share/mise/installs/rg/latest/ripgrep-15.2.0-x86_64-unknown-linux-musl:/home/tay/.local/share/mise/installs/sd/latest/sd-v1.1.0-x86_64-unknown-linux-musl:/home/tay/.local/share/mise/installs/semgrep/latest/bin:/home/tay/.local/share/mise/installs/terraform/latest:/home/tay/.local/share/mise/installs/uv/latest/.mise-bins:/home/tay/.local/share/mise/installs/xh/latest/xh-v0.26.2-x86_64-unknown-linux-musl:/home/tay/.cargo/bin:/home/tay/.local/share/mise/installs/topgrade/latest:/home/tay/.local/share/mise/installs/opencode/latest:/home/tay/.local/share/mise/installs/node/latest/bin:/home/tay/.local/share/mise/installs/podman-tui/latest/podman-tui-1.11.3:/home/tay/.local/share/mise/installs/npm-microsoft-inshellisense/latest/bin:/home/tay/.local/share/mise/installs/jules/latest/bin:/home/tay/.local/share/mise/installs/npm-google-gemini-cli/latest/bin:/home/tay/.local/share/mise/installs/grex/latest:/home/tay/.local/share/mise/installs/sqlite/latest/.mise-bins:/home/tay/.local/share/mise/installs/npm-sudo-prompt/latest/bin:/home/tay/.local/bin:/home/tay/.bun/bin:/home/tay/.local/share/pnpm/bin:/usr/local/sbin:/usr/local/bin:/usr/sbin:/usr/bin:/sbin:/bin:/usr/games:/usr/local/games:/snap/bin:/snap/bin:/home/tay/go/bin:/sbin" ldconfig -n /home/tay/builds/app-build-scripts-ubuntu26/mpv-build/build_libs/lib
----------------------------------------------------------------------
Libraries have been installed in:
   /home/tay/builds/app-build-scripts-ubuntu26/mpv-build/build_libs/lib

If you ever happen to want to link against installed libraries
in a given directory, LIBDIR, you must either use libtool, and
specify the full pathname of the library, or use the '-LLIBDIR'
flag during linking and do at least one of the following:
   - add LIBDIR to the 'LD_LIBRARY_PATH' environment variable
     during execution
   - add LIBDIR to the 'LD_RUN_PATH' environment variable
     during linking
   - use the '-Wl,-rpath -Wl,LIBDIR' linker flag
   - have your system administrator add LIBDIR to '/etc/ld.so.conf'

See any operating system documentation about shared libraries for
more information, such as the ld(1) and ld.so(8) manual pages.
----------------------------------------------------------------------
make[1]: Leaving directory '/home/tay/builds/app-build-scripts-ubuntu26/mpv-build/libass'
make: Leaving directory '/home/tay/builds/app-build-scripts-ubuntu26/mpv-build/libass'
Auto-enabling GnuTLS.
Using ffmpeg options: --enable-gpl --disable-debug --disable-doc --enable-static --disable-shared --enable-pic --enable-gnutls --cc=clang --cxx=clang++ --ar=llvm-ar --nm=llvm-nm --ranlib=llvm-ranlib --enable-vapoursynth --enable-libzimg --enable-gpl --enable-version3 --enable-nonfree --enable-lto --disable-doc --enable-vaapi --disable-amf --disable-nvenc --disable-cuvid --disable-ffnvcodec --extra-cflags=-O3 -march=native -mtune=native -pipe -fno-plt -flto -fuse-ld=lld --extra-cxxflags=-O3 -march=native -mtune=native -pipe -fno-plt -flto -fuse-ld=lld --extra-ldflags=-fuse-ld=lld
install prefix            /home/tay/builds/app-build-scripts-ubuntu26/mpv-build/build_libs
source path               /home/tay/builds/app-build-scripts-ubuntu26/mpv-build/ffmpeg
C compiler                clang
C library                 glibc
ARCH                      x86 (generic)
big-endian                no
runtime cpu detection     yes
standalone assembly       yes
x86 assembler             nasm
MMX enabled               yes
MMXEXT enabled            yes
SSE enabled               yes
SSSE3 enabled             yes
AESNI enabled             yes
CLMUL enabled             yes
AVX enabled               yes
AVX2 enabled              yes
AVX-512 enabled           yes
AVX-512ICL enabled        yes
XOP enabled               yes
FMA3 enabled              yes
FMA4 enabled              yes
i686 features enabled     yes
CMOV is fast              yes
EBX available             yes
6 registers available     yes
7 registers available     yes
debug symbols             no
strip symbols             yes
optimize for size         no
optimizations             yes
static                    yes
shared                    no
network support           yes
threading support         pthreads
safe bitstream reader     yes
texi2html enabled         no
perl enabled              yes
pod2man enabled           yes
makeinfo enabled          no
makeinfo supports HTML    no
experimental features     yes
xmllint enabled           yes

External libraries:
alsa                    libcurl                 lzma
bzlib                   libxcb                  vapoursynth
gnutls                  libxcb_shm              xlib
iconv                   libzimg                 zlib

External libraries providing hardware acceleration:
cuda_llvm               v4l2_m2m                vdpau
libdrm                  vaapi                   vulkan

Libraries:
avcodec                 avformat                swscale
avdevice                avutil
avfilter                swresample

Programs:
ffmpeg                  ffprobe

Enabled decoders:
aac                     ffv1                    pdv
aac_fixed               ffvhuff                 pfm
aac_latm                ffwavesynth             pgm
aasc                    fic                     pgmyuv
ac3                     fits                    pgssub
ac3_fixed               flac                    pgx
acelp_kelvin            flashsv                 phm
adpcm_4xm               flashsv2                photocd
adpcm_adx               flic                    pictor
adpcm_afc               flv                     pixlet
adpcm_agm               fmvc                    pjs
adpcm_aica              fourxm                  png
adpcm_argo              fraps                   ppm
adpcm_circus            frwu                    prores
adpcm_ct                ftr                     prores_raw
adpcm_dtk               g2m                     prosumer
adpcm_ea                g723_1                  psd
adpcm_ea_maxis_xa       g728                    ptx
adpcm_ea_r1             g729                    qcelp
adpcm_ea_r2             gdv                     qdm2
adpcm_ea_r3             gem                     qdmc
adpcm_ea_xas            gif                     qdraw
adpcm_g722              gremlin_dpcm            qoa
adpcm_g726              gsm                     qoi
adpcm_g726le            gsm_ms                  qpeg
adpcm_ima_acorn         h261                    qtrle
adpcm_ima_alp           h263                    r10k
adpcm_ima_amv           h263_v4l2m2m            r210
adpcm_ima_apc           h263i                   ra_144
adpcm_ima_apm           h263p                   ra_288
adpcm_ima_cunning       h264                    ralf
adpcm_ima_dat4          h264_v4l2m2m            rasc
adpcm_ima_dk3           hap                     rawvideo
adpcm_ima_dk4           hca                     realtext
adpcm_ima_ea_eacs       hcom                    rka
adpcm_ima_ea_sead       hdr                     rl2
adpcm_ima_escape        hevc                    roq
adpcm_ima_hvqm2         hevc_v4l2m2m            roq_dpcm
adpcm_ima_hvqm4         hnm4_video              rpza
adpcm_ima_iss           hq_hqa                  rscc
adpcm_ima_magix         hqx                     rtv1
adpcm_ima_moflex        huffyuv                 rv10
adpcm_ima_mtf           hymt                    rv20
adpcm_ima_oki           iac                     rv30
adpcm_ima_pda           idcin                   rv40
adpcm_ima_qt            idf                     rv60
adpcm_ima_rad           iff_ilbm                s302m
adpcm_ima_smjpeg        ilbc                    sami
adpcm_ima_ssi           imc                     sanm
adpcm_ima_wav           imm4                    sbc
adpcm_ima_ws            imm5                    scpr
adpcm_ima_xbox          indeo2                  screenpresso
adpcm_ms                indeo3                  sdx2_dpcm
adpcm_mtaf              indeo4                  sga
adpcm_n64               indeo5                  sgi
adpcm_psx               interplay_acm           sgirle
adpcm_psxc              interplay_dpcm          sheervideo
adpcm_sanyo             interplay_video         shorten
adpcm_sbpro_2           ipu                     simbiosis_imx
adpcm_sbpro_3           jacosub                 sipr
adpcm_sbpro_4           jpeg2000                siren
adpcm_swf               jpegls                  smackaud
adpcm_thp               jv                      smacker
adpcm_thp_le            kgv1                    smc
adpcm_vima              kmvc                    smvjpeg
adpcm_xa                lagarith                snow
adpcm_xmd               lead                    sol_dpcm
adpcm_yamaha            loco                    sp5x
adpcm_zork              lscr                    speedhq
agm                     m101                    speex
ahx                     mace3                   srgc
aic                     mace6                   srt
alac                    magicyuv                ssa
alias_pix               mdec                    stl
als                     media100                subrip
amrnb                   metasound               subviewer
amrwb                   microdvd                subviewer1
amv                     mimic                   sunrast
anm                     misc4                   svq1
ansi                    mjpeg                   svq3
anull                   mjpegb                  tak
apac                    mlp                     targa
ape                     mmvideo                 targa_y216
apng                    mobiclip                tdsc
aptx                    motionpixels            text
aptx_hd                 movtext                 theora
apv                     mp1                     thp
arbc                    mp1float                tiertexseqvideo
argo                    mp2                     tiff
ass                     mp2float                tmv
asv1                    mp3                     truehd
asv2                    mp3adu                  truemotion1
atrac1                  mp3adufloat             truemotion2
atrac3                  mp3float                truemotion2rt
atrac3al                mp3on4                  truespeech
atrac3p                 mp3on4float             tscc
atrac3pal               mpc7                    tscc2
atrac9                  mpc8                    tta
aura                    mpeg1_v4l2m2m           twinvq
aura2                   mpeg1video              txd
av1                     mpeg2_v4l2m2m           ulti
avrn                    mpeg2video              utvideo
avrp                    mpeg4                   v210
avs                     mpeg4_v4l2m2m           v210x
avui                    mpegvideo               vb
bethsoftvid             mpl2                    vble
bfi                     msa1                    vbn
bink                    mscc                    vc1
binkaudio_dct           msmpeg4v1               vc1_v4l2m2m
binkaudio_rdft          msmpeg4v2               vc1image
bintext                 msmpeg4v3               vcr1
bitpacked               msnsiren                vmdaudio
bmp                     msp2                    vmdvideo
bmv_audio               msrle                   vmix
bmv_video               mss1                    vmnc
bonk                    mss2                    vnull
brender_pix             msvideo1                vorbis
c93                     mszh                    vp3
cavs                    mts2                    vp4
cbd2_dpcm               mv30                    vp5
ccaption                mvc1                    vp6
cdgraphics              mvc2                    vp6a
cdtoons                 mvdv                    vp6f
cdxl                    mvha                    vp7
cfhd                    mwsc                    vp8
cinepak                 mxpeg                   vp8_v4l2m2m
clearvideo              nellymoser              vp9
cljr                    notchlc                 vp9_v4l2m2m
cllc                    nuv                     vplayer
comfortnoise            on2avc                  vqa
cook                    opus                    vqc
cpia                    osq                     vvc
cri                     paf_audio               wady_dpcm
cscd                    paf_video               wavarc
cyuv                    pam                     wavpack
dca                     pbm                     wbmp
dds                     pcm_alaw                wcmv
derf_dpcm               pcm_bluray              webp
dfa                     pcm_dvd                 webp_anim
dfpwm                   pcm_dvda                webvtt
dirac                   pcm_f16le               wmalossless
dnxhd                   pcm_f24le               wmapro
dolby_e                 pcm_f32be               wmav1
dpx                     pcm_f32le               wmav2
dsd_lsbf                pcm_f64be               wmavoice
dsd_lsbf_planar         pcm_f64le               wmv1
dsd_msbf                pcm_lxf                 wmv2
dsd_msbf_planar         pcm_mulaw               wmv3
dsicinaudio             pcm_s16be               wmv3image
dsicinvideo             pcm_s16be_planar        wnv1
dss_sp                  pcm_s16le               wrapped_avframe
dst                     pcm_s16le_planar        ws_snd1
dvaudio                 pcm_s24be               xan_dpcm
dvbsub                  pcm_s24daud             xan_wc3
dvdsub                  pcm_s24le               xan_wc4
dvvideo                 pcm_s24le_planar        xbin
dxa                     pcm_s32be               xbm
dxtory                  pcm_s32le               xface
dxv                     pcm_s32le_planar        xl
eac3                    pcm_s64be               xma1
eacmv                   pcm_s64le               xma2
eamad                   pcm_s8                  xpm
eatgq                   pcm_s8_planar           xsub
eatgv                   pcm_sga                 xwd
eatqi                   pcm_u16be               y41p
eightbps                pcm_u16le               ylc
eightsvx_exp            pcm_u24be               yop
eightsvx_fib            pcm_u24le               yuv4
escape124               pcm_u32be               zero12v
escape130               pcm_u32le               zerocodec
evrc                    pcm_u8                  zlib
exr                     pcm_vidc                zmbv
fastaudio               pcx

Enabled encoders:
a64multi                h263p                   pdv
a64multi5               h264_v4l2m2m            pfm
aac                     h264_vaapi              pgm
ac3                     h264_vulkan             pgmyuv
ac3_fixed               hdr                     phm
adpcm_adx               hevc_v4l2m2m            png
adpcm_argo              hevc_vaapi              ppm
adpcm_g722              hevc_vulkan             prores
adpcm_g726              huffyuv                 prores_aw
adpcm_g726le            jpeg2000                prores_ks
adpcm_ima_alp           jpegls                  prores_ks_vulkan
adpcm_ima_amv           ljpeg                   qoi
adpcm_ima_apm           magicyuv                qtrle
adpcm_ima_qt            mjpeg                   r10k
adpcm_ima_ssi           mjpeg_vaapi             r210
adpcm_ima_wav           mlp                     ra_144
adpcm_ima_ws            movtext                 rawvideo
adpcm_ms                mp2                     roq
adpcm_swf               mp2fixed                roq_dpcm
adpcm_yamaha            mpeg1video              rpza
alac                    mpeg2_vaapi             rv10
alias_pix               mpeg2video              rv20
amv                     mpeg4                   s302m
anull                   mpeg4_v4l2m2m           sbc
apng                    msmpeg4v2               sgi
aptx                    msmpeg4v3               smc
aptx_hd                 msrle                   snow
apv_vulkan              msvideo1                speedhq
ass                     nellymoser              srt
asv1                    opus                    ssa
asv2                    pam                     subrip
av1_vaapi               pbm                     sunrast
av1_vulkan              pcm_alaw                svq1
avrp                    pcm_bluray              targa
avui                    pcm_dvd                 text
bitpacked               pcm_f32be               tiff
bmp                     pcm_f32le               truehd
cfhd                    pcm_f64be               tta
cinepak                 pcm_f64le               ttml
cljr                    pcm_mulaw               utvideo
comfortnoise            pcm_s16be               v210
dca                     pcm_s16be_planar        vbn
dfpwm                   pcm_s16le               vc2
dnxhd                   pcm_s16le_planar        vnull
dpx                     pcm_s24be               vorbis
dvbsub                  pcm_s24daud             vp8_v4l2m2m
dvdsub                  pcm_s24le               vp8_vaapi
dvvideo                 pcm_s24le_planar        vp9_vaapi
dxv                     pcm_s32be               wavpack
eac3                    pcm_s32le               wbmp
exr                     pcm_s32le_planar        webvtt
ffv1                    pcm_s64be               wmav1
ffv1_vulkan             pcm_s64le               wmav2
ffvhuff                 pcm_s8                  wmv1
fits                    pcm_s8_planar           wmv2
flac                    pcm_u16be               wrapped_avframe
flashsv                 pcm_u16le               xbm
flashsv2                pcm_u24be               xface
flv                     pcm_u24le               xsub
g723_1                  pcm_u32be               xwd
gif                     pcm_u32le               y41p
h261                    pcm_u8                  yuv4
h263                    pcm_vidc                zlib
h263_v4l2m2m            pcx                     zmbv

Enabled hwaccels:
apv_vulkan              hevc_vaapi              prores_vulkan
av1_vaapi               hevc_vdpau              vc1_vaapi
av1_vdpau               hevc_vulkan             vc1_vdpau
av1_vulkan              mjpeg_vaapi             vp8_vaapi
dpx_vulkan              mpeg1_vdpau             vp9_vaapi
ffv1_vulkan             mpeg2_vaapi             vp9_vdpau
h263_vaapi              mpeg2_vdpau             vp9_vulkan
h264_vaapi              mpeg4_vaapi             vvc_vaapi
h264_vdpau              mpeg4_vdpau             wmv3_vaapi
h264_vulkan             prores_raw_vulkan       wmv3_vdpau

Enabled parsers:
aac                     dvdsub                  mpegaudio
aac_latm                evc                     mpegvideo
ac3                     ffv1                    opus
adx                     flac                    png
ahx                     ftr                     pnm
amr                     g723_1                  prores
apv                     g729                    prores_raw
av1                     gif                     qoi
avs2                    gsm                     rv34
avs3                    h261                    sbc
bmp                     h263                    sipr
cavsvideo               h264                    tak
cook                    hdr                     vc1
cri                     hevc                    vorbis
dca                     ipu                     vp3
dirac                   jpeg2000                vp8
dnxhd                   jpegxl                  vp9
dnxuc                   jpegxs                  vvc
dolby_e                 lcevc                   webp
dpx                     misc4                   xbm
dvaudio                 mjpeg                   xma
dvbsub                  mlp                     xwd
dvd_nav                 mpeg4video

Enabled demuxers:
aa                      idf                     pcm_s16le
aac                     iff                     pcm_s24be
aax                     ifv                     pcm_s24le
ac3                     ilbc                    pcm_s32be
ac4                     image2                  pcm_s32le
ace                     image2_alias_pix        pcm_s8
acm                     image2_brender_pix      pcm_u16be
act                     image2pipe              pcm_u16le
adf                     image_bmp_pipe          pcm_u24be
adp                     image_cri_pipe          pcm_u24le
ads                     image_dds_pipe          pcm_u32be
adx                     image_dpx_pipe          pcm_u32le
aea                     image_exr_pipe          pcm_u8
afc                     image_gem_pipe          pcm_vidc
aiff                    image_gif_pipe          pdv
aix                     image_hdr_pipe          pjs
alp                     image_j2k_pipe          pmp
amr                     image_jpeg_pipe         pp_bnk
amrnb                   image_jpegls_pipe       pva
amrwb                   image_jpegxl_pipe       pvf
anm                     image_jpegxs_pipe       qcp
apac                    image_pam_pipe          qoa
apc                     image_pbm_pipe          r3d
ape                     image_pcx_pipe          rawvideo
apm                     image_pfm_pipe          rcwt
apng                    image_pgm_pipe          realtext
aptx                    image_pgmyuv_pipe       redspark
aptx_hd                 image_pgx_pipe          rka
apv                     image_phm_pipe          rl2
aqtitle                 image_photocd_pipe      rm
argo_asf                image_pictor_pipe       roq
argo_brp                image_png_pipe          rpl
argo_cvg                image_ppm_pipe          rsd
asf                     image_psd_pipe          rso
asf_o                   image_qdraw_pipe        rtp
ass                     image_qoi_pipe          rtsp
ast                     image_sgi_pipe          s337m
au                      image_sunrast_pipe      sami
av1                     image_svg_pipe          sap
avi                     image_tiff_pipe         sbc
avr                     image_vbn_pipe          sbg
avs                     image_webp_pipe         scc
avs2                    image_xbm_pipe          scd
avs3                    image_xpm_pipe          sdns
bethsoftvid             image_xwd_pipe          sdp
bfi                     ingenient               sdr2
bfstm                   ipmovie                 sds
bink                    ipu                     sdx
binka                   ircam                   segafilm
bintext                 iss                     ser
bit                     iv8                     sga
bitpacked               ivf                     shorten
bmv                     ivr                     siff
boa                     jacosub                 simbiosis_imx
bonk                    jpegxl_anim             sln
brstm                   jv                      smacker
c93                     kux                     smjpeg
caf                     kvag                    smush
cavsvideo               laf                     sol
cdg                     lc3                     sox
cdxl                    live_flv                spdif
cine                    lmlm4                   srt
codec2                  loas                    stl
codec2raw               lrc                     str
concat                  luodat                  subviewer
data                    lvf                     subviewer1
daud                    lxf                     sup
dcstr                   m4v                     svag
derf                    matroska                svs
dfa                     mca                     swf
dfpwm                   mcc                     tak
dhav                    mgsts                   tedcaptions
dirac                   microdvd                thp
dnxhd                   mjpeg                   threedostr
dsf                     mjpeg_2000              tiertexseq
dsicin                  mlp                     tmv
dss                     mlv                     truehd
dts                     mm                      tta
dtshd                   mmf                     tty
dv                      mods                    txd
dvbsub                  moflex                  ty
dvbtxt                  mov                     usm
dxa                     mp3                     v210
ea                      mpc                     v210x
ea_cdata                mpc8                    vag
eac3                    mpegps                  vapoursynth
epaf                    mpegts                  vc1
evc                     mpegtsraw               vc1t
ffmetadata              mpegvideo               vividas
filmstrip               mpjpeg                  vivo
fits                    mpl2                    vmd
flac                    mpsub                   vobsub
flic                    msf                     voc
flv                     msnwc_tcp               vpk
fourxm                  msp                     vplayer
frm                     mtaf                    vqf
fsb                     mtv                     vvc
fwse                    musx                    w64
g722                    mv                      wady
g723_1                  mvi                     wav
g726                    mvr                     wavarc
g726le                  mxf                     wc3
g728                    mxg                     webm_dash_manifest
g729                    nc                      webp_anim
gdv                     nistsphere              webvtt
genh                    nsp                     wsaud
gif                     nsv                     wsd
gsm                     nut                     wsvqa
gxf                     nuv                     wtv
h261                    obu                     wv
h263                    ogg                     wve
h264                    oma                     xa
hca                     osq                     xbin
hcom                    paf                     xmd
hevc                    pcm_alaw                xmv
hls                     pcm_f32be               xvag
hnm                     pcm_f32le               xwma
hxvs                    pcm_f64be               yop
iamf                    pcm_f64le               yuv4mpegpipe
ico                     pcm_mulaw
idcin                   pcm_s16be

Enabled muxers:
a64                     h264                    pcm_s24be
ac3                     hash                    pcm_s24le
ac4                     hds                     pcm_s32be
adts                    hevc                    pcm_s32le
adx                     hls                     pcm_s8
aea                     iamf                    pcm_u16be
aiff                    ico                     pcm_u16le
alp                     ilbc                    pcm_u24be
amr                     image2                  pcm_u24le
amv                     image2pipe              pcm_u32be
apm                     ipod                    pcm_u32le
apng                    ircam                   pcm_u8
aptx                    ismv                    pcm_vidc
aptx_hd                 iterm2                  pdv
apv                     ivf                     psp
argo_asf                jacosub                 rawvideo
argo_cvg                kvag                    rcwt
asf                     latm                    rm
asf_stream              lc3                     roq
ass                     lrc                     rso
ast                     m4v                     rtp
au                      matroska                rtp_mpegts
avi                     matroska_audio          rtsp
avif                    mcc                     sap
avm2                    md5                     sbc
avs2                    microdvd                scc
avs3                    mjpeg                   segafilm
bit                     mkvtimestamp_v2         segment
caf                     mlp                     smjpeg
cavsvideo               mmf                     smoothstreaming
codec2                  mov                     sox
codec2raw               mp2                     spdif
crc                     mp3                     spx
dash                    mp4                     srt
data                    mpeg1system             stream_segment
daud                    mpeg1vcd                streamhash
dfpwm                   mpeg1video              sup
dirac                   mpeg2dvd                swf
dnxhd                   mpeg2svcd               tee
dts                     mpeg2video              tg2
dv                      mpeg2vob                tgp
eac3                    mpegts                  truehd
evc                     mpjpeg                  tta
f4v                     mxf                     ttml
ffmetadata              mxf_d10                 uncodedframecrc
fifo                    mxf_opatom              vc1
filmstrip               null                    vc1t
fits                    nut                     voc
flac                    obu                     vvc
flv                     oga                     w64
framecrc                ogg                     wav
framehash               ogv                     webm
framemd5                oma                     webm_chunk
g722                    opus                    webm_dash_manifest
g723_1                  pcm_alaw                webp
g726                    pcm_f32be               webvtt
g726le                  pcm_f32le               whip
gif                     pcm_f64be               wsaud
gsm                     pcm_f64le               wtv
gxf                     pcm_mulaw               wv
h261                    pcm_s16be               yuv4mpegpipe
h263                    pcm_s16le

Enabled protocols:
async                   http                    rtmps
cache                   httpproxy               rtmpt
concat                  https                   rtmpts
concatf                 icecast                 rtp
crypto                  ipfs_gateway            shared
data                    ipns_gateway            srtp
dtls                    libcurl                 subfile
fd                      md5                     tcp
ffrtmphttp              mmsh                    tee
file                    mmst                    tls
ftp                     pipe                    udp
gopher                  prompeg                 udplite
gophers                 rtmp                    unix

Enabled filters:
a3dscope                crossfeed               pad
aap                     crystalizer             pad_vaapi
abench                  cue                     pal100bars
abitscope               curves                  pal75bars
acompressor             datascope               palettegen
acontrast               dblur                   paletteuse
acopy                   dcshift                 pan
acrossfade              dctdnoiz                perlin
acrossover              deband                  perms
acrusher                deblock                 perspective
acue                    decimate                phase
addroi                  deconvolve              photosensitivity
adeclick                dedot                   pixdesctest
adeclip                 deesser                 pixelize
adecorrelate            deflate                 pixscope
adelay                  deflicker               pp7
adenorm                 deinterlace_vaapi       premultiply
aderivative             dejudder                premultiply_dynamic
adrawgraph              delogo                  prewitt
adrc                    denoise_vaapi           procamp_vaapi
adynamicequalizer       deshake                 pseudocolor
adynamicsmooth          despill                 psnr
aecho                   detelecine              pullup
aemphasis               dialoguenhance          qp
aeval                   dilation                random
aevalsrc                displace                readeia608
aexciter                doubleweave             readvitc
afade                   drawbox                 realtime
afdelaysrc              drawbox_vaapi           remap
afftdn                  drawgraph               removegrain
afftfilt                drawgrid                removelogo
afir                    drmeter                 repeatfields
afireqsrc               dynaudnorm              replaygain
afirsrc                 earwax                  reverse
aformat                 ebur128                 rgbashift
afreqshift              edgedetect              rgbtestsrc
afwtdn                  elbg                    roberts
agate                   entropy                 rotate
agraphmonitor           epx                     sab
ahistogram              eq                      scale
aiir                    equalizer               scale2ref
aintegral               erosion                 scale_vaapi
ainterleave             estdif                  scale_vulkan
alatency                exposure                scdet
alimiter                extractplanes           scdet_vulkan
allpass                 extrastereo             scharr
allrgb                  fade                    scroll
allyuv                  feedback                segment
aloop                   fftdnoiz                select
alphaextract            fftfilt                 selectivecolor
alphamerge              field                   sendcmd
amerge                  fieldhint               separatefields
ametadata               fieldmatch              setdar
amix                    fieldorder              setfield
amovie                  fillborders             setparams
amplify                 find_rect               setpts
amultiply               firequalizer            setrange
anequalizer             flanger                 setsar
anlmdn                  flip_vulkan             settb
anlmf                   floodfill               sharpness_vaapi
anlms                   format                  shear
anoisesrc               fps                     showcqt
anull                   framepack               showcwt
anullsink               framerate               showfreqs
anullsrc                framestep               showinfo
apad                    freezedetect            showpalette
aperms                  freezeframes            showspatial
aphasemeter             fspp                    showspectrum
aphaser                 fsync                   showspectrumpic
aphaseshift             gblur                   showvolume
apsnr                   gblur_vulkan            showwaves
apsyclip                geq                     showwavespic
apulsator               gradfun                 shuffleframes
arealtime               gradients               shufflepixels
aresample               graphmonitor            shuffleplanes
areverse                grayworld               sidechaincompress
arls                    greyedge                sidechaingate
arnndn                  guided                  sidedata
asdr                    haas                    sierpinski
asegment                haldclut                signalstats
aselect                 haldclutsrc             signature
asendcmd                hdcd                    silencedetect
asetnsamples            headphone               silenceremove
asetpts                 hflip                   sinc
asetrate                hflip_vulkan            sine
asettb                  highpass                siti
ashowinfo               highshelf               smartblur
asidedata               hilbert                 smptebars
asisdr                  histeq                  smptehdbars
asoftclip               histogram               sobel
aspectralstats          hqdn3d                  spectrumsynth
asplit                  hqx                     speechnorm
astats                  hstack                  split
astreamselect           hstack_vaapi            spp
asubboost               hsvhold                 ssim
asubcut                 hsvkey                  ssim360
asupercut               hue                     stereo3d
asuperpass              huesaturation           stereotools
asuperstop              hwdownload              stereowiden
atadenoise              hwmap                   streamselect
atempo                  hwupload                super2xsai
atilt                   hysteresis              superequalizer
atrim                   identity                surround
avectorscope            idet                    swaprect
avgblur                 il                      swapuv
avgblur_vulkan          inflate                 tblend
avsynctest              interlace               telecine
axcorrelate             interlace_vulkan        testsrc
backgroundkey           interleave              testsrc2
bandpass                join                    thistogram
bandreject              kerndeint               threshold
bass                    kirsch                  thumbnail
bbox                    lagfun                  tile
bench                   latency                 tiltandshift
bilateral               latticepal              tiltshelf
biquad                  lenscorrection          tinterlace
bitplanenoise           life                    tlut2
blackdetect             limitdiff               tmedian
blackdetect_vulkan      limiter                 tmidequalizer
blackframe              loop                    tmix
blend                   loudnorm                tonemap
blend_vulkan            lowpass                 tonemap_vaapi
blockdetect             lowshelf                tpad
blurdetect              lumakey                 transpose
bm3d                    lut                     transpose_vaapi
boxblur                 lut1d                   transpose_vulkan
bwdif                   lut2                    treble
bwdif_vulkan            lut3d                   tremolo
cas                     lutrgb                  trim
ccrepack                lutyuv                  unpremultiply
cellauto                mandelbrot              unsharp
channelmap              maskedclamp             untile
channelsplit            maskedmax               uspp
chorus                  maskedmerge             v360
chromaber_vulkan        maskedmin               v360_vulkan
chromahold              maskedthreshold         vaguedenoiser
chromakey               maskfun                 varblur
chromanr                mcdeint                 vectorscope
chromashift             mcompand                vflip
ciescope                median                  vflip_vulkan
codecview               mergeplanes             vfrdet
color                   mestimate               vibrance
color_vulkan            metadata                vibrato
colorbalance            midequalizer            vif
colorchannelmixer       minterpolate            vignette
colorchart              mix                     virtualbass
colorcontrast           monochrome              vmafmotion
colorcorrect            morpho                  volume
colordetect             movie                   volumedetect
colorhold               mpdecimate              vstack
colorize                mptestsrc               vstack_vaapi
colorkey                msad                    w3fdif
colorlevels             multiply                waveform
colormap                negate                  weave
colormatrix             nlmeans                 xbr
colorspace              nlmeans_vulkan          xcorrelate
colorspectrum           nnedi                   xfade
colortemperature        noformat                xfade_vulkan
compand                 noise                   xmedian
compensationdelay       normalize               xpsnr
concat                  null                    xstack
convolution             nullsink                xstack_vaapi
convolve                nullsrc                 yadif
copy                    oscilloscope            yaepblur
corr                    overlay                 yuvtestsrc
cover_rect              overlay_vaapi           zoneplate
crop                    overlay_vulkan          zoompan
cropdetect              owdenoise               zscale

Enabled bsfs:
aac_adtstoasc           h264_metadata           pcm_rechunk
ahx_to_mp2              h264_mp4toannexb        pgs_frame_merge
apv_metadata            h264_redundant_pps      prores_metadata
av1_frame_merge         hapqa_extract           remove_extradata
av1_frame_split         hevc_metadata           setts
av1_metadata            hevc_mp4toannexb        showinfo
chomp                   imx_dump_header         smpte436m_to_eia608
dca_core                lcevc_merge             text2movsub
dovi_rpu                lcevc_metadata          trace_headers
dovi_split              media100_to_mjpegb      truehd_core
dts2pts                 mjpeg2jpeg              vp9_metadata
dump_extradata          mjpega_dump_header      vp9_raw_reorder
dv_error_marker         mov2textsub             vp9_superframe
eac3_core               mpeg2_metadata          vp9_superframe_split
eia608_to_smpte436m     mpeg4_unpack_bframes    vvc_metadata
evc_frame_merge         noise                   vvc_mp4toannexb
extract_extradata       null
filter_units            opus_metadata

Enabled indevs:
alsa                    lavfi                   xcbgrab
fbdev                   oss
kmsgrab                 v4l2

Enabled outdevs:
alsa                    oss                     xv
fbdev                   v4l2

License: nonfree and unredistributable
make: Entering directory '/home/tay/builds/app-build-scripts-ubuntu26/mpv-build/ffmpeg_build'
GEN	libavdevice/libavdevice.version
GEN	libavfilter/libavfilter.version
GEN	libavformat/libavformat.version
GEN	libavcodec/libavcodec.version
GEN	libavutil/libavutil.version
GEN	libswresample/libswresample.version
GEN	libswscale/libswscale.version
CC	libavdevice/alldevices.o
CC	libavdevice/alsa.o
CC	libavdevice/alsa_dec.o
CC	libavdevice/alsa_enc.o
CC	libavdevice/avdevice.o
CC	libavdevice/fbdev_common.o
CC	libavdevice/fbdev_dec.o
CC	libavdevice/fbdev_enc.o
CC	libavdevice/kmsgrab.o
CC	libavdevice/lavfi.o
CC	libavdevice/oss.o
CC	libavdevice/oss_dec.o
CC	libavdevice/oss_enc.o
CC	libavdevice/timefilter.o
CC	libavdevice/utils.o
CC	libavdevice/v4l2-common.o
CC	libavdevice/v4l2.o
CC	libavdevice/v4l2enc.o
CC	libavdevice/version.o
CC	libavdevice/xcbgrab.o
CC	libavdevice/xv.o
HOSTCC	ffbuild/bin2c_host.o
GLSLC	libavfilter/vulkan/avgblur.comp.spv
GLSLC	libavfilter/vulkan/blackdetect.comp.spv
GLSLC	libavfilter/vulkan/blend.comp.spv
GLSLC	libavfilter/vulkan/bwdif.comp.spv
GLSLC	libavfilter/vulkan/chromaber.comp.spv
GLSLC	libavfilter/vulkan/color.comp.spv
src/libavfilter/vulkan/blend.comp.glsl
src/libavfilter/vulkan/avgblur.comp.glsl
GLSLC	libavfilter/vulkan/debayer.comp.spv
GLSLC	libavfilter/vulkan/flip.comp.spv
GLSLC	libavfilter/vulkan/gblur.comp.spv
GLSLC	libavfilter/vulkan/interlace.comp.spv
src/libavfilter/vulkan/chromaber.comp.glsl
GLSLC	libavfilter/vulkan/nlmeans_denoise.comp.spv
src/libavfilter/vulkan/debayer.comp.glsl
GLSLC	libavfilter/vulkan/nlmeans_horizontal.comp.spv
src/libavfilter/vulkan/blackdetect.comp.glsl
src/libavfilter/vulkan/flip.comp.glsl
GLSLC	libavfilter/vulkan/nlmeans_vertical.comp.spv
GLSLC	libavfilter/vulkan/nlmeans_weights.comp.spv
src/libavfilter/vulkan/interlace.comp.glsl
src/libavfilter/vulkan/gblur.comp.glsl
GLSLC	libavfilter/vulkan/overlay.comp.spv
GLSLC	libavfilter/vulkan/scale.comp.spv
src/libavfilter/vulkan/bwdif.comp.glsl
GLSLC	libavfilter/vulkan/scdet.comp.spv
src/libavfilter/vulkan/nlmeans_horizontal.comp.glsl
GLSLC	libavfilter/vulkan/transpose.comp.spv
src/libavfilter/vulkan/overlay.comp.glsl
src/libavfilter/vulkan/color.comp.glsl
GLSLC	libavfilter/vulkan/v360.comp.spv
GLSLC	libavfilter/vulkan/xfade.comp.spv
src/libavfilter/vulkan/nlmeans_weights.comp.glsl
CC	libavfilter/vulkan_filter.o
src/libavfilter/vulkan/nlmeans_vertical.comp.glsl
X86ASM	libavfilter/x86/af_afir.o
src/libavfilter/vulkan/nlmeans_denoise.comp.glsl
CC	libavfilter/x86/af_afir_init.o
src/libavfilter/vulkan/xfade.comp.glsl
src/libavfilter/vulkan/scale.comp.glsl
X86ASM	libavfilter/x86/af_anlmdn.o
CC	libavfilter/x86/af_anlmdn_init.o
src/libavfilter/vulkan/transpose.comp.glsl
src/libavfilter/vulkan/scdet.comp.glsl
STRIP	libavfilter/x86/af_afir.o
X86ASM	libavfilter/x86/af_volume.o
X86ASM	libavfilter/x86/avf_showcqt.o
CC	libavfilter/x86/avf_showcqt_init.o
CC	libavfilter/x86/af_volume_init.o
STRIP	libavfilter/x86/af_anlmdn.o
X86ASM	libavfilter/x86/colorspacedsp.o
CC	libavfilter/x86/colorspacedsp_init.o
src/libavfilter/vulkan/v360.comp.glsl
X86ASM	libavfilter/x86/f_ebur128.o
X86ASM	libavfilter/x86/scene_sad.o
CC	libavfilter/x86/f_ebur128_init.o
STRIP	libavfilter/x86/af_volume.o
CC	libavfilter/x86/scene_sad_init.o
X86ASM	libavfilter/x86/vf_atadenoise.o
CC	libavfilter/x86/vf_atadenoise_init.o
X86ASM	libavfilter/x86/vf_blackdetect.o
CC	libavfilter/x86/vf_blackdetect_init.o
STRIP	libavfilter/x86/vf_blackdetect.o
X86ASM	libavfilter/x86/vf_blend.o
CC	libavfilter/x86/vf_blend_init.o
STRIP	libavfilter/x86/scene_sad.o
X86ASM	libavfilter/x86/vf_bwdif.o
CC	libavfilter/x86/vf_bwdif_init.o
STRIP	libavfilter/x86/f_ebur128.o
X86ASM	libavfilter/x86/vf_colordetect.o
CC	libavfilter/x86/vf_colordetect_init.o
STRIP	libavfilter/x86/vf_atadenoise.o
X86ASM	libavfilter/x86/vf_convolution.o
CC	libavfilter/x86/vf_convolution_init.o
STRIP	libavfilter/x86/avf_showcqt.o
X86ASM	libavfilter/x86/vf_eq.o
STRIP	libavfilter/x86/vf_colordetect.o
CC	libavfilter/x86/vf_eq_init.o
X86ASM	libavfilter/x86/vf_framerate.o
CC	libavfilter/x86/vf_framerate_init.o
X86ASM	libavfilter/x86/vf_fspp.o
STRIP	libavfilter/x86/vf_eq.o
STRIP	libavfilter/x86/vf_convolution.o
CC	libavfilter/x86/vf_fspp_init.o
X86ASM	libavfilter/x86/vf_gblur.o
CC	libavfilter/x86/vf_gblur_init.o
X86ASM	libavfilter/x86/vf_gradfun.o
CC	libavfilter/x86/vf_gradfun_init.o
STRIP	libavfilter/x86/vf_framerate.o
X86ASM	libavfilter/x86/vf_hflip.o
STRIP	libavfilter/x86/vf_gradfun.o
CC	libavfilter/x86/vf_hflip_init.o
X86ASM	libavfilter/x86/vf_hqdn3d.o
CC	libavfilter/x86/vf_hqdn3d_init.o
STRIP	libavfilter/x86/vf_hflip.o
X86ASM	libavfilter/x86/vf_idetdsp.o
STRIP	libavfilter/x86/vf_hqdn3d.o
CC	libavfilter/x86/vf_idetdsp_init.o
X86ASM	libavfilter/x86/vf_interlace.o
X86ASM	libavfilter/x86/vf_limiter.o
STRIP	libavfilter/x86/vf_blend.o
CC	libavfilter/x86/vf_limiter_init.o
X86ASM	libavfilter/x86/vf_lut3d.o
STRIP	libavfilter/x86/vf_fspp.o
STRIP	libavfilter/x86/vf_limiter.o
CC	libavfilter/x86/vf_lut3d_init.o
X86ASM	libavfilter/x86/vf_maskedclamp.o
STRIP	libavfilter/x86/vf_idetdsp.o
CC	libavfilter/x86/vf_maskedclamp_init.o
STRIP	libavfilter/x86/vf_interlace.o
X86ASM	libavfilter/x86/vf_maskedmerge.o
CC	libavfilter/x86/vf_maskedmerge_init.o
X86ASM	libavfilter/x86/vf_nlmeans.o
CC	libavfilter/x86/vf_nlmeans_init.o
STRIP	libavfilter/x86/vf_maskedclamp.o
CC	libavfilter/x86/vf_noise.o
STRIP	libavfilter/x86/vf_maskedmerge.o
X86ASM	libavfilter/x86/vf_overlay.o
CC	libavfilter/x86/vf_overlay_init.o
STRIP	libavfilter/x86/vf_nlmeans.o
X86ASM	libavfilter/x86/vf_pp7.o
STRIP	libavfilter/x86/vf_gblur.o
CC	libavfilter/x86/vf_pp7_init.o
X86ASM	libavfilter/x86/vf_psnr.o
CC	libavfilter/x86/vf_psnr_init.o
X86ASM	libavfilter/x86/vf_pullup.o
STRIP	libavfilter/x86/vf_pp7.o
CC	libavfilter/x86/vf_pullup_init.o
STRIP	libavfilter/x86/vf_overlay.o
X86ASM	libavfilter/x86/vf_removegrain.o
CC	libavfilter/x86/vf_removegrain_init.o
STRIP	libavfilter/x86/vf_pullup.o
STRIP	libavfilter/x86/vf_psnr.o
CC	libavfilter/x86/vf_spp.o
X86ASM	libavfilter/x86/vf_ssim.o
CC	libavfilter/x86/vf_ssim_init.o
X86ASM	libavfilter/x86/vf_stereo3d.o
CC	libavfilter/x86/vf_stereo3d_init.o
X86ASM	libavfilter/x86/vf_threshold.o
CC	libavfilter/x86/vf_threshold_init.o
STRIP	libavfilter/x86/vf_ssim.o
STRIP	libavfilter/x86/vf_stereo3d.o
CC	libavfilter/x86/vf_tinterlace_init.o
X86ASM	libavfilter/x86/vf_transpose.o
STRIP	libavfilter/x86/vf_threshold.o
CC	libavfilter/x86/vf_transpose_init.o
X86ASM	libavfilter/x86/vf_v360.o
CC	libavfilter/x86/vf_v360_init.o
X86ASM	libavfilter/x86/vf_w3fdif.o
STRIP	libavfilter/x86/vf_bwdif.o
CC	libavfilter/x86/vf_w3fdif_init.o
X86ASM	libavfilter/x86/vf_yadif.o
STRIP	libavfilter/x86/vf_transpose.o
CC	libavfilter/x86/vf_yadif_init.o
X86ASM	libavfilter/x86/yadif-10.o
X86ASM	libavfilter/x86/yadif-16.o
STRIP	libavfilter/x86/vf_v360.o
CC	libavfilter/yadif_common.o
STRIP	libavfilter/x86/vf_w3fdif.o
CC	libavformat/3dostr.o
CC	libavformat/4xm.o
CC	libavformat/a64.o
CC	libavformat/aacdec.o
CC	libavformat/aadec.o
STRIP	libavfilter/x86/vf_removegrain.o
CC	libavformat/aaxdec.o
CC	libavformat/ac3dec.o
STRIP	libavfilter/x86/vf_lut3d.o
CC	libavformat/ac4dec.o
CC	libavformat/ac4enc.o
CC	libavformat/acedec.o
CC	libavformat/acm.o
CC	libavformat/act.o
CC	libavformat/adp.o
CC	libavformat/ads.o
CC	libavformat/adtsenc.o
STRIP	libavfilter/x86/yadif-10.o
CC	libavformat/adxdec.o
CC	libavformat/aeadec.o
CC	libavformat/aeaenc.o
CC	libavformat/afc.o
STRIP	libavfilter/x86/vf_yadif.o
CC	libavformat/aiff.o
CC	libavformat/aiffdec.o
CC	libavformat/aiffenc.o
CC	libavformat/aixdec.o
CC	libavformat/allformats.o
CC	libavformat/alp.o
CC	libavformat/amr.o
CC	libavformat/amvenc.o
STRIP	libavfilter/x86/colorspacedsp.o
CC	libavformat/anm.o
CC	libavformat/apac.o
CC	libavformat/apc.o
CC	libavformat/ape.o
CC	libavformat/apetag.o
CC	libavformat/apm.o
CC	libavformat/apngdec.o
CC	libavformat/apngenc.o
CC	libavformat/aptxdec.o
CC	libavformat/apv.o
CC	libavformat/apvdec.o
CC	libavformat/apvenc.o
CC	libavformat/aqtitledec.o
CC	libavformat/argo_asf.o
CC	libavformat/argo_brp.o
CC	libavformat/argo_cvg.o
CC	libavformat/asf.o
CC	libavformat/asf_tags.o
CC	libavformat/asfcrypt.o
STRIP	libavfilter/x86/yadif-16.o
CC	libavformat/asfdec_f.o
CC	libavformat/asfdec_o.o
CC	libavformat/asfenc.o
CC	libavformat/assdec.o
CC	libavformat/assenc.o
CC	libavformat/ast.o
CC	libavformat/astdec.o
CC	libavformat/astenc.o
CC	libavformat/async.o
CC	libavformat/au.o
CC	libavformat/av1.o
CC	libavformat/av1dec.o
CC	libavformat/avc.o
CC	libavformat/avformat.o
CC	libavformat/avidec.o
CC	libavformat/avienc.o
CC	libavformat/avio.o
CC	libavformat/aviobuf.o
CC	libavformat/avlanguage.o
CC	libavformat/avr.o
CC	libavformat/avs.o
CC	libavformat/avs2dec.o
CC	libavformat/avs3dec.o
CC	libavformat/bethsoftvid.o
CC	libavformat/bfi.o
CC	libavformat/bink.o
CC	libavformat/binka.o
CC	libavformat/bintext.o
CC	libavformat/bit.o
CC	libavformat/bmv.o
CC	libavformat/boadec.o
CC	libavformat/bonk.o
CC	libavformat/brstm.o
CC	libavformat/c93.o
CC	libavformat/cache.o
CC	libavformat/caf.o
CC	libavformat/cafdec.o
CC	libavformat/cafenc.o
CC	libavformat/cavsvideodec.o
CC	libavformat/cbs.o
CC	libavformat/cbs_apv.o
CC	libavformat/cbs_av1.o
CC	libavformat/cdg.o
CC	libavformat/cdxl.o
CC	libavformat/cinedec.o
CC	libavformat/codec2.o
CC	libavformat/codecstring.o
CC	libavformat/concat.o
CC	libavformat/concatdec.o
CC	libavformat/crcenc.o
CC	libavformat/crypto.o
CC	libavformat/dash.o
CC	libavformat/dashenc.o
CC	libavformat/data_uri.o
CC	libavformat/dauddec.o
CC	libavformat/daudenc.o
CC	libavformat/dcstr.o
CC	libavformat/demux.o
CC	libavformat/demux_utils.o
CC	libavformat/derf.o
CC	libavformat/dfa.o
CC	libavformat/dfpwmdec.o
CC	libavformat/dhav.o
CC	libavformat/diracdec.o
CC	libavformat/dnxhddec.o
CC	libavformat/dovi_isom.o
CC	libavformat/dsfdec.o
CC	libavformat/dsicin.o
CC	libavformat/dss.o
CC	libavformat/dtsdec.o
CC	libavformat/dtshddec.o
CC	libavformat/dump.o
CC	libavformat/dv.o
CC	libavformat/dvbsub.o
CC	libavformat/dvbtxt.o
CC	libavformat/dvdclut.o
CC	libavformat/dvenc.o
CC	libavformat/dxa.o
CC	libavformat/eacdata.o
CC	libavformat/electronicarts.o
CC	libavformat/epafdec.o
CC	libavformat/evc.o
CC	libavformat/evcdec.o
CC	libavformat/ffmetadec.o
CC	libavformat/ffmetaenc.o
CC	libavformat/fifo.o
CC	libavformat/file.o
CC	libavformat/filmstripdec.o
CC	libavformat/filmstripenc.o
CC	libavformat/fitsdec.o
CC	libavformat/fitsenc.o
CC	libavformat/flac_picture.o
CC	libavformat/flacdec.o
CC	libavformat/flacenc.o
CC	libavformat/flacenc_header.o
CC	libavformat/flic.o
CC	libavformat/flvdec.o
CC	libavformat/flvenc.o
CC	libavformat/format.o
CC	libavformat/framecrcenc.o
CC	libavformat/framehash.o
CC	libavformat/frmdec.o
CC	libavformat/fsb.o
CC	libavformat/ftp.o
CC	libavformat/fwse.o
CC	libavformat/g722.o
CC	libavformat/g723_1.o
CC	libavformat/g726.o
CC	libavformat/g728dec.o
CC	libavformat/g729dec.o
CC	libavformat/gdv.o
CC	libavformat/genh.o
CC	libavformat/gif.o
CC	libavformat/gifdec.o
CC	libavformat/gopher.o
CC	libavformat/gsmdec.o
CC	libavformat/gxf.o
CC	libavformat/gxfenc.o
CC	libavformat/h261dec.o
CC	libavformat/h263dec.o
CC	libavformat/h264dec.o
CC	libavformat/hashenc.o
CC	libavformat/hca.o
CC	libavformat/hcom.o
CC	libavformat/hdsenc.o
CC	libavformat/hevc.o
CC	libavformat/hevcdec.o
CC	libavformat/hls.o
CC	libavformat/hls_sample_encryption.o
CC	libavformat/hlsenc.o
CC	libavformat/hlsplaylist.o
CC	libavformat/hnm.o
CC	libavformat/http.o
CC	libavformat/httpauth.o
CC	libavformat/hxvs.o
CC	libavformat/iamf.o
CC	libavformat/iamf_parse.o
CC	libavformat/iamf_reader.o
CC	libavformat/iamf_writer.o
CC	libavformat/iamfdec.o
CC	libavformat/iamfenc.o
CC	libavformat/icecast.o
CC	libavformat/icodec.o
CC	libavformat/icoenc.o
CC	libavformat/id3v1.o
CC	libavformat/id3v2.o
CC	libavformat/id3v2enc.o
CC	libavformat/idcin.o
CC	libavformat/idroqdec.o
CC	libavformat/idroqenc.o
CC	libavformat/iff.o
CC	libavformat/ifv.o
CC	libavformat/ilbc.o
CC	libavformat/img2.o
CC	libavformat/img2_alias_pix.o
CC	libavformat/img2_brender_pix.o
CC	libavformat/img2dec.o
CC	libavformat/img2enc.o
CC	libavformat/imx.o
CC	libavformat/ingenientdec.o
CC	libavformat/ip.o
CC	libavformat/ipfsgateway.o
CC	libavformat/ipmovie.o
CC	libavformat/ipudec.o
CC	libavformat/ircam.o
CC	libavformat/ircamdec.o
CC	libavformat/ircamenc.o
CC	libavformat/isom.o
CC	libavformat/isom_tags.o
CC	libavformat/iss.o
CC	libavformat/iterm2enc.o
CC	libavformat/iv8.o
CC	libavformat/ivfdec.o
CC	libavformat/ivfenc.o
CC	libavformat/jacosubdec.o
CC	libavformat/jacosubenc.o
CC	libavformat/jpegxl_anim_dec.o
CC	libavformat/jvdec.o
CC	libavformat/kvag.o
CC	libavformat/lafdec.o
CC	libavformat/latmenc.o
CC	libavformat/lc3.o
CC	libavformat/lcevc.o
CC	libavformat/libcurl.o
CC	libavformat/lmlm4.o
CC	libavformat/loasdec.o
CC	libavformat/lrc.o
CC	libavformat/lrcdec.o
CC	libavformat/lrcenc.o
CC	libavformat/luodatdec.o
CC	libavformat/lvfdec.o
CC	libavformat/lxfdec.o
CC	libavformat/m4vdec.o
CC	libavformat/matroska.o
CC	libavformat/matroskadec.o
CC	libavformat/matroskaenc.o
CC	libavformat/mca.o
CC	libavformat/mccdec.o
CC	libavformat/mccenc.o
CC	libavformat/md5proto.o
CC	libavformat/metadata.o
CC	libavformat/mgsts.o
CC	libavformat/microdvddec.o
CC	libavformat/microdvdenc.o
CC	libavformat/mj2kdec.o
CC	libavformat/mkvtimestamp_v2.o
CC	libavformat/mlpdec.o
CC	libavformat/mlvdec.o
CC	libavformat/mm.o
CC	libavformat/mmf.o
CC	libavformat/mms.o
CC	libavformat/mmsh.o
CC	libavformat/mmst.o
CC	libavformat/mods.o
CC	libavformat/moflex.o
CC	libavformat/mov.o
CC	libavformat/mov_chan.o
CC	libavformat/mov_esds.o
CC	libavformat/movenc.o
CC	libavformat/movenc_ttml.o
CC	libavformat/movenccenc.o
CC	libavformat/movenchint.o
CC	libavformat/mp3dec.o
CC	libavformat/mp3enc.o
CC	libavformat/mpc.o
CC	libavformat/mpc8.o
CC	libavformat/mpeg.o
CC	libavformat/mpegenc.o
CC	libavformat/mpegts.o
CC	libavformat/mpegtsenc.o
CC	libavformat/mpegvideodec.o
CC	libavformat/mpjpeg.o
CC	libavformat/mpjpegdec.o
CC	libavformat/mpl2dec.o
CC	libavformat/mpsubdec.o
CC	libavformat/msf.o
CC	libavformat/msnwc_tcp.o
CC	libavformat/mspdec.o
CC	libavformat/mtaf.o
CC	libavformat/mtv.o
CC	libavformat/musx.o
CC	libavformat/mux.o
CC	libavformat/mux_utils.o
CC	libavformat/mvdec.o
CC	libavformat/mvi.o
CC	libavformat/mvrdec.o
CC	libavformat/mxf.o
CC	libavformat/mxfdec.o
CC	libavformat/mxfenc.o
CC	libavformat/mxg.o
CC	libavformat/nal.o
CC	libavformat/ncdec.o
CC	libavformat/network.o
CC	libavformat/nistspheredec.o
CC	libavformat/nspdec.o
CC	libavformat/nsvdec.o
CC	libavformat/nullenc.o
src/libavformat/nspdec.c:81:9: warning: unannotated fall-through between switch labels [-Wimplicit-fallthrough]
   81 |         case MKBETAG('S', 'D', 'A', '_'):
      |         ^
src/libavformat/nspdec.c:81:9: note: insert '__attribute__((fallthrough));' to silence this warning
   81 |         case MKBETAG('S', 'D', 'A', '_'):
      |         ^
      |         __attribute__((fallthrough)); 
src/libavformat/nspdec.c:81:9: note: insert 'break;' to avoid fall-through
   81 |         case MKBETAG('S', 'D', 'A', '_'):
      |         ^
      |         break; 
1 warning generated.
CC	libavformat/nut.o
CC	libavformat/nutdec.o
CC	libavformat/nutenc.o
CC	libavformat/nuv.o
CC	libavformat/oggdec.o
CC	libavformat/oggenc.o
CC	libavformat/oggparsedirac.o
CC	libavformat/oggparseflac.o
CC	libavformat/oggparseogm.o
CC	libavformat/oggparseopus.o
CC	libavformat/oggparseskeleton.o
CC	libavformat/oggparsespeex.o
CC	libavformat/oggparsetheora.o
CC	libavformat/oggparsevorbis.o
CC	libavformat/oggparsevp8.o
CC	libavformat/oma.o
CC	libavformat/omadec.o
CC	libavformat/omaenc.o
CC	libavformat/options.o
CC	libavformat/os_support.o
CC	libavformat/osq.o
CC	libavformat/packet_list.o
CC	libavformat/paf.o
CC	libavformat/pcm.o
CC	libavformat/pcmdec.o
CC	libavformat/pcmenc.o
CC	libavformat/pdvdec.o
CC	libavformat/pdvenc.o
CC	libavformat/pjsdec.o
CC	libavformat/pmpdec.o
CC	libavformat/pp_bnk.o
CC	libavformat/prompeg.o
CC	libavformat/protocols.o
CC	libavformat/psxstr.o
CC	libavformat/pva.o
CC	libavformat/pvfdec.o
CC	libavformat/qcp.o
CC	libavformat/qoadec.o
CC	libavformat/qtpalette.o
CC	libavformat/r3d.o
CC	libavformat/rawdec.o
CC	libavformat/rawenc.o
CC	libavformat/rawutils.o
CC	libavformat/rawvideodec.o
CC	libavformat/rcwtdec.o
CC	libavformat/rcwtenc.o
CC	libavformat/rdt.o
CC	libavformat/realtextdec.o
CC	libavformat/redspark.o
CC	libavformat/replaygain.o
CC	libavformat/riff.o
CC	libavformat/riffdec.o
CC	libavformat/riffenc.o
CC	libavformat/rka.o
CC	libavformat/rl2.o
CC	libavformat/rm.o
CC	libavformat/rmdec.o
CC	libavformat/rmenc.o
CC	libavformat/rmsipr.o
CC	libavformat/rpl.o
CC	libavformat/rsd.o
CC	libavformat/rso.o
CC	libavformat/rsodec.o
CC	libavformat/rsoenc.o
CC	libavformat/rtmpdigest.o
CC	libavformat/rtmphttp.o
CC	libavformat/rtmppkt.o
CC	libavformat/rtmpproto.o
CC	libavformat/rtp.o
CC	libavformat/rtpdec.o
CC	libavformat/rtpdec_ac3.o
CC	libavformat/rtpdec_amr.o
CC	libavformat/rtpdec_asf.o
CC	libavformat/rtpdec_av1.o
CC	libavformat/rtpdec_dv.o
CC	libavformat/rtpdec_g726.o
CC	libavformat/rtpdec_h261.o
CC	libavformat/rtpdec_h263.o
CC	libavformat/rtpdec_h263_rfc2190.o
CC	libavformat/rtpdec_h264.o
CC	libavformat/rtpdec_hevc.o
CC	libavformat/rtpdec_ilbc.o
CC	libavformat/rtpdec_jpeg.o
CC	libavformat/rtpdec_latm.o
CC	libavformat/rtpdec_mpa_robust.o
CC	libavformat/rtpdec_mpeg12.o
CC	libavformat/rtpdec_mpeg4.o
CC	libavformat/rtpdec_mpegts.o
CC	libavformat/rtpdec_opus.o
CC	libavformat/rtpdec_qcelp.o
CC	libavformat/rtpdec_qdm2.o
CC	libavformat/rtpdec_qt.o
CC	libavformat/rtpdec_rfc4175.o
CC	libavformat/rtpdec_svq3.o
CC	libavformat/rtpdec_vc2hq.o
CC	libavformat/rtpdec_vp8.o
CC	libavformat/rtpdec_vp9.o
CC	libavformat/rtpdec_xiph.o
CC	libavformat/rtpenc.o
CC	libavformat/rtpenc_aac.o
CC	libavformat/rtpenc_amr.o
CC	libavformat/rtpenc_av1.o
CC	libavformat/rtpenc_chain.o
CC	libavformat/rtpenc_h261.o
CC	libavformat/rtpenc_h263.o
CC	libavformat/rtpenc_h263_rfc2190.o
CC	libavformat/rtpenc_h264_hevc.o
CC	libavformat/rtpenc_jpeg.o
CC	libavformat/rtpenc_latm.o
CC	libavformat/rtpenc_mpegts.o
CC	libavformat/rtpenc_mpv.o
CC	libavformat/rtpenc_rfc4175.o
CC	libavformat/rtpenc_vc2hq.o
CC	libavformat/rtpenc_vp8.o
CC	libavformat/rtpenc_vp9.o
CC	libavformat/rtpenc_xiph.o
CC	libavformat/rtpproto.o
CC	libavformat/rtsp.o
CC	libavformat/rtspdec.o
CC	libavformat/rtspenc.o
CC	libavformat/s337m.o
CC	libavformat/samidec.o
CC	libavformat/sapdec.o
CC	libavformat/sapenc.o
CC	libavformat/sauce.o
CC	libavformat/sbcdec.o
CC	libavformat/sbgdec.o
CC	libavformat/sccdec.o
CC	libavformat/sccenc.o
CC	libavformat/scd.o
CC	libavformat/sdns.o
CC	libavformat/sdp.o
CC	libavformat/sdr2.o
CC	libavformat/sdsdec.o
CC	libavformat/sdxdec.o
CC	libavformat/seek.o
CC	libavformat/segafilm.o
CC	libavformat/segafilmenc.o
CC	libavformat/segment.o
CC	libavformat/serdec.o
CC	libavformat/sga.o
CC	libavformat/shared.o
CC	libavformat/shortendec.o
CC	libavformat/sierravmd.o
CC	libavformat/siff.o
CC	libavformat/smacker.o
CC	libavformat/smjpeg.o
CC	libavformat/smjpegdec.o
CC	libavformat/smjpegenc.o
CC	libavformat/smoothstreamingenc.o
CC	libavformat/smush.o
CC	libavformat/sol.o
CC	libavformat/soxdec.o
CC	libavformat/soxenc.o
CC	libavformat/spdif.o
CC	libavformat/spdifdec.o
CC	libavformat/spdifenc.o
CC	libavformat/srtdec.o
CC	libavformat/srtenc.o
CC	libavformat/srtp.o
CC	libavformat/srtpproto.o
CC	libavformat/stldec.o
CC	libavformat/subfile.o
CC	libavformat/subtitles.o
CC	libavformat/subviewer1dec.o
CC	libavformat/subviewerdec.o
CC	libavformat/supdec.o
CC	libavformat/supenc.o
CC	libavformat/svag.o
CC	libavformat/svs.o
CC	libavformat/swf.o
CC	libavformat/swfdec.o
CC	libavformat/swfenc.o
CC	libavformat/takdec.o
CC	libavformat/tcp.o
CC	libavformat/tedcaptionsdec.o
CC	libavformat/tee.o
CC	libavformat/tee_common.o
CC	libavformat/teeproto.o
CC	libavformat/thp.o
CC	libavformat/tiertexseq.o
CC	libavformat/tls.o
CC	libavformat/tls_gnutls.o
CC	libavformat/tmv.o
CC	libavformat/tta.o
CC	libavformat/ttaenc.o
CC	libavformat/ttmlenc.o
CC	libavformat/tty.o
CC	libavformat/txd.o
CC	libavformat/ty.o
CC	libavformat/udp.o
CC	libavformat/uncodedframecrcenc.o
CC	libavformat/unix.o
CC	libavformat/url.o
CC	libavformat/urldecode.o
CC	libavformat/usmdec.o
CC	libavformat/utils.o
CC	libavformat/vag.o
CC	libavformat/vapoursynth.o
CC	libavformat/vc1dec.o
CC	libavformat/vc1test.o
CC	libavformat/vc1testenc.o
CC	libavformat/version.o
CC	libavformat/vividas.o
CC	libavformat/vivo.o
CC	libavformat/voc.o
CC	libavformat/voc_packet.o
CC	libavformat/vocdec.o
CC	libavformat/vocenc.o
CC	libavformat/vorbiscomment.o
CC	libavformat/vpcc.o
CC	libavformat/vpk.o
CC	libavformat/vplayerdec.o
CC	libavformat/vqf.o
CC	libavformat/vvc.o
CC	libavformat/vvcdec.o
CC	libavformat/w64.o
CC	libavformat/wady.o
CC	libavformat/wavarc.o
CC	libavformat/wavdec.o
CC	libavformat/wavenc.o
CC	libavformat/wc3movie.o
CC	libavformat/webm_chunk.o
CC	libavformat/webmdashenc.o
CC	libavformat/webp_anim_dec.o
CC	libavformat/webpenc.o
CC	libavformat/webvttdec.o
CC	libavformat/webvttenc.o
CC	libavformat/westwood_aud.o
CC	libavformat/westwood_audenc.o
CC	libavformat/westwood_vqa.o
CC	libavformat/whip.o
CC	libavformat/wsddec.o
CC	libavformat/wtv_common.o
CC	libavformat/wtvdec.o
CC	libavformat/wtvenc.o
CC	libavformat/wv.o
CC	libavformat/wvdec.o
CC	libavformat/wvedec.o
CC	libavformat/wvenc.o
CC	libavformat/xa.o
CC	libavformat/xmd.o
CC	libavformat/xmv.o
CC	libavformat/xvag.o
CC	libavformat/xwma.o
CC	libavformat/yop.o
CC	libavformat/yuv4mpegdec.o
CC	libavformat/yuv4mpegenc.o
GLSLC	libavcodec/vulkan/apv_decode.comp.spv
GLSLC	libavcodec/vulkan/apv_encode_dct.comp.spv
GLSLC	libavcodec/vulkan/apv_encode_tiles.comp.spv
GLSLC	libavcodec/vulkan/apv_idct.comp.spv
GLSLC	libavcodec/vulkan/dpx_copy.comp.spv
GLSLC	libavcodec/vulkan/dpx_unpack.comp.spv
GLSLC	libavcodec/vulkan/ffv1_dec.comp.spv
GLSLC	libavcodec/vulkan/ffv1_dec_bayer.comp.spv
src/libavcodec/vulkan/apv_encode_dct.comp.glsl
GLSLC	libavcodec/vulkan/ffv1_dec_bayer_golomb.comp.spv
src/libavcodec/vulkan/apv_decode.comp.glsl
GLSLC	libavcodec/vulkan/ffv1_dec_golomb.comp.spv
src/libavcodec/vulkan/dpx_unpack.comp.glsl
GLSLC	libavcodec/vulkan/ffv1_dec_reset.comp.spv
src/libavcodec/vulkan/dpx_copy.comp.glsl
GLSLC	libavcodec/vulkan/ffv1_dec_reset_golomb.comp.spv
src/libavcodec/vulkan/apv_encode_tiles.comp.glsl
GLSLC	libavcodec/vulkan/ffv1_dec_rgb.comp.spv
src/libavcodec/vulkan/apv_idct.comp.glsl
GLSLC	libavcodec/vulkan/ffv1_dec_rgb_float.comp.spv
src/libavcodec/vulkan/ffv1_dec.comp.glsl
GLSLC	libavcodec/vulkan/ffv1_dec_rgb_float_golomb.comp.spv
src/libavcodec/vulkan/ffv1_dec_bayer.comp.glsl
GLSLC	libavcodec/vulkan/ffv1_dec_rgb_golomb.comp.spv
src/libavcodec/vulkan/ffv1_dec_golomb.comp.glsl
GLSLC	libavcodec/vulkan/ffv1_dec_setup.comp.spv
src/libavcodec/vulkan/ffv1_dec_reset.comp.glsl
GLSLC	libavcodec/vulkan/ffv1_enc.comp.spv
src/libavcodec/vulkan/ffv1_dec_rgb.comp.glsl
GLSLC	libavcodec/vulkan/ffv1_enc_bayer.comp.spv
src/libavcodec/vulkan/ffv1_dec_reset_golomb.comp.glsl
GLSLC	libavcodec/vulkan/ffv1_enc_bayer_golomb.comp.spv
src/libavcodec/vulkan/ffv1_dec_setup.comp.glsl
GLSLC	libavcodec/vulkan/ffv1_enc_golomb.comp.spv
src/libavcodec/vulkan/ffv1_dec_bayer_golomb.comp.glsl
GLSLC	libavcodec/vulkan/ffv1_enc_rct_search.comp.spv
src/libavcodec/vulkan/ffv1_enc.comp.glsl
src/libavcodec/vulkan/ffv1_dec_rgb_float.comp.glsl
GLSLC	libavcodec/vulkan/ffv1_enc_remap.comp.spv
GLSLC	libavcodec/vulkan/ffv1_enc_reset.comp.spv
src/libavcodec/vulkan/ffv1_dec_rgb_golomb.comp.glsl
src/libavcodec/vulkan/ffv1_dec_rgb_float_golomb.comp.glsl
GLSLC	libavcodec/vulkan/ffv1_enc_reset_golomb.comp.spv
GLSLC	libavcodec/vulkan/ffv1_enc_rgb.comp.spv
src/libavcodec/vulkan/ffv1_enc_bayer_golomb.comp.glsl
GLSLC	libavcodec/vulkan/ffv1_enc_rgb_float.comp.spv
src/libavcodec/vulkan/ffv1_enc_golomb.comp.glsl
GLSLC	libavcodec/vulkan/ffv1_enc_rgb_float_golomb.comp.spv
src/libavcodec/vulkan/ffv1_enc_remap.comp.glsl
GLSLC	libavcodec/vulkan/ffv1_enc_rgb_golomb.comp.spv
src/libavcodec/vulkan/ffv1_enc_bayer.comp.glsl
GLSLC	libavcodec/vulkan/ffv1_enc_setup.comp.spv
src/libavcodec/vulkan/ffv1_enc_reset.comp.glsl
GLSLC	libavcodec/vulkan/ffv1_enc_sort32.comp.spv
src/libavcodec/vulkan/ffv1_enc_rct_search.comp.glsl
GLSLC	libavcodec/vulkan/prores_idct.comp.spv
src/libavcodec/vulkan/ffv1_enc_rgb_float_golomb.comp.glsl
GLSLC	libavcodec/vulkan/prores_ks_alpha_data.comp.spv
src/libavcodec/vulkan/ffv1_enc_reset_golomb.comp.glsl
GLSLC	libavcodec/vulkan/prores_ks_encode_slice.comp.spv
src/libavcodec/vulkan/ffv1_enc_setup.comp.glsl
src/libavcodec/vulkan/ffv1_enc_rgb.comp.glsl
GLSLC	libavcodec/vulkan/prores_ks_estimate_slice.comp.spv
GLSLC	libavcodec/vulkan/prores_ks_slice_data.comp.spv
src/libavcodec/vulkan/ffv1_enc_sort32.comp.glsl
GLSLC	libavcodec/vulkan/prores_ks_trellis_node.comp.spv
src/libavcodec/vulkan/ffv1_enc_rgb_float.comp.glsl
src/libavcodec/vulkan/ffv1_enc_rgb_golomb.comp.glsl
GLSLC	libavcodec/vulkan/prores_raw_decode.comp.spv
GLSLC	libavcodec/vulkan/prores_raw_idct.comp.spv
src/libavcodec/vulkan/prores_ks_alpha_data.comp.glsl
GLSLC	libavcodec/vulkan/prores_vld.comp.spv
src/libavcodec/vulkan/prores_idct.comp.glsl
GLSLC	libavcodec/vulkan/seg_gather.comp.spv
src/libavcodec/vulkan/prores_ks_encode_slice.comp.glsl
CC	libavcodec/vulkan_apv.o
src/libavcodec/vulkan/prores_raw_decode.comp.glsl
CC	libavcodec/vulkan_av1.o
src/libavcodec/vulkan/prores_ks_estimate_slice.comp.glsl
src/libavcodec/vulkan/prores_ks_slice_data.comp.glsl
CC	libavcodec/vulkan_decode.o
src/libavcodec/vulkan/prores_vld.comp.glsl
CC	libavcodec/vulkan_dpx.o
CC	libavcodec/vulkan_encode.o
src/libavcodec/vulkan/seg_gather.comp.glsl
CC	libavcodec/vulkan_encode_av1.o
src/libavcodec/vulkan/prores_raw_idct.comp.glsl
CC	libavcodec/vulkan_encode_h264.o
src/libavcodec/vulkan/prores_ks_trellis_node.comp.glsl
CC	libavcodec/vulkan_encode_h265.o
CC	libavcodec/vulkan_ffv1.o
CC	libavcodec/vulkan_h264.o
CC	libavcodec/vulkan_hevc.o
CC	libavcodec/vulkan_prores.o
CC	libavcodec/vulkan_prores_raw.o
CC	libavcodec/vulkan_video.o
CC	libavcodec/vulkan_vp9.o
CC	libavcodec/vvc/cabac.o
CC	libavcodec/vvc/ctu.o
CC	libavcodec/vvc/data.o
CC	libavcodec/vvc/dec.o
CC	libavcodec/vvc/dsp.o
CC	libavcodec/vvc/filter.o
CC	libavcodec/vvc/inter.o
CC	libavcodec/vvc/intra.o
CC	libavcodec/vvc/intra_utils.o
CC	libavcodec/vvc/itx_1d.o
CC	libavcodec/vvc/mvs.o
CC	libavcodec/vvc/ps.o
CC	libavcodec/vvc/refs.o
CC	libavcodec/vvc/sei.o
CC	libavcodec/vvc/thread.o
CC	libavcodec/vvc_parser.o
CC	libavcodec/wavarc.o
CC	libavcodec/wavpack.o
CC	libavcodec/wavpackdata.o
CC	libavcodec/wavpackenc.o
CC	libavcodec/wbmpdec.o
CC	libavcodec/wbmpenc.o
CC	libavcodec/wcmv.o
CC	libavcodec/webp.o
CC	libavcodec/webp_parser.o
CC	libavcodec/webvttdec.o
CC	libavcodec/webvttenc.o
CC	libavcodec/wma.o
CC	libavcodec/wma_common.o
CC	libavcodec/wma_freqs.o
CC	libavcodec/wmadec.o
CC	libavcodec/wmaenc.o
CC	libavcodec/wmalosslessdec.o
CC	libavcodec/wmaprodec.o
CC	libavcodec/wmavoice.o
CC	libavcodec/wmv2data.o
CC	libavcodec/wmv2dec.o
CC	libavcodec/wmv2dsp.o
CC	libavcodec/wmv2enc.o
CC	libavcodec/wnv1.o
CC	libavcodec/wrapped_avframe.o
CC	libavcodec/ws-snd1.o
X86ASM	libavcodec/x86/aacencdsp.o
CC	libavcodec/x86/aacencdsp_init.o
X86ASM	libavcodec/x86/aacpsdsp.o
CC	libavcodec/x86/aacpsdsp_init.o
X86ASM	libavcodec/x86/ac3dsp.o
X86ASM	libavcodec/x86/ac3dsp_downmix.o
CC	libavcodec/x86/ac3dsp_init.o
STRIP	libavcodec/x86/aacencdsp.o
X86ASM	libavcodec/x86/alacdsp.o
CC	libavcodec/x86/alacdsp_init.o
X86ASM	libavcodec/x86/apv_dsp.o
STRIP	libavcodec/x86/alacdsp.o
CC	libavcodec/x86/apv_dsp_init.o
STRIP	libavcodec/x86/ac3dsp.o
X86ASM	libavcodec/x86/audiodsp.o
CC	libavcodec/x86/audiodsp_init.o
STRIP	libavcodec/x86/apv_dsp.o
X86ASM	libavcodec/x86/blockdsp.o
CC	libavcodec/x86/blockdsp_init.o
X86ASM	libavcodec/x86/bswapdsp.o
CC	libavcodec/x86/bswapdsp_init.o
X86ASM	libavcodec/x86/cavs_qpel.o
STRIP	libavcodec/x86/audiodsp.o
CC	libavcodec/x86/cavsdsp.o
STRIP	libavcodec/x86/blockdsp.o
X86ASM	libavcodec/x86/cavsidct.o
CC	libavcodec/x86/celt_pvq_init.o
STRIP	libavcodec/x86/bswapdsp.o
X86ASM	libavcodec/x86/celt_pvq_search.o
STRIP	libavcodec/x86/ac3dsp_downmix.o
X86ASM	libavcodec/x86/cfhddsp.o
CC	libavcodec/x86/cfhddsp_init.o
STRIP	libavcodec/x86/aacpsdsp.o
X86ASM	libavcodec/x86/cfhdencdsp.o
CC	libavcodec/x86/cfhdencdsp_init.o
CC	libavcodec/x86/constants.o
X86ASM	libavcodec/x86/dcadsp.o
STRIP	libavcodec/x86/cavsidct.o
STRIP	libavcodec/x86/cavs_qpel.o
CC	libavcodec/x86/dcadsp_init.o
X86ASM	libavcodec/x86/dct32.o
X86ASM	libavcodec/x86/dirac_dwt.o
STRIP	libavcodec/x86/cfhddsp.o
STRIP	libavcodec/x86/cfhdencdsp.o
CC	libavcodec/x86/dirac_dwt_init.o
X86ASM	libavcodec/x86/diracdsp.o
CC	libavcodec/x86/diracdsp_init.o
X86ASM	libavcodec/x86/dnxhdenc.o
CC	libavcodec/x86/dnxhdenc_init.o
STRIP	libavcodec/x86/dcadsp.o
X86ASM	libavcodec/x86/exrdsp.o
CC	libavcodec/x86/exrdsp_init.o
STRIP	libavcodec/x86/dirac_dwt.o
STRIP	libavcodec/x86/dnxhdenc.o
CC	libavcodec/x86/fdct.o
CC	libavcodec/x86/fdctdsp_init.o
STRIP	libavcodec/x86/diracdsp.o
X86ASM	libavcodec/x86/flac_dsp_gpl.o
X86ASM	libavcodec/x86/flacdsp.o
CC	libavcodec/x86/flacdsp_init.o
STRIP	libavcodec/x86/exrdsp.o
CC	libavcodec/x86/flacencdsp_init.o
X86ASM	libavcodec/x86/fpel.o
X86ASM	libavcodec/x86/g722dsp.o
STRIP	libavcodec/x86/celt_pvq_search.o
CC	libavcodec/x86/g722dsp_init.o
X86ASM	libavcodec/x86/h263_loopfilter.o
STRIP	libavcodec/x86/dct32.o
CC	libavcodec/x86/h263dsp_init.o
X86ASM	libavcodec/x86/h264_chromamc.o
STRIP	libavcodec/x86/flac_dsp_gpl.o
X86ASM	libavcodec/x86/h264_chromamc_10bit.o
STRIP	libavcodec/x86/g722dsp.o
X86ASM	libavcodec/x86/h264_deblock.o
X86ASM	libavcodec/x86/h264_deblock_10bit.o
STRIP	libavcodec/x86/fpel.o
X86ASM	libavcodec/x86/h264_idct.o
STRIP	libavcodec/x86/h263_loopfilter.o
X86ASM	libavcodec/x86/h264_idct_10bit.o
STRIP	libavcodec/x86/h264_chromamc_10bit.o
X86ASM	libavcodec/x86/h264_intrapred.o
STRIP	libavcodec/x86/flacdsp.o
X86ASM	libavcodec/x86/h264_intrapred_10bit.o
STRIP	libavcodec/x86/h264_chromamc.o
CC	libavcodec/x86/h264_intrapred_init.o
CC	libavcodec/x86/h264_qpel.o
X86ASM	libavcodec/x86/h264_qpel_10bit.o
STRIP	libavcodec/x86/h264_idct.o
X86ASM	libavcodec/x86/h264_qpel_8bit.o
X86ASM	libavcodec/x86/h264_weight.o
STRIP	libavcodec/x86/h264_idct_10bit.o
X86ASM	libavcodec/x86/h264_weight_10bit.o
STRIP	libavcodec/x86/h264_weight.o
CC	libavcodec/x86/h264chroma_init.o
CC	libavcodec/x86/h264dsp_init.o
X86ASM	libavcodec/x86/h26x/h2656_inter.o
STRIP	libavcodec/x86/h264_deblock_10bit.o
CC	libavcodec/x86/h26x/h2656dsp.o
X86ASM	libavcodec/x86/hevc/add_res.o
STRIP	libavcodec/x86/h264_weight_10bit.o
X86ASM	libavcodec/x86/hevc/deblock.o
STRIP	libavcodec/x86/h264_qpel_10bit.o
X86ASM	libavcodec/x86/hevc/dequant.o
STRIP	libavcodec/x86/h264_intrapred_10bit.o
CC	libavcodec/x86/hevc/dsp_init.o
STRIP	libavcodec/x86/hevc/dequant.o
X86ASM	libavcodec/x86/hevc/idct.o
STRIP	libavcodec/x86/hevc/add_res.o
X86ASM	libavcodec/x86/hevc/mc.o
STRIP	libavcodec/x86/h264_intrapred.o
X86ASM	libavcodec/x86/hevc/sao.o
X86ASM	libavcodec/x86/hevc/sao_10bit.o
STRIP	libavcodec/x86/h264_qpel_8bit.o
X86ASM	libavcodec/x86/hpeldsp.o
STRIP	libavcodec/x86/h264_deblock.o
CC	libavcodec/x86/hpeldsp_init.o
X86ASM	libavcodec/x86/huffyuvdsp.o
STRIP	libavcodec/x86/huffyuvdsp.o
CC	libavcodec/x86/huffyuvdsp_init.o
X86ASM	libavcodec/x86/huffyuvencdsp.o
STRIP	libavcodec/x86/hevc/sao.o
CC	libavcodec/x86/huffyuvencdsp_init.o
X86ASM	libavcodec/x86/idctdsp.o
STRIP	libavcodec/x86/hpeldsp.o
CC	libavcodec/x86/idctdsp_init.o
STRIP	libavcodec/x86/idctdsp.o
X86ASM	libavcodec/x86/imdct36.o
X86ASM	libavcodec/x86/jpeg2000dsp.o
STRIP	libavcodec/x86/huffyuvencdsp.o
CC	libavcodec/x86/jpeg2000dsp_init.o
X86ASM	libavcodec/x86/lossless_audiodsp.o
STRIP	libavcodec/x86/jpeg2000dsp.o
CC	libavcodec/x86/lossless_audiodsp_init.o
X86ASM	libavcodec/x86/lossless_videodsp.o
STRIP	libavcodec/x86/lossless_audiodsp.o
CC	libavcodec/x86/lossless_videodsp_init.o
X86ASM	libavcodec/x86/lossless_videoencdsp.o
STRIP	libavcodec/x86/lossless_videoencdsp.o
CC	libavcodec/x86/lossless_videoencdsp_init.o
X86ASM	libavcodec/x86/lpc.o
STRIP	libavcodec/x86/lossless_videodsp.o
CC	libavcodec/x86/lpc_init.o
X86ASM	libavcodec/x86/me_cmp.o
STRIP	libavcodec/x86/lpc.o
CC	libavcodec/x86/me_cmp_init.o
STRIP	libavcodec/x86/imdct36.o
X86ASM	libavcodec/x86/mlpdsp.o
CC	libavcodec/x86/mlpdsp_init.o
CC	libavcodec/x86/mpeg4videodsp.o
STRIP	libavcodec/x86/mlpdsp.o
CC	libavcodec/x86/mpegaudiodsp.o
CC	libavcodec/x86/mpegvideo.o
CC	libavcodec/x86/mpegvideoenc.o
X86ASM	libavcodec/x86/mpegvideoencdsp.o
CC	libavcodec/x86/mpegvideoencdsp_init.o
STRIP	libavcodec/x86/mpegvideoencdsp.o
X86ASM	libavcodec/x86/opusdsp.o
CC	libavcodec/x86/opusdsp_init.o
STRIP	libavcodec/x86/opusdsp.o
X86ASM	libavcodec/x86/pixblockdsp.o
CC	libavcodec/x86/pixblockdsp_init.o
X86ASM	libavcodec/x86/pngdsp.o
STRIP	libavcodec/x86/pixblockdsp.o
CC	libavcodec/x86/pngdsp_init.o
STRIP	libavcodec/x86/pngdsp.o
X86ASM	libavcodec/x86/proresdsp.o
CC	libavcodec/x86/proresdsp_init.o
X86ASM	libavcodec/x86/qpel.o
STRIP	libavcodec/x86/me_cmp.o
X86ASM	libavcodec/x86/qpeldsp.o
STRIP	libavcodec/x86/qpel.o
CC	libavcodec/x86/qpeldsp_init.o
X86ASM	libavcodec/x86/rv34dsp.o
STRIP	libavcodec/x86/hevc/mc.o
STRIP	libavcodec/x86/hevc/sao_10bit.o
CC	libavcodec/x86/rv34dsp_init.o
X86ASM	libavcodec/x86/rv40dsp.o
CC	libavcodec/x86/rv40dsp_init.o
STRIP	libavcodec/x86/hevc/idct.o
X86ASM	libavcodec/x86/sbcdsp.o
STRIP	libavcodec/x86/rv34dsp.o
STRIP	libavcodec/x86/proresdsp.o
CC	libavcodec/x86/sbcdsp_init.o
X86ASM	libavcodec/x86/sbrdsp.o
CC	libavcodec/x86/sbrdsp_init.o
X86ASM	libavcodec/x86/simple_idct10.o
STRIP	libavcodec/x86/sbcdsp.o
X86ASM	libavcodec/x86/snowdsp.o
CC	libavcodec/x86/snowdsp_init.o
X86ASM	libavcodec/x86/svq1enc.o
STRIP	libavcodec/x86/rv40dsp.o
CC	libavcodec/x86/svq1enc_init.o
X86ASM	libavcodec/x86/synth_filter.o
STRIP	libavcodec/x86/svq1enc.o
CC	libavcodec/x86/synth_filter_init.o
STRIP	libavcodec/x86/snowdsp.o
X86ASM	libavcodec/x86/takdsp.o
STRIP	libavcodec/x86/sbrdsp.o
CC	libavcodec/x86/takdsp_init.o
X86ASM	libavcodec/x86/ttadsp.o
CC	libavcodec/x86/ttadsp_init.o
STRIP	libavcodec/x86/takdsp.o
CC	libavcodec/x86/ttaencdsp_init.o
X86ASM	libavcodec/x86/utvideodsp.o
STRIP	libavcodec/x86/synth_filter.o
CC	libavcodec/x86/utvideodsp_init.o
CC	libavcodec/x86/v210-init.o
STRIP	libavcodec/x86/ttadsp.o
X86ASM	libavcodec/x86/v210.o
X86ASM	libavcodec/x86/v210enc.o
CC	libavcodec/x86/v210enc_init.o
STRIP	libavcodec/x86/utvideodsp.o
CC	libavcodec/x86/vc1dsp_init.o
X86ASM	libavcodec/x86/vc1dsp_inv_trans.o
X86ASM	libavcodec/x86/vc1dsp_loopfilter.o
STRIP	libavcodec/x86/v210.o
X86ASM	libavcodec/x86/vc1dsp_mc.o
STRIP	libavcodec/x86/vc1dsp_inv_trans.o
CC	libavcodec/x86/vc1dsp_mmx.o
STRIP	libavcodec/x86/hevc/deblock.o
STRIP	libavcodec/x86/v210enc.o
X86ASM	libavcodec/x86/videodsp.o
CC	libavcodec/x86/videodsp_init.o
STRIP	libavcodec/x86/qpeldsp.o
X86ASM	libavcodec/x86/vorbisdsp.o
CC	libavcodec/x86/vorbisdsp_init.o
X86ASM	libavcodec/x86/vp3dsp.o
CC	libavcodec/x86/vp3dsp_init.o
STRIP	libavcodec/x86/vorbisdsp.o
X86ASM	libavcodec/x86/vp6dsp.o
CC	libavcodec/x86/vp6dsp_init.o
X86ASM	libavcodec/x86/vp8dsp.o
STRIP	libavcodec/x86/vp6dsp.o
CC	libavcodec/x86/vp8dsp_init.o
STRIP	libavcodec/x86/vc1dsp_loopfilter.o
X86ASM	libavcodec/x86/vp8dsp_loopfilter.o
STRIP	libavcodec/x86/vc1dsp_mc.o
CC	libavcodec/x86/vp9dsp_init.o
CC	libavcodec/x86/vp9dsp_init_10bpp.o
STRIP	libavcodec/x86/videodsp.o
CC	libavcodec/x86/vp9dsp_init_12bpp.o
CC	libavcodec/x86/vp9dsp_init_16bpp.o
STRIP	libavcodec/x86/vp3dsp.o
X86ASM	libavcodec/x86/vp9intrapred.o
X86ASM	libavcodec/x86/vp9intrapred_16bpp.o
X86ASM	libavcodec/x86/vp9itxfm.o
X86ASM	libavcodec/x86/vp9itxfm_16bpp.o
STRIP	libavcodec/x86/vp8dsp.o
X86ASM	libavcodec/x86/vp9itxfm_16bpp_avx512.o
STRIP	libavcodec/x86/h26x/h2656_inter.o
X86ASM	libavcodec/x86/vp9itxfm_avx2.o
STRIP	libavcodec/x86/simple_idct10.o
X86ASM	libavcodec/x86/vp9itxfm_avx512.o
STRIP	libavcodec/x86/vp8dsp_loopfilter.o
X86ASM	libavcodec/x86/vp9lpf.o
STRIP	libavcodec/x86/vp9itxfm_16bpp_avx512.o
X86ASM	libavcodec/x86/vp9lpf_16bpp.o
STRIP	libavcodec/x86/vp9itxfm_avx512.o
X86ASM	libavcodec/x86/vp9mc.o
STRIP	libavcodec/x86/vp9itxfm_avx2.o
X86ASM	libavcodec/x86/vp9mc_16bpp.o
STRIP	libavcodec/x86/vp9intrapred.o
X86ASM	libavcodec/x86/vvc/alf.o
STRIP	libavcodec/x86/vp9mc_16bpp.o
X86ASM	libavcodec/x86/vvc/dmvr.o
STRIP	libavcodec/x86/vp9intrapred_16bpp.o
CC	libavcodec/x86/vvc/dsp_init.o
X86ASM	libavcodec/x86/vvc/mc.o
STRIP	libavcodec/x86/vp9mc.o
X86ASM	libavcodec/x86/vvc/of.o
STRIP	libavcodec/x86/vvc/alf.o
X86ASM	libavcodec/x86/vvc/sad.o
STRIP	libavcodec/x86/vvc/sad.o
X86ASM	libavcodec/x86/vvc/sao.o
STRIP	libavcodec/x86/vvc/mc.o
X86ASM	libavcodec/x86/vvc/sao_10bit.o
STRIP	libavcodec/x86/vvc/dmvr.o
X86ASM	libavcodec/x86/xvididct.o
STRIP	libavcodec/x86/vvc/of.o
CC	libavcodec/x86/xvididct_init.o
STRIP	libavcodec/x86/vvc/sao.o
CC	libavcodec/xan.o
CC	libavcodec/xbm_parser.o
CC	libavcodec/xbmdec.o
CC	libavcodec/xbmenc.o
CC	libavcodec/xface.o
CC	libavcodec/xfacedec.o
CC	libavcodec/xfaceenc.o
CC	libavcodec/xiph.o
CC	libavcodec/xl.o
CC	libavcodec/xma_parser.o
STRIP	libavcodec/x86/xvididct.o
CC	libavcodec/xpmdec.o
CC	libavcodec/xsubdec.o
CC	libavcodec/xsubenc.o
CC	libavcodec/xvididct.o
CC	libavcodec/xwd_parser.o
CC	libavcodec/xwddec.o
CC	libavcodec/xwdenc.o
CC	libavcodec/xxan.o
CC	libavcodec/y41pdec.o
CC	libavcodec/y41penc.o
CC	libavcodec/ylc.o
CC	libavcodec/yop.o
CC	libavcodec/yuv4dec.o
CC	libavcodec/yuv4enc.o
CC	libavcodec/zerocodec.o
CC	libavcodec/zlib_wrapper.o
CC	libavcodec/zmbv.o
CC	libavcodec/zmbvenc.o
HOSTCC	libswscale/x86/uops_macros.gen.asm
X86ASM	libswscale/x86/output.o
X86ASM	libswscale/x86/range_convert.o
CC	libswscale/x86/rgb2rgb.o
STRIP	libswscale/x86/range_convert.o
X86ASM	libswscale/x86/rgb_2_rgb.o
X86ASM	libswscale/x86/scale.o
STRIP	libswscale/x86/rgb_2_rgb.o
X86ASM	libswscale/x86/scale_avx2.o
STRIP	libswscale/x86/scale_avx2.o
CC	libswscale/x86/swscale.o
STRIP	libavcodec/x86/vvc/sao_10bit.o
CC	libswscale/x86/yuv2rgb.o
X86ASM	libswscale/x86/yuv2yuvX.o
STRIP	libswscale/x86/yuv2yuvX.o
X86ASM	libswscale/x86/yuv_2_rgb.o
CC	libswscale/yuv2rgb.o
STRIP	libavcodec/x86/vp9itxfm_16bpp.o
CC	libavutil/float2half.o
CC	libavutil/half2float.o
STRIP	libswscale/x86/yuv_2_rgb.o
GZIP	fftools/resources/graph.html.gz
MINIFY	fftools/resources/graph.css.min
CC	fftools/ffprobe.o
INSTALL	presets/libvpx-1080p50_60.ffpreset -> /home/tay/builds/app-build-scripts-ubuntu26/mpv-build/build_libs/share/ffmpeg
INSTALL	presets/libvpx-1080p.ffpreset -> /home/tay/builds/app-build-scripts-ubuntu26/mpv-build/build_libs/share/ffmpeg
INSTALL	presets/libvpx-360p.ffpreset -> /home/tay/builds/app-build-scripts-ubuntu26/mpv-build/build_libs/share/ffmpeg
INSTALL	presets/libvpx-720p50_60.ffpreset -> /home/tay/builds/app-build-scripts-ubuntu26/mpv-build/build_libs/share/ffmpeg
INSTALL	presets/libvpx-720p.ffpreset -> /home/tay/builds/app-build-scripts-ubuntu26/mpv-build/build_libs/share/ffmpeg
INSTALL	doc/ffprobe.xsd -> /home/tay/builds/app-build-scripts-ubuntu26/mpv-build/build_libs/share/ffmpeg
INSTALL	doc/examples/avio_http_serve_files.c -> /home/tay/builds/app-build-scripts-ubuntu26/mpv-build/build_libs/share/ffmpeg/examples
INSTALL	doc/examples/avio_list_dir.c -> /home/tay/builds/app-build-scripts-ubuntu26/mpv-build/build_libs/share/ffmpeg/examples
INSTALL	doc/examples/avio_read_callback.c -> /home/tay/builds/app-build-scripts-ubuntu26/mpv-build/build_libs/share/ffmpeg/examples
INSTALL	doc/examples/decode_audio.c -> /home/tay/builds/app-build-scripts-ubuntu26/mpv-build/build_libs/share/ffmpeg/examples
INSTALL	doc/examples/decode_filter_audio.c -> /home/tay/builds/app-build-scripts-ubuntu26/mpv-build/build_libs/share/ffmpeg/examples
INSTALL	doc/examples/decode_filter_video.c -> /home/tay/builds/app-build-scripts-ubuntu26/mpv-build/build_libs/share/ffmpeg/examples
INSTALL	doc/examples/decode_video.c -> /home/tay/builds/app-build-scripts-ubuntu26/mpv-build/build_libs/share/ffmpeg/examples
INSTALL	doc/examples/demux_decode.c -> /home/tay/builds/app-build-scripts-ubuntu26/mpv-build/build_libs/share/ffmpeg/examples
INSTALL	doc/examples/encode_audio.c -> /home/tay/builds/app-build-scripts-ubuntu26/mpv-build/build_libs/share/ffmpeg/examples
INSTALL	doc/examples/encode_video.c -> /home/tay/builds/app-build-scripts-ubuntu26/mpv-build/build_libs/share/ffmpeg/examples
INSTALL	doc/examples/extract_mvs.c -> /home/tay/builds/app-build-scripts-ubuntu26/mpv-build/build_libs/share/ffmpeg/examples
INSTALL	doc/examples/filter_audio.c -> /home/tay/builds/app-build-scripts-ubuntu26/mpv-build/build_libs/share/ffmpeg/examples
INSTALL	doc/examples/hw_decode.c -> /home/tay/builds/app-build-scripts-ubuntu26/mpv-build/build_libs/share/ffmpeg/examples
INSTALL	doc/examples/mux.c -> /home/tay/builds/app-build-scripts-ubuntu26/mpv-build/build_libs/share/ffmpeg/examples
INSTALL	doc/examples/qsv_decode.c -> /home/tay/builds/app-build-scripts-ubuntu26/mpv-build/build_libs/share/ffmpeg/examples
INSTALL	doc/examples/qsv_transcode.c -> /home/tay/builds/app-build-scripts-ubuntu26/mpv-build/build_libs/share/ffmpeg/examples
INSTALL	doc/examples/remux.c -> /home/tay/builds/app-build-scripts-ubuntu26/mpv-build/build_libs/share/ffmpeg/examples
INSTALL	doc/examples/resample_audio.c -> /home/tay/builds/app-build-scripts-ubuntu26/mpv-build/build_libs/share/ffmpeg/examples
INSTALL	doc/examples/scale_video.c -> /home/tay/builds/app-build-scripts-ubuntu26/mpv-build/build_libs/share/ffmpeg/examples
INSTALL	doc/examples/show_metadata.c -> /home/tay/builds/app-build-scripts-ubuntu26/mpv-build/build_libs/share/ffmpeg/examples
INSTALL	doc/examples/transcode_aac.c -> /home/tay/builds/app-build-scripts-ubuntu26/mpv-build/build_libs/share/ffmpeg/examples
INSTALL	doc/examples/transcode.c -> /home/tay/builds/app-build-scripts-ubuntu26/mpv-build/build_libs/share/ffmpeg/examples
INSTALL	doc/examples/vaapi_encode.c -> /home/tay/builds/app-build-scripts-ubuntu26/mpv-build/build_libs/share/ffmpeg/examples
INSTALL	doc/examples/vaapi_transcode.c -> /home/tay/builds/app-build-scripts-ubuntu26/mpv-build/build_libs/share/ffmpeg/examples
INSTALL	doc/examples/README -> /home/tay/builds/app-build-scripts-ubuntu26/mpv-build/build_libs/share/ffmpeg/examples
INSTALL	doc/examples/Makefile -> /home/tay/builds/app-build-scripts-ubuntu26/mpv-build/build_libs/share/ffmpeg/examples
INSTALL	doc/examples/Makefile.example -> /home/tay/builds/app-build-scripts-ubuntu26/mpv-build/build_libs/share/ffmpeg/examples/Makefile
INSTALL	libavdevice/avdevice.h -> /home/tay/builds/app-build-scripts-ubuntu26/mpv-build/build_libs/include/libavdevice
INSTALL	libavdevice/version.h -> /home/tay/builds/app-build-scripts-ubuntu26/mpv-build/build_libs/include/libavdevice
INSTALL	libavdevice/version_major.h -> /home/tay/builds/app-build-scripts-ubuntu26/mpv-build/build_libs/include/libavdevice
GEN	libavdevice/libavdevice.pc
INSTALL	libavfilter/avfilter.h -> /home/tay/builds/app-build-scripts-ubuntu26/mpv-build/build_libs/include/libavfilter
INSTALL	libavfilter/buffersink.h -> /home/tay/builds/app-build-scripts-ubuntu26/mpv-build/build_libs/include/libavfilter
INSTALL	libavfilter/buffersrc.h -> /home/tay/builds/app-build-scripts-ubuntu26/mpv-build/build_libs/include/libavfilter
INSTALL	libavfilter/version.h -> /home/tay/builds/app-build-scripts-ubuntu26/mpv-build/build_libs/include/libavfilter
INSTALL	libavfilter/version_major.h -> /home/tay/builds/app-build-scripts-ubuntu26/mpv-build/build_libs/include/libavfilter
GEN	libavfilter/libavfilter.pc
STRIP	libavcodec/x86/vp9lpf_16bpp.o
INSTALL	libavformat/avformat.h -> /home/tay/builds/app-build-scripts-ubuntu26/mpv-build/build_libs/include/libavformat
INSTALL	libavformat/avio.h -> /home/tay/builds/app-build-scripts-ubuntu26/mpv-build/build_libs/include/libavformat
INSTALL	libavformat/version.h -> /home/tay/builds/app-build-scripts-ubuntu26/mpv-build/build_libs/include/libavformat
INSTALL	libavformat/version_major.h -> /home/tay/builds/app-build-scripts-ubuntu26/mpv-build/build_libs/include/libavformat
GEN	libavformat/libavformat.pc
STRIP	libswscale/x86/scale.o
GEN	libavcodec/libavcodec.pc
INSTALL	libavcodec/ac3_parser.h -> /home/tay/builds/app-build-scripts-ubuntu26/mpv-build/build_libs/include/libavcodec
INSTALL	libavcodec/adts_parser.h -> /home/tay/builds/app-build-scripts-ubuntu26/mpv-build/build_libs/include/libavcodec
INSTALL	libavcodec/avcodec.h -> /home/tay/builds/app-build-scripts-ubuntu26/mpv-build/build_libs/include/libavcodec
INSTALL	libavcodec/avdct.h -> /home/tay/builds/app-build-scripts-ubuntu26/mpv-build/build_libs/include/libavcodec
INSTALL	libavcodec/bsf.h -> /home/tay/builds/app-build-scripts-ubuntu26/mpv-build/build_libs/include/libavcodec
INSTALL	libavcodec/codec.h -> /home/tay/builds/app-build-scripts-ubuntu26/mpv-build/build_libs/include/libavcodec
INSTALL	libavcodec/codec_desc.h -> /home/tay/builds/app-build-scripts-ubuntu26/mpv-build/build_libs/include/libavcodec
INSTALL	libavcodec/codec_id.h -> /home/tay/builds/app-build-scripts-ubuntu26/mpv-build/build_libs/include/libavcodec
INSTALL	libavcodec/codec_par.h -> /home/tay/builds/app-build-scripts-ubuntu26/mpv-build/build_libs/include/libavcodec
INSTALL	libavcodec/d3d11va.h -> /home/tay/builds/app-build-scripts-ubuntu26/mpv-build/build_libs/include/libavcodec
INSTALL	libavcodec/defs.h -> /home/tay/builds/app-build-scripts-ubuntu26/mpv-build/build_libs/include/libavcodec
INSTALL	libavcodec/dirac.h -> /home/tay/builds/app-build-scripts-ubuntu26/mpv-build/build_libs/include/libavcodec
INSTALL	libavcodec/dv_profile.h -> /home/tay/builds/app-build-scripts-ubuntu26/mpv-build/build_libs/include/libavcodec
INSTALL	libavcodec/dxva2.h -> /home/tay/builds/app-build-scripts-ubuntu26/mpv-build/build_libs/include/libavcodec
INSTALL	libavcodec/exif.h -> /home/tay/builds/app-build-scripts-ubuntu26/mpv-build/build_libs/include/libavcodec
INSTALL	libavcodec/jni.h -> /home/tay/builds/app-build-scripts-ubuntu26/mpv-build/build_libs/include/libavcodec
INSTALL	libavcodec/mediacodec.h -> /home/tay/builds/app-build-scripts-ubuntu26/mpv-build/build_libs/include/libavcodec
INSTALL	libavcodec/packet.h -> /home/tay/builds/app-build-scripts-ubuntu26/mpv-build/build_libs/include/libavcodec
INSTALL	libavcodec/qsv.h -> /home/tay/builds/app-build-scripts-ubuntu26/mpv-build/build_libs/include/libavcodec
INSTALL	libavcodec/smpte_436m.h -> /home/tay/builds/app-build-scripts-ubuntu26/mpv-build/build_libs/include/libavcodec
INSTALL	libavcodec/vdpau.h -> /home/tay/builds/app-build-scripts-ubuntu26/mpv-build/build_libs/include/libavcodec
INSTALL	libavcodec/version.h -> /home/tay/builds/app-build-scripts-ubuntu26/mpv-build/build_libs/include/libavcodec
INSTALL	libavcodec/version_major.h -> /home/tay/builds/app-build-scripts-ubuntu26/mpv-build/build_libs/include/libavcodec
INSTALL	libavcodec/videotoolbox.h -> /home/tay/builds/app-build-scripts-ubuntu26/mpv-build/build_libs/include/libavcodec
INSTALL	libavcodec/vorbis_parser.h -> /home/tay/builds/app-build-scripts-ubuntu26/mpv-build/build_libs/include/libavcodec
GEN	libswresample/libswresample.pc
INSTALL	libswresample/swresample.h -> /home/tay/builds/app-build-scripts-ubuntu26/mpv-build/build_libs/include/libswresample
INSTALL	libswresample/version.h -> /home/tay/builds/app-build-scripts-ubuntu26/mpv-build/build_libs/include/libswresample
INSTALL	libswresample/version_major.h -> /home/tay/builds/app-build-scripts-ubuntu26/mpv-build/build_libs/include/libswresample
INSTALL	libswscale/swscale.h -> /home/tay/builds/app-build-scripts-ubuntu26/mpv-build/build_libs/include/libswscale
INSTALL	libswscale/version.h -> /home/tay/builds/app-build-scripts-ubuntu26/mpv-build/build_libs/include/libswscale
INSTALL	libswscale/version_major.h -> /home/tay/builds/app-build-scripts-ubuntu26/mpv-build/build_libs/include/libswscale
GEN	libswscale/libswscale.pc
GEN	libavutil/libavutil.pc
INSTALL	libavutil/adler32.h -> /home/tay/builds/app-build-scripts-ubuntu26/mpv-build/build_libs/include/libavutil
INSTALL	libavutil/aes.h -> /home/tay/builds/app-build-scripts-ubuntu26/mpv-build/build_libs/include/libavutil
INSTALL	libavutil/aes_ctr.h -> /home/tay/builds/app-build-scripts-ubuntu26/mpv-build/build_libs/include/libavutil
INSTALL	libavutil/ambient_viewing_environment.h -> /home/tay/builds/app-build-scripts-ubuntu26/mpv-build/build_libs/include/libavutil
INSTALL	libavutil/attributes.h -> /home/tay/builds/app-build-scripts-ubuntu26/mpv-build/build_libs/include/libavutil
INSTALL	libavutil/audio_fifo.h -> /home/tay/builds/app-build-scripts-ubuntu26/mpv-build/build_libs/include/libavutil
INSTALL	libavutil/avassert.h -> /home/tay/builds/app-build-scripts-ubuntu26/mpv-build/build_libs/include/libavutil
INSTALL	libavutil/avstring.h -> /home/tay/builds/app-build-scripts-ubuntu26/mpv-build/build_libs/include/libavutil
INSTALL	libavutil/avutil.h -> /home/tay/builds/app-build-scripts-ubuntu26/mpv-build/build_libs/include/libavutil
INSTALL	libavutil/base64.h -> /home/tay/builds/app-build-scripts-ubuntu26/mpv-build/build_libs/include/libavutil
INSTALL	libavutil/blowfish.h -> /home/tay/builds/app-build-scripts-ubuntu26/mpv-build/build_libs/include/libavutil
INSTALL	libavutil/bprint.h -> /home/tay/builds/app-build-scripts-ubuntu26/mpv-build/build_libs/include/libavutil
INSTALL	libavutil/bswap.h -> /home/tay/builds/app-build-scripts-ubuntu26/mpv-build/build_libs/include/libavutil
INSTALL	libavutil/buffer.h -> /home/tay/builds/app-build-scripts-ubuntu26/mpv-build/build_libs/include/libavutil
INSTALL	libavutil/cast5.h -> /home/tay/builds/app-build-scripts-ubuntu26/mpv-build/build_libs/include/libavutil
INSTALL	libavutil/camellia.h -> /home/tay/builds/app-build-scripts-ubuntu26/mpv-build/build_libs/include/libavutil
INSTALL	libavutil/channel_layout.h -> /home/tay/builds/app-build-scripts-ubuntu26/mpv-build/build_libs/include/libavutil
INSTALL	libavutil/common.h -> /home/tay/builds/app-build-scripts-ubuntu26/mpv-build/build_libs/include/libavutil
INSTALL	libavutil/container_fifo.h -> /home/tay/builds/app-build-scripts-ubuntu26/mpv-build/build_libs/include/libavutil
INSTALL	libavutil/cpu.h -> /home/tay/builds/app-build-scripts-ubuntu26/mpv-build/build_libs/include/libavutil
INSTALL	libavutil/crc.h -> /home/tay/builds/app-build-scripts-ubuntu26/mpv-build/build_libs/include/libavutil
INSTALL	libavutil/csp.h -> /home/tay/builds/app-build-scripts-ubuntu26/mpv-build/build_libs/include/libavutil
INSTALL	libavutil/des.h -> /home/tay/builds/app-build-scripts-ubuntu26/mpv-build/build_libs/include/libavutil
INSTALL	libavutil/detection_bbox.h -> /home/tay/builds/app-build-scripts-ubuntu26/mpv-build/build_libs/include/libavutil
INSTALL	libavutil/dict.h -> /home/tay/builds/app-build-scripts-ubuntu26/mpv-build/build_libs/include/libavutil
INSTALL	libavutil/display.h -> /home/tay/builds/app-build-scripts-ubuntu26/mpv-build/build_libs/include/libavutil
INSTALL	libavutil/dovi_meta.h -> /home/tay/builds/app-build-scripts-ubuntu26/mpv-build/build_libs/include/libavutil
INSTALL	libavutil/downmix_info.h -> /home/tay/builds/app-build-scripts-ubuntu26/mpv-build/build_libs/include/libavutil
INSTALL	libavutil/encryption_info.h -> /home/tay/builds/app-build-scripts-ubuntu26/mpv-build/build_libs/include/libavutil
INSTALL	libavutil/error.h -> /home/tay/builds/app-build-scripts-ubuntu26/mpv-build/build_libs/include/libavutil
INSTALL	libavutil/eval.h -> /home/tay/builds/app-build-scripts-ubuntu26/mpv-build/build_libs/include/libavutil
INSTALL	libavutil/executor.h -> /home/tay/builds/app-build-scripts-ubuntu26/mpv-build/build_libs/include/libavutil
INSTALL	libavutil/fifo.h -> /home/tay/builds/app-build-scripts-ubuntu26/mpv-build/build_libs/include/libavutil
INSTALL	libavutil/file.h -> /home/tay/builds/app-build-scripts-ubuntu26/mpv-build/build_libs/include/libavutil
INSTALL	libavutil/film_grain_params.h -> /home/tay/builds/app-build-scripts-ubuntu26/mpv-build/build_libs/include/libavutil
INSTALL	libavutil/frame.h -> /home/tay/builds/app-build-scripts-ubuntu26/mpv-build/build_libs/include/libavutil
INSTALL	libavutil/hash.h -> /home/tay/builds/app-build-scripts-ubuntu26/mpv-build/build_libs/include/libavutil
INSTALL	libavutil/hdr_dynamic_metadata.h -> /home/tay/builds/app-build-scripts-ubuntu26/mpv-build/build_libs/include/libavutil
INSTALL	libavutil/hdr_dynamic_vivid_metadata.h -> /home/tay/builds/app-build-scripts-ubuntu26/mpv-build/build_libs/include/libavutil
INSTALL	libavutil/hmac.h -> /home/tay/builds/app-build-scripts-ubuntu26/mpv-build/build_libs/include/libavutil
INSTALL	libavutil/hwcontext.h -> /home/tay/builds/app-build-scripts-ubuntu26/mpv-build/build_libs/include/libavutil
INSTALL	libavutil/hwcontext_cuda.h -> /home/tay/builds/app-build-scripts-ubuntu26/mpv-build/build_libs/include/libavutil
INSTALL	libavutil/hwcontext_d3d11va.h -> /home/tay/builds/app-build-scripts-ubuntu26/mpv-build/build_libs/include/libavutil
INSTALL	libavutil/hwcontext_d3d12va.h -> /home/tay/builds/app-build-scripts-ubuntu26/mpv-build/build_libs/include/libavutil
INSTALL	libavutil/hwcontext_drm.h -> /home/tay/builds/app-build-scripts-ubuntu26/mpv-build/build_libs/include/libavutil
INSTALL	libavutil/hwcontext_dxva2.h -> /home/tay/builds/app-build-scripts-ubuntu26/mpv-build/build_libs/include/libavutil
INSTALL	libavutil/hwcontext_amf.h -> /home/tay/builds/app-build-scripts-ubuntu26/mpv-build/build_libs/include/libavutil
INSTALL	libavutil/hwcontext_qsv.h -> /home/tay/builds/app-build-scripts-ubuntu26/mpv-build/build_libs/include/libavutil
INSTALL	libavutil/hwcontext_mediacodec.h -> /home/tay/builds/app-build-scripts-ubuntu26/mpv-build/build_libs/include/libavutil
INSTALL	libavutil/hwcontext_opencl.h -> /home/tay/builds/app-build-scripts-ubuntu26/mpv-build/build_libs/include/libavutil
INSTALL	libavutil/hwcontext_oh.h -> /home/tay/builds/app-build-scripts-ubuntu26/mpv-build/build_libs/include/libavutil
INSTALL	libavutil/hwcontext_vaapi.h -> /home/tay/builds/app-build-scripts-ubuntu26/mpv-build/build_libs/include/libavutil
INSTALL	libavutil/hwcontext_videotoolbox.h -> /home/tay/builds/app-build-scripts-ubuntu26/mpv-build/build_libs/include/libavutil
INSTALL	libavutil/hwcontext_vdpau.h -> /home/tay/builds/app-build-scripts-ubuntu26/mpv-build/build_libs/include/libavutil
INSTALL	libavutil/hwcontext_vulkan.h -> /home/tay/builds/app-build-scripts-ubuntu26/mpv-build/build_libs/include/libavutil
INSTALL	libavutil/iamf.h -> /home/tay/builds/app-build-scripts-ubuntu26/mpv-build/build_libs/include/libavutil
INSTALL	libavutil/imgutils.h -> /home/tay/builds/app-build-scripts-ubuntu26/mpv-build/build_libs/include/libavutil
INSTALL	libavutil/intfloat.h -> /home/tay/builds/app-build-scripts-ubuntu26/mpv-build/build_libs/include/libavutil
INSTALL	libavutil/intreadwrite.h -> /home/tay/builds/app-build-scripts-ubuntu26/mpv-build/build_libs/include/libavutil
INSTALL	libavutil/lfg.h -> /home/tay/builds/app-build-scripts-ubuntu26/mpv-build/build_libs/include/libavutil
INSTALL	libavutil/log.h -> /home/tay/builds/app-build-scripts-ubuntu26/mpv-build/build_libs/include/libavutil
INSTALL	libavutil/lzo.h -> /home/tay/builds/app-build-scripts-ubuntu26/mpv-build/build_libs/include/libavutil
INSTALL	libavutil/macros.h -> /home/tay/builds/app-build-scripts-ubuntu26/mpv-build/build_libs/include/libavutil
INSTALL	libavutil/mathematics.h -> /home/tay/builds/app-build-scripts-ubuntu26/mpv-build/build_libs/include/libavutil
INSTALL	libavutil/mastering_display_metadata.h -> /home/tay/builds/app-build-scripts-ubuntu26/mpv-build/build_libs/include/libavutil
INSTALL	libavutil/md5.h -> /home/tay/builds/app-build-scripts-ubuntu26/mpv-build/build_libs/include/libavutil
INSTALL	libavutil/mem.h -> /home/tay/builds/app-build-scripts-ubuntu26/mpv-build/build_libs/include/libavutil
INSTALL	libavutil/motion_vector.h -> /home/tay/builds/app-build-scripts-ubuntu26/mpv-build/build_libs/include/libavutil
INSTALL	libavutil/murmur3.h -> /home/tay/builds/app-build-scripts-ubuntu26/mpv-build/build_libs/include/libavutil
INSTALL	libavutil/opt.h -> /home/tay/builds/app-build-scripts-ubuntu26/mpv-build/build_libs/include/libavutil
INSTALL	libavutil/parseutils.h -> /home/tay/builds/app-build-scripts-ubuntu26/mpv-build/build_libs/include/libavutil
INSTALL	libavutil/pixdesc.h -> /home/tay/builds/app-build-scripts-ubuntu26/mpv-build/build_libs/include/libavutil
INSTALL	libavutil/pixelutils.h -> /home/tay/builds/app-build-scripts-ubuntu26/mpv-build/build_libs/include/libavutil
INSTALL	libavutil/pixfmt.h -> /home/tay/builds/app-build-scripts-ubuntu26/mpv-build/build_libs/include/libavutil
INSTALL	libavutil/random_seed.h -> /home/tay/builds/app-build-scripts-ubuntu26/mpv-build/build_libs/include/libavutil
INSTALL	libavutil/raw_color_params.h -> /home/tay/builds/app-build-scripts-ubuntu26/mpv-build/build_libs/include/libavutil
INSTALL	libavutil/rc4.h -> /home/tay/builds/app-build-scripts-ubuntu26/mpv-build/build_libs/include/libavutil
INSTALL	libavutil/rational.h -> /home/tay/builds/app-build-scripts-ubuntu26/mpv-build/build_libs/include/libavutil
INSTALL	libavutil/refstruct.h -> /home/tay/builds/app-build-scripts-ubuntu26/mpv-build/build_libs/include/libavutil
INSTALL	libavutil/replaygain.h -> /home/tay/builds/app-build-scripts-ubuntu26/mpv-build/build_libs/include/libavutil
INSTALL	libavutil/ripemd.h -> /home/tay/builds/app-build-scripts-ubuntu26/mpv-build/build_libs/include/libavutil
INSTALL	libavutil/samplefmt.h -> /home/tay/builds/app-build-scripts-ubuntu26/mpv-build/build_libs/include/libavutil
INSTALL	libavutil/sha.h -> /home/tay/builds/app-build-scripts-ubuntu26/mpv-build/build_libs/include/libavutil
INSTALL	libavutil/sha512.h -> /home/tay/builds/app-build-scripts-ubuntu26/mpv-build/build_libs/include/libavutil
INSTALL	libavutil/spherical.h -> /home/tay/builds/app-build-scripts-ubuntu26/mpv-build/build_libs/include/libavutil
INSTALL	libavutil/stereo3d.h -> /home/tay/builds/app-build-scripts-ubuntu26/mpv-build/build_libs/include/libavutil
INSTALL	libavutil/tdrdi.h -> /home/tay/builds/app-build-scripts-ubuntu26/mpv-build/build_libs/include/libavutil
INSTALL	libavutil/threadmessage.h -> /home/tay/builds/app-build-scripts-ubuntu26/mpv-build/build_libs/include/libavutil
INSTALL	libavutil/time.h -> /home/tay/builds/app-build-scripts-ubuntu26/mpv-build/build_libs/include/libavutil
INSTALL	libavutil/timecode.h -> /home/tay/builds/app-build-scripts-ubuntu26/mpv-build/build_libs/include/libavutil
INSTALL	libavutil/timestamp.h -> /home/tay/builds/app-build-scripts-ubuntu26/mpv-build/build_libs/include/libavutil
INSTALL	libavutil/tree.h -> /home/tay/builds/app-build-scripts-ubuntu26/mpv-build/build_libs/include/libavutil
INSTALL	libavutil/twofish.h -> /home/tay/builds/app-build-scripts-ubuntu26/mpv-build/build_libs/include/libavutil
INSTALL	libavutil/uuid.h -> /home/tay/builds/app-build-scripts-ubuntu26/mpv-build/build_libs/include/libavutil
INSTALL	libavutil/version.h -> /home/tay/builds/app-build-scripts-ubuntu26/mpv-build/build_libs/include/libavutil
INSTALL	libavutil/video_enc_params.h -> /home/tay/builds/app-build-scripts-ubuntu26/mpv-build/build_libs/include/libavutil
INSTALL	libavutil/xtea.h -> /home/tay/builds/app-build-scripts-ubuntu26/mpv-build/build_libs/include/libavutil
INSTALL	libavutil/tea.h -> /home/tay/builds/app-build-scripts-ubuntu26/mpv-build/build_libs/include/libavutil
INSTALL	libavutil/tx.h -> /home/tay/builds/app-build-scripts-ubuntu26/mpv-build/build_libs/include/libavutil
INSTALL	libavutil/video_hint.h -> /home/tay/builds/app-build-scripts-ubuntu26/mpv-build/build_libs/include/libavutil
INSTALL	libavutil/avconfig.h -> /home/tay/builds/app-build-scripts-ubuntu26/mpv-build/build_libs/include/libavutil
INSTALL	libavutil/ffversion.h -> /home/tay/builds/app-build-scripts-ubuntu26/mpv-build/build_libs/include/libavutil
AR	libavdevice/libavdevice.a
CC	libavfilter/aeval.o
CC	libavfilter/af_aap.o
CC	libavfilter/af_acontrast.o
STRIP	libavcodec/x86/vp9lpf.o
CC	libavfilter/af_acopy.o
CC	libavfilter/af_acrossover.o
CC	libavfilter/af_acrusher.o
CC	libavfilter/af_adeclick.o
CC	libavfilter/af_adecorrelate.o
CC	libavfilter/af_adelay.o
CC	libavfilter/af_adenorm.o
CC	libavfilter/af_aderivative.o
CC	libavfilter/af_adrc.o
CC	libavfilter/af_adynamicequalizer.o
CC	libavfilter/af_adynamicsmooth.o
CC	libavfilter/af_aecho.o
CC	libavfilter/af_aemphasis.o
CC	libavfilter/af_aexciter.o
CC	libavfilter/af_afade.o
CC	libavfilter/af_afftdn.o
CC	libavfilter/af_afftfilt.o
CC	libavfilter/af_afir.o
CC	libavfilter/af_aformat.o
CC	libavfilter/af_afreqshift.o
CC	libavfilter/af_afwtdn.o
CC	libavfilter/af_agate.o
CC	libavfilter/af_aiir.o
CC	libavfilter/af_alimiter.o
CC	libavfilter/af_amerge.o
CC	libavfilter/af_amix.o
CC	libavfilter/af_amultiply.o
CC	libavfilter/af_anequalizer.o
CC	libavfilter/af_anlmdn.o
CC	libavfilter/af_anlms.o
CC	libavfilter/af_anull.o
CC	libavfilter/af_apad.o
CC	libavfilter/af_aphaser.o
CC	libavfilter/af_apsyclip.o
CC	libavfilter/af_apulsator.o
CC	libavfilter/af_aresample.o
CC	libavfilter/af_arls.o
CC	libavfilter/af_arnndn.o
CC	libavfilter/af_asdr.o
CC	libavfilter/af_asetnsamples.o
CC	libavfilter/af_asetrate.o
CC	libavfilter/af_ashowinfo.o
CC	libavfilter/af_aspectralstats.o
CC	libavfilter/af_asoftclip.o
CC	libavfilter/af_astats.o
CC	libavfilter/af_asubboost.o
CC	libavfilter/af_asupercut.o
CC	libavfilter/af_atempo.o
CC	libavfilter/af_atilt.o
CC	libavfilter/af_axcorrelate.o
CC	libavfilter/af_biquads.o
CC	libavfilter/af_channelmap.o
CC	libavfilter/af_channelsplit.o
CC	libavfilter/af_chorus.o
CC	libavfilter/af_compand.o
CC	libavfilter/af_compensationdelay.o
CC	libavfilter/af_crossfeed.o
CC	libavfilter/af_crystalizer.o
CC	libavfilter/af_dcshift.o
CC	libavfilter/af_deesser.o
CC	libavfilter/af_dialoguenhance.o
CC	libavfilter/af_drmeter.o
CC	libavfilter/af_dynaudnorm.o
CC	libavfilter/af_earwax.o
CC	libavfilter/af_extrastereo.o
CC	libavfilter/af_firequalizer.o
CC	libavfilter/af_flanger.o
CC	libavfilter/af_haas.o
CC	libavfilter/af_hdcd.o
CC	libavfilter/af_headphone.o
CC	libavfilter/af_join.o
CC	libavfilter/af_loudnorm.o
CC	libavfilter/af_mcompand.o
CC	libavfilter/af_pan.o
CC	libavfilter/af_replaygain.o
CC	libavfilter/af_sidechaincompress.o
CC	libavfilter/af_silencedetect.o
CC	libavfilter/af_silenceremove.o
CC	libavfilter/af_speechnorm.o
CC	libavfilter/af_stereotools.o
CC	libavfilter/af_stereowiden.o
CC	libavfilter/af_superequalizer.o
CC	libavfilter/af_surround.o
CC	libavfilter/af_tremolo.o
CC	libavfilter/af_vibrato.o
CC	libavfilter/af_virtualbass.o
CC	libavfilter/af_volume.o
CC	libavfilter/af_volumedetect.o
CC	libavfilter/allfilters.o
CC	libavfilter/asink_anullsink.o
CC	libavfilter/asrc_afdelaysrc.o
CC	libavfilter/asrc_afirsrc.o
CC	libavfilter/asrc_anoisesrc.o
CC	libavfilter/asrc_anullsrc.o
CC	libavfilter/asrc_hilbert.o
CC	libavfilter/asrc_sinc.o
CC	libavfilter/asrc_sine.o
CC	libavfilter/audio.o
CC	libavfilter/avf_a3dscope.o
CC	libavfilter/avf_abitscope.o
CC	libavfilter/avf_ahistogram.o
CC	libavfilter/avf_aphasemeter.o
CC	libavfilter/avf_avectorscope.o
CC	libavfilter/avf_concat.o
CC	libavfilter/avf_showcqt.o
CC	libavfilter/avf_showcwt.o
CC	libavfilter/avf_showfreqs.o
CC	libavfilter/avf_showspatial.o
CC	libavfilter/avf_showspectrum.o
STRIP	libswscale/x86/output.o
CC	libavfilter/avf_showvolume.o
CC	libavfilter/avf_showwaves.o
CC	libavfilter/avfilter.o
CC	libavfilter/avfiltergraph.o
CC	libavfilter/bbox.o
CC	libavfilter/boxblur.o
CC	libavfilter/buffersink.o
CC	libavfilter/buffersrc.o
CC	libavfilter/bwdifdsp.o
CC	libavfilter/ccfifo.o
CC	libavfilter/colorspace.o
CC	libavfilter/colorspacedsp.o
CC	libavfilter/drawutils.o
CC	libavfilter/ebur128.o
CC	libavfilter/edge_common.o
CC	libavfilter/f_bench.o
CC	libavfilter/f_cue.o
CC	libavfilter/f_drawgraph.o
CC	libavfilter/f_ebur128.o
CC	libavfilter/f_graphmonitor.o
CC	libavfilter/f_interleave.o
CC	libavfilter/f_latency.o
CC	libavfilter/f_loop.o
CC	libavfilter/f_metadata.o
CC	libavfilter/f_perms.o
CC	libavfilter/f_realtime.o
CC	libavfilter/f_reverse.o
CC	libavfilter/f_segment.o
CC	libavfilter/f_select.o
CC	libavfilter/f_sendcmd.o
CC	libavfilter/f_sidedata.o
CC	libavfilter/f_streamselect.o
CC	libavfilter/formats.o
CC	libavfilter/framepool.o
CC	libavfilter/framequeue.o
CC	libavfilter/framesync.o
CC	libavfilter/generate_wave_table.o
CC	libavfilter/graphdump.o
CC	libavfilter/graphparser.o
CC	libavfilter/lavfutils.o
CC	libavfilter/lswsutils.o
CC	libavfilter/motion_estimation.o
CC	libavfilter/palette.o
CC	libavfilter/perlin.o
CC	libavfilter/psnr.o
CC	libavfilter/pthread.o
CC	libavfilter/qp_table.o
CC	libavfilter/scale_eval.o
CC	libavfilter/scene_sad.o
CC	libavfilter/setpts.o
CC	libavfilter/settb.o
CC	libavfilter/split.o
CC	libavfilter/src_avsynctest.o
CC	libavfilter/src_movie.o
CC	libavfilter/transform.o
CC	libavfilter/trim.o
CC	libavfilter/vaapi_vpp.o
CC	libavfilter/vaf_spectrumsynth.o
CC	libavfilter/version.o
CC	libavfilter/vf_addroi.o
CC	libavfilter/vf_alphamerge.o
CC	libavfilter/vf_amplify.o
CC	libavfilter/vf_aspect.o
CC	libavfilter/vf_atadenoise.o
CC	libavfilter/vf_avgblur.o
CC	libavfilter/vf_avgblur_vulkan.o
CC	libavfilter/vf_backgroundkey.o
CC	libavfilter/vf_bbox.o
CC	libavfilter/vf_bilateral.o
CC	libavfilter/vf_bitplanenoise.o
CC	libavfilter/vf_blackdetect.o
CC	libavfilter/vf_blackdetect_vulkan.o
CC	libavfilter/vf_blackframe.o
CC	libavfilter/vf_blend.o
CC	libavfilter/vf_blend_vulkan.o
CC	libavfilter/vf_blockdetect.o
CC	libavfilter/vf_blurdetect.o
CC	libavfilter/vf_bm3d.o
CC	libavfilter/vf_boxblur.o
CC	libavfilter/vf_bwdif.o
CC	libavfilter/vf_bwdif_vulkan.o
CC	libavfilter/vf_cas.o
CC	libavfilter/vf_ccrepack.o
CC	libavfilter/vf_chromaber_vulkan.o
CC	libavfilter/vf_chromakey.o
CC	libavfilter/vf_chromanr.o
CC	libavfilter/vf_chromashift.o
STRIP	libavcodec/x86/vp9itxfm.o
CC	libavfilter/vf_ciescope.o
CC	libavfilter/vf_codecview.o
CC	libavfilter/vf_colorbalance.o
CC	libavfilter/vf_colorchannelmixer.o
CC	libavfilter/vf_colorconstancy.o
CC	libavfilter/vf_colorcontrast.o
CC	libavfilter/vf_colorcorrect.o
CC	libavfilter/vf_colordetect.o
CC	libavfilter/vf_colorize.o
CC	libavfilter/vf_colorkey.o
CC	libavfilter/vf_colorlevels.o
CC	libavfilter/vf_colormap.o
CC	libavfilter/vf_colormatrix.o
CC	libavfilter/vf_colorspace.o
CC	libavfilter/vf_colortemperature.o
CC	libavfilter/vf_convolution.o
CC	libavfilter/vf_convolve.o
CC	libavfilter/vf_copy.o
CC	libavfilter/vf_corr.o
CC	libavfilter/vf_cover_rect.o
CC	libavfilter/vf_crop.o
CC	libavfilter/vf_cropdetect.o
CC	libavfilter/vf_curves.o
CC	libavfilter/vf_datascope.o
CC	libavfilter/vf_dblur.o
CC	libavfilter/vf_dctdnoiz.o
CC	libavfilter/vf_deband.o
CC	libavfilter/vf_deblock.o
CC	libavfilter/vf_decimate.o
CC	libavfilter/vf_dedot.o
CC	libavfilter/vf_deflicker.o
CC	libavfilter/vf_deinterlace_vaapi.o
CC	libavfilter/vf_dejudder.o
CC	libavfilter/vf_delogo.o
CC	libavfilter/vf_deshake.o
CC	libavfilter/vf_despill.o
CC	libavfilter/vf_detelecine.o
CC	libavfilter/vf_displace.o
CC	libavfilter/vf_drawbox.o
CC	libavfilter/vf_drawbox_vaapi.o
CC	libavfilter/vf_edgedetect.o
CC	libavfilter/vf_elbg.o
CC	libavfilter/vf_entropy.o
CC	libavfilter/vf_epx.o
CC	libavfilter/vf_eq.o
CC	libavfilter/vf_estdif.o
CC	libavfilter/vf_exposure.o
CC	libavfilter/vf_extractplanes.o
CC	libavfilter/vf_fade.o
CC	libavfilter/vf_feedback.o
CC	libavfilter/vf_fftdnoiz.o
CC	libavfilter/vf_fftfilt.o
CC	libavfilter/vf_field.o
CC	libavfilter/vf_fieldhint.o
CC	libavfilter/vf_fieldmatch.o
CC	libavfilter/vf_fieldorder.o
CC	libavfilter/vf_fillborders.o
CC	libavfilter/vf_find_rect.o
CC	libavfilter/vf_flip_vulkan.o
CC	libavfilter/vf_floodfill.o
CC	libavfilter/vf_format.o
CC	libavfilter/vf_fps.o
CC	libavfilter/vf_framepack.o
CC	libavfilter/vf_framerate.o
CC	libavfilter/vf_framestep.o
CC	libavfilter/vf_freezedetect.o
CC	libavfilter/vf_freezeframes.o
CC	libavfilter/vf_fspp.o
CC	libavfilter/vf_fsppdsp.o
CC	libavfilter/vf_fsync.o
CC	libavfilter/vf_gblur.o
CC	libavfilter/vf_gblur_vulkan.o
CC	libavfilter/vf_geq.o
CC	libavfilter/vf_gradfun.o
CC	libavfilter/vf_grayworld.o
CC	libavfilter/vf_guided.o
CC	libavfilter/vf_hflip.o
CC	libavfilter/vf_histeq.o
CC	libavfilter/vf_histogram.o
CC	libavfilter/vf_hqdn3d.o
CC	libavfilter/vf_hqx.o
CC	libavfilter/vf_hsvkey.o
CC	libavfilter/vf_hue.o
CC	libavfilter/vf_huesaturation.o
CC	libavfilter/vf_hwdownload.o
CC	libavfilter/vf_hwmap.o
CC	libavfilter/vf_hwupload.o
CC	libavfilter/vf_hysteresis.o
CC	libavfilter/vf_identity.o
CC	libavfilter/vf_idet.o
CC	libavfilter/vf_idetdsp.o
CC	libavfilter/vf_il.o
CC	libavfilter/vf_interlace_vulkan.o
CC	libavfilter/vf_kerndeint.o
CC	libavfilter/vf_lagfun.o
CC	libavfilter/vf_latticepal.o
CC	libavfilter/vf_limitdiff.o
CC	libavfilter/vf_lenscorrection.o
CC	libavfilter/vf_limiter.o
CC	libavfilter/vf_lumakey.o
CC	libavfilter/vf_lut.o
CC	libavfilter/vf_lut2.o
CC	libavfilter/vf_lut3d.o
CC	libavfilter/vf_maskedclamp.o
CC	libavfilter/vf_maskedmerge.o
CC	libavfilter/vf_maskedminmax.o
CC	libavfilter/vf_maskedthreshold.o
CC	libavfilter/vf_maskfun.o
CC	libavfilter/vf_mcdeint.o
CC	libavfilter/vf_median.o
CC	libavfilter/vf_mergeplanes.o
CC	libavfilter/vf_mestimate.o
CC	libavfilter/vf_midequalizer.o
CC	libavfilter/vf_minterpolate.o
CC	libavfilter/vf_misc_vaapi.o
CC	libavfilter/vf_mix.o
CC	libavfilter/vf_monochrome.o
CC	libavfilter/vf_morpho.o
CC	libavfilter/vf_mpdecimate.o
CC	libavfilter/vf_multiply.o
CC	libavfilter/vf_negate.o
CC	libavfilter/vf_neighbor.o
CC	libavfilter/vf_nlmeans.o
CC	libavfilter/vf_nlmeans_vulkan.o
CC	libavfilter/vf_nnedi.o
CC	libavfilter/vf_noise.o
CC	libavfilter/vf_normalize.o
CC	libavfilter/vf_null.o
CC	libavfilter/vf_overlay.o
CC	libavfilter/vf_overlay_vaapi.o
CC	libavfilter/vf_overlay_vulkan.o
CC	libavfilter/vf_owdenoise.o
CC	libavfilter/vf_pad.o
CC	libavfilter/vf_pad_vaapi.o
CC	libavfilter/vf_palettegen.o
CC	libavfilter/vf_paletteuse.o
CC	libavfilter/vf_perspective.o
CC	libavfilter/vf_phase.o
CC	libavfilter/vf_photosensitivity.o
CC	libavfilter/vf_pixdesctest.o
CC	libavfilter/vf_pixelize.o
CC	libavfilter/vf_pp7.o
CC	libavfilter/vf_premultiply.o
CC	libavfilter/vf_procamp_vaapi.o
CC	libavfilter/vf_pseudocolor.o
CC	libavfilter/vf_psnr.o
CC	libavfilter/vf_pullup.o
CC	libavfilter/vf_qp.o
CC	libavfilter/vf_random.o
CC	libavfilter/vf_readeia608.o
CC	libavfilter/vf_readvitc.o
CC	libavfilter/vf_remap.o
CC	libavfilter/vf_removegrain.o
CC	libavfilter/vf_removelogo.o
CC	libavfilter/vf_repeatfields.o
CC	libavfilter/vf_rotate.o
CC	libavfilter/vf_sab.o
CC	libavfilter/vf_scale.o
CC	libavfilter/vf_scale_vaapi.o
CC	libavfilter/vf_scale_vulkan.o
CC	libavfilter/vf_scdet.o
CC	libavfilter/vf_scdet_vulkan.o
CC	libavfilter/vf_scroll.o
CC	libavfilter/vf_selectivecolor.o
CC	libavfilter/vf_separatefields.o
CC	libavfilter/vf_setparams.o
CC	libavfilter/vf_shear.o
CC	libavfilter/vf_showinfo.o
CC	libavfilter/vf_showpalette.o
CC	libavfilter/vf_shuffleframes.o
CC	libavfilter/vf_shufflepixels.o
CC	libavfilter/vf_shuffleplanes.o
CC	libavfilter/vf_signalstats.o
CC	libavfilter/vf_signature.o
CC	libavfilter/vf_siti.o
CC	libavfilter/vf_smartblur.o
CC	libavfilter/vf_spp.o
CC	libavfilter/vf_ssim.o
CC	libavfilter/vf_ssim360.o
CC	libavfilter/vf_stack.o
CC	libavfilter/vf_stack_vaapi.o
CC	libavfilter/vf_stereo3d.o
CC	libavfilter/vf_super2xsai.o
CC	libavfilter/vf_swaprect.o
CC	libavfilter/vf_swapuv.o
CC	libavfilter/vf_telecine.o
CC	libavfilter/vf_threshold.o
CC	libavfilter/vf_thumbnail.o
CC	libavfilter/vf_tile.o
CC	libavfilter/vf_tiltandshift.o
CC	libavfilter/vf_tinterlace.o
CC	libavfilter/vf_tmidequalizer.o
CC	libavfilter/vf_tonemap.o
CC	libavfilter/vf_tonemap_vaapi.o
CC	libavfilter/vf_tpad.o
CC	libavfilter/vf_transpose.o
CC	libavfilter/vf_transpose_vaapi.o
CC	libavfilter/vf_transpose_vulkan.o
CC	libavfilter/vf_unsharp.o
CC	libavfilter/vf_untile.o
CC	libavfilter/vf_uspp.o
CC	libavfilter/vf_v360.o
CC	libavfilter/vf_v360_vulkan.o
CC	libavfilter/vf_vaguedenoiser.o
CC	libavfilter/vf_varblur.o
CC	libavfilter/vf_vectorscope.o
CC	libavfilter/vf_vflip.o
CC	libavfilter/vf_vfrdet.o
CC	libavfilter/vf_vibrance.o
CC	libavfilter/vf_vif.o
CC	libavfilter/vf_vignette.o
CC	libavfilter/vf_vmafmotion.o
CC	libavfilter/vf_w3fdif.o
CC	libavfilter/vf_waveform.o
CC	libavfilter/vf_weave.o
CC	libavfilter/vf_xbr.o
CC	libavfilter/vf_xfade.o
CC	libavfilter/vf_xfade_vulkan.o
CC	libavfilter/vf_xmedian.o
CC	libavfilter/vf_xpsnr.o
CC	libavfilter/vf_yadif.o
CC	libavfilter/vf_yaepblur.o
CC	libavfilter/vf_zoompan.o
CC	libavfilter/vf_zscale.o
CC	libavfilter/video.o
CC	libavfilter/vsink_nullsink.o
CC	libavfilter/vsrc_cellauto.o
CC	libavfilter/vsrc_gradients.o
CC	libavfilter/vsrc_life.o
CC	libavfilter/vsrc_mandelbrot.o
CC	libavfilter/vsrc_mptestsrc.o
CC	libavfilter/vsrc_perlin.o
CC	libavfilter/vsrc_sierpinski.o
CC	libavfilter/vsrc_testsrc.o
CC	libavfilter/vsrc_testsrc_vulkan.o
CC	libavfilter/vulkan.o
HOSTLD	ffbuild/bin2c
GZIP	libavfilter/vulkan/avgblur.comp.spv.gz
GZIP	libavfilter/vulkan/blackdetect.comp.spv.gz
GZIP	libavfilter/vulkan/blend.comp.spv.gz
GZIP	libavfilter/vulkan/bwdif.comp.spv.gz
GZIP	libavfilter/vulkan/chromaber.comp.spv.gz
GZIP	libavfilter/vulkan/color.comp.spv.gz
GZIP	libavfilter/vulkan/debayer.comp.spv.gz
GZIP	libavfilter/vulkan/flip.comp.spv.gz
GZIP	libavfilter/vulkan/gblur.comp.spv.gz
GZIP	libavfilter/vulkan/interlace.comp.spv.gz
GZIP	libavfilter/vulkan/nlmeans_denoise.comp.spv.gz
GZIP	libavfilter/vulkan/nlmeans_horizontal.comp.spv.gz
GZIP	libavfilter/vulkan/nlmeans_vertical.comp.spv.gz
GZIP	libavfilter/vulkan/nlmeans_weights.comp.spv.gz
GZIP	libavfilter/vulkan/overlay.comp.spv.gz
GZIP	libavfilter/vulkan/scale.comp.spv.gz
GZIP	libavfilter/vulkan/scdet.comp.spv.gz
GZIP	libavfilter/vulkan/transpose.comp.spv.gz
GZIP	libavfilter/vulkan/v360.comp.spv.gz
GZIP	libavfilter/vulkan/xfade.comp.spv.gz
CC	libavcodec/012v.o
AR	libavformat/libavformat.a
CC	libavcodec/4xm.o
CC	libavcodec/8bps.o
CC	libavcodec/8svx.o
CC	libavcodec/a64multienc.o
CC	libavcodec/aac/aacdec.o
CC	libavcodec/aac/aacdec_ac.o
CC	libavcodec/aac/aacdec_fixed.o
CC	libavcodec/aac/aacdec_float.o
CC	libavcodec/aac/aacdec_lpd.o
CC	libavcodec/aac/aacdec_tab.o
CC	libavcodec/aac/aacdec_usac.o
CC	libavcodec/aac/aacdec_usac_mps212.o
CC	libavcodec/aac_ac3_parser.o
CC	libavcodec/aac_parser.o
CC	libavcodec/aaccoder.o
CC	libavcodec/aacenc.o
CC	libavcodec/aacenc_is.o
CC	libavcodec/aacenc_tns.o
CC	libavcodec/aacencdsp.o
CC	libavcodec/aacenctab.o
CC	libavcodec/aacps_common.o
CC	libavcodec/aacps_fixed.o
CC	libavcodec/aacps_float.o
CC	libavcodec/aacpsdsp_fixed.o
CC	libavcodec/aacpsdsp_float.o
CC	libavcodec/aacpsy.o
CC	libavcodec/aacsbr.o
CC	libavcodec/aacsbr_fixed.o
CC	libavcodec/aactab.o
CC	libavcodec/aandcttab.o
CC	libavcodec/aasc.o
CC	libavcodec/ac3.o
CC	libavcodec/ac3_channel_layout_tab.o
CC	libavcodec/ac3_parser.o
CC	libavcodec/ac3dec_data.o
CC	libavcodec/ac3dec_fixed.o
CC	libavcodec/ac3dec_float.o
CC	libavcodec/ac3dsp.o
CC	libavcodec/ac3enc.o
CC	libavcodec/ac3enc_fixed.o
CC	libavcodec/ac3enc_float.o
CC	libavcodec/ac3tab.o
CC	libavcodec/acelp_filters.o
CC	libavcodec/acelp_pitch_delay.o
CC	libavcodec/acelp_vectors.o
CC	libavcodec/adpcm.o
CC	libavcodec/adpcm_data.o
CC	libavcodec/adpcmenc.o
CC	libavcodec/adts_header.o
CC	libavcodec/adts_parser.o
CC	libavcodec/adx.o
CC	libavcodec/adx_parser.o
CC	libavcodec/adxdec.o
CC	libavcodec/adxenc.o
CC	libavcodec/agm.o
CC	libavcodec/ahx_parser.o
CC	libavcodec/aic.o
CC	libavcodec/alac.o
CC	libavcodec/alac_data.o
CC	libavcodec/alacdsp.o
CC	libavcodec/alacenc.o
CC	libavcodec/aliaspixdec.o
CC	libavcodec/aliaspixenc.o
CC	libavcodec/allcodecs.o
CC	libavcodec/alsdec.o
CC	libavcodec/amr_parser.o
CC	libavcodec/amrnbdec.o
CC	libavcodec/amrwbdec.o
CC	libavcodec/anm.o
CC	libavcodec/ansi.o
CC	libavcodec/aom_film_grain.o
CC	libavcodec/apac.o
CC	libavcodec/apedec.o
CC	libavcodec/aptx.o
CC	libavcodec/aptxdec.o
CC	libavcodec/aptxenc.o
CC	libavcodec/apv_decode.o
CC	libavcodec/apv_dsp.o
CC	libavcodec/apv_encode_vulkan.o
CC	libavcodec/apv_entropy.o
CC	libavcodec/apv_parser.o
CC	libavcodec/arbc.o
CC	libavcodec/argo.o
CC	libavcodec/ass.o
CC	libavcodec/ass_split.o
CC	libavcodec/assdec.o
CC	libavcodec/assenc.o
CC	libavcodec/asv.o
CC	libavcodec/asvdec.o
CC	libavcodec/asvenc.o
CC	libavcodec/atrac.o
CC	libavcodec/atrac1.o
CC	libavcodec/atrac3.o
CC	libavcodec/atrac3plus.o
CC	libavcodec/atrac3plusdec.o
CC	libavcodec/atrac3plusdsp.o
CC	libavcodec/atrac9dec.o
CC	libavcodec/atsc_a53.o
CC	libavcodec/audio_frame_queue.o
CC	libavcodec/audiodsp.o
CC	libavcodec/aura.o
CC	libavcodec/av1_levels.o
CC	libavcodec/av1_parse.o
CC	libavcodec/av1_parser.o
CC	libavcodec/av1dec.o
CC	libavcodec/avcodec.o
CC	libavcodec/avdct.o
CC	libavcodec/avrndec.o
CC	libavcodec/avs2.o
CC	libavcodec/avs.o
CC	libavcodec/avs3_parser.o
CC	libavcodec/avs2_parser.o
CC	libavcodec/avuidec.o
CC	libavcodec/avuienc.o
CC	libavcodec/bethsoftvideo.o
CC	libavcodec/bfi.o
CC	libavcodec/bgmc.o
CC	libavcodec/bink.o
CC	libavcodec/binkaudio.o
CC	libavcodec/binkdsp.o
CC	libavcodec/bintext.o
CC	libavcodec/bitpacked_dec.o
CC	libavcodec/bitpacked_enc.o
CC	libavcodec/bitstream.o
CC	libavcodec/bitstream_filters.o
CC	libavcodec/bitstreamfilter.o
CC	libavcodec/blockdsp.o
CC	libavcodec/bmp.o
CC	libavcodec/bmp_parser.o
CC	libavcodec/bmpenc.o
CC	libavcodec/bmvaudio.o
CC	libavcodec/bmvvideo.o
CC	libavcodec/bonk.o
CC	libavcodec/brenderpix.o
CC	libavcodec/bsf.o
CC	libavcodec/bsf/aac_adtstoasc.o
CC	libavcodec/bsf/ahx_to_mp2.o
CC	libavcodec/bsf/apv_metadata.o
CC	libavcodec/bsf/av1_frame_merge.o
CC	libavcodec/bsf/av1_frame_split.o
CC	libavcodec/bsf/av1_metadata.o
CC	libavcodec/bsf/chomp.o
CC	libavcodec/bsf/dca_core.o
CC	libavcodec/bsf/dovi_rpu.o
CC	libavcodec/bsf/dovi_split.o
CC	libavcodec/bsf/dts2pts.o
CC	libavcodec/bsf/dump_extradata.o
CC	libavcodec/bsf/eac3_core.o
CC	libavcodec/bsf/dv_error_marker.o
CC	libavcodec/bsf/eia608_to_smpte436m.o
CC	libavcodec/bsf/evc_frame_merge.o
CC	libavcodec/bsf/extract_extradata.o
CC	libavcodec/bsf/filter_units.o
CC	libavcodec/bsf/h264_metadata.o
CC	libavcodec/bsf/h264_mp4toannexb.o
CC	libavcodec/bsf/h264_redundant_pps.o
CC	libavcodec/bsf/h265_metadata.o
CC	libavcodec/bsf/h266_metadata.o
CC	libavcodec/bsf/hapqa_extract.o
CC	libavcodec/bsf/hevc_mp4toannexb.o
CC	libavcodec/bsf/imx_dump_header.o
CC	libavcodec/bsf/lcevc_merge.o
CC	libavcodec/bsf/lcevc_metadata.o
CC	libavcodec/bsf/media100_to_mjpegb.o
CC	libavcodec/bsf/mjpeg2jpeg.o
CC	libavcodec/bsf/mjpega_dump_header.o
CC	libavcodec/bsf/movsub.o
CC	libavcodec/bsf/mpeg2_metadata.o
CC	libavcodec/bsf/mpeg4_unpack_bframes.o
CC	libavcodec/bsf/noise.o
CC	libavcodec/bsf/null.o
CC	libavcodec/bsf/opus_metadata.o
CC	libavcodec/bsf/packetsync.o
CC	libavcodec/bsf/pcm_rechunk.o
CC	libavcodec/bsf/pgs_frame_merge.o
CC	libavcodec/bsf/prores_metadata.o
CC	libavcodec/bsf/remove_extradata.o
CC	libavcodec/bsf/setts.o
CC	libavcodec/bsf/showinfo.o
CC	libavcodec/bsf/sink.o
CC	libavcodec/bsf/smpte436m_to_eia608.o
CC	libavcodec/bsf/source.o
CC	libavcodec/bsf/trace_headers.o
CC	libavcodec/bsf/truehd_core.o
CC	libavcodec/bsf/vp9_metadata.o
CC	libavcodec/bsf/vp9_raw_reorder.o
CC	libavcodec/bsf/vp9_superframe.o
CC	libavcodec/bsf/vp9_superframe_split.o
CC	libavcodec/bsf/vvc_mp4toannexb.o
CC	libavcodec/bsfgraph.o
CC	libavcodec/bswapdsp.o
CC	libavcodec/c93.o
CC	libavcodec/cabac.o
CC	libavcodec/canopus.o
CC	libavcodec/cavs.o
CC	libavcodec/cavs_parser.o
CC	libavcodec/cavsdata.o
CC	libavcodec/cavsdec.o
CC	libavcodec/cavsdsp.o
CC	libavcodec/cbrt_data.o
CC	libavcodec/cbrt_data_fixed.o
CC	libavcodec/cbrt_tablegen_common.o
CC	libavcodec/cbs.o
CC	libavcodec/cbs_apv.o
CC	libavcodec/cbs_av1.o
CC	libavcodec/cbs_bsf.o
CC	libavcodec/cbs_h264.o
CC	libavcodec/cbs_h2645.o
CC	libavcodec/cbs_h265.o
CC	libavcodec/cbs_h266.o
CC	libavcodec/cbs_jpeg.o
CC	libavcodec/cbs_lcevc.o
CC	libavcodec/cbs_mpeg2.o
CC	libavcodec/cbs_sei.o
CC	libavcodec/cbs_vp8.o
CC	libavcodec/cbs_vp9.o
CC	libavcodec/ccaption_dec.o
CC	libavcodec/cdgraphics.o
CC	libavcodec/cdtoons.o
CC	libavcodec/cdxl.o
CC	libavcodec/celp_filters.o
CC	libavcodec/celp_math.o
CC	libavcodec/cfhd.o
CC	libavcodec/cfhddata.o
CC	libavcodec/cfhddsp.o
CC	libavcodec/cfhdenc.o
CC	libavcodec/cfhdencdsp.o
CC	libavcodec/cga_data.o
CC	libavcodec/cinepak.o
CC	libavcodec/cinepakenc.o
CC	libavcodec/clearvideo.o
CC	libavcodec/cljrdec.o
CC	libavcodec/cljrenc.o
CC	libavcodec/cllc.o
CC	libavcodec/cngdec.o
CC	libavcodec/cngenc.o
CC	libavcodec/codec_desc.o
CC	libavcodec/codec_par.o
CC	libavcodec/cook.o
CC	libavcodec/cook_parser.o
CC	libavcodec/cpia.o
CC	libavcodec/cri.o
CC	libavcodec/cri_parser.o
CC	libavcodec/cscd.o
CC	libavcodec/cyuv.o
CC	libavcodec/d3d11va.o
CC	libavcodec/dca.o
CC	libavcodec/dca_core.o
CC	libavcodec/dca_exss.o
CC	libavcodec/dca_lbr.o
CC	libavcodec/dca_parser.o
CC	libavcodec/dca_sample_rate_tab.o
CC	libavcodec/dca_xll.o
CC	libavcodec/dcaadpcm.o
CC	libavcodec/dcadata.o
CC	libavcodec/dcadct.o
CC	libavcodec/dcadec.o
CC	libavcodec/dcadsp.o
CC	libavcodec/dcaenc.o
CC	libavcodec/dcahuff.o
CC	libavcodec/dct32_fixed.o
CC	libavcodec/dct32_float.o
CC	libavcodec/dds.o
CC	libavcodec/decode.o
CC	libavcodec/dfa.o
CC	libavcodec/dfpwmdec.o
CC	libavcodec/dfpwmenc.o
CC	libavcodec/dirac.o
CC	libavcodec/dirac_arith.o
CC	libavcodec/dirac_dwt.o
CC	libavcodec/dirac_parser.o
CC	libavcodec/dirac_vlc.o
CC	libavcodec/diracdec.o
CC	libavcodec/diracdsp.o
CC	libavcodec/diractab.o
CC	libavcodec/dnxhd_parser.o
CC	libavcodec/dnxhddata.o
CC	libavcodec/dnxhddec.o
CC	libavcodec/dnxhdenc.o
CC	libavcodec/dnxuc_parser.o
CC	libavcodec/dolby_e.o
CC	libavcodec/dolby_e_parse.o
CC	libavcodec/dolby_e_parser.o
CC	libavcodec/dovi_rpu.o
CC	libavcodec/dovi_rpudec.o
CC	libavcodec/dovi_rpuenc.o
CC	libavcodec/dpcm.o
CC	libavcodec/dpx.o
CC	libavcodec/dpx_parser.o
CC	libavcodec/dpxenc.o
CC	libavcodec/dsd.o
CC	libavcodec/dsddec.o
CC	libavcodec/dsicinaudio.o
CC	libavcodec/dsicinvideo.o
CC	libavcodec/dss_sp.o
CC	libavcodec/dstdec.o
CC	libavcodec/dv.o
CC	libavcodec/dv_profile.o
CC	libavcodec/dvaudio_parser.o
CC	libavcodec/dvaudiodec.o
CC	libavcodec/dvbsub_parser.o
CC	libavcodec/dvbsubdec.o
CC	libavcodec/dvbsubenc.o
CC	libavcodec/dvd_nav_parser.o
CC	libavcodec/dvdata.o
CC	libavcodec/dvdec.o
CC	libavcodec/dvdsub.o
CC	libavcodec/dvdsub_parser.o
CC	libavcodec/dvdsubdec.o
CC	libavcodec/dvdsubenc.o
CC	libavcodec/dvenc.o
CC	libavcodec/dxa.o
CC	libavcodec/dxtory.o
CC	libavcodec/dxv.o
CC	libavcodec/dxvenc.o
CC	libavcodec/dynamic_hdr_vivid.o
CC	libavcodec/eac3_data.o
CC	libavcodec/eac3enc.o
CC	libavcodec/eacmv.o
CC	libavcodec/eaidct.o
CC	libavcodec/eamad.o
CC	libavcodec/eatgq.o
CC	libavcodec/eatgv.o
CC	libavcodec/eatqi.o
CC	libavcodec/elbg.o
CC	libavcodec/elsdec.o
CC	libavcodec/encode.o
CC	libavcodec/error_resilience.o
CC	libavcodec/escape124.o
CC	libavcodec/escape130.o
CC	libavcodec/evc_parse.o
CC	libavcodec/evc_parser.o
CC	libavcodec/evc_ps.o
CC	libavcodec/evrcdec.o
CC	libavcodec/executor.o
CC	libavcodec/exif.o
CC	libavcodec/exr.o
CC	libavcodec/exrdsp.o
CC	libavcodec/exrenc.o
CC	libavcodec/faandct.o
CC	libavcodec/faanidct.o
CC	libavcodec/fastaudio.o
CC	libavcodec/faxcompr.o
CC	libavcodec/fdctdsp.o
CC	libavcodec/ffv1.o
CC	libavcodec/ffv1_parse.o
CC	libavcodec/ffv1_parser.o
CC	libavcodec/ffv1_vulkan.o
CC	libavcodec/ffv1dec.o
CC	libavcodec/ffv1enc.o
CC	libavcodec/ffv1enc_vulkan.o
CC	libavcodec/ffwavesynth.o
CC	libavcodec/fic.o
CC	libavcodec/fits.o
CC	libavcodec/fitsdec.o
CC	libavcodec/fitsenc.o
CC	libavcodec/flac.o
CC	libavcodec/flac_parser.o
CC	libavcodec/flacdata.o
CC	libavcodec/flacdec.o
CC	libavcodec/flacdsp.o
CC	libavcodec/flacenc.o
CC	libavcodec/flacencdsp.o
CC	libavcodec/flashsv.o
CC	libavcodec/flashsv2enc.o
CC	libavcodec/flashsvenc.o
CC	libavcodec/flicvideo.o
CC	libavcodec/flvdec.o
CC	libavcodec/flvenc.o
CC	libavcodec/fmvc.o
CC	libavcodec/frame_thread_encoder.o
CC	libavcodec/fraps.o
CC	libavcodec/frwu.o
CC	libavcodec/ftr.o
CC	libavcodec/ftr_parser.o
CC	libavcodec/g2meet.o
CC	libavcodec/g722.o
CC	libavcodec/g722dec.o
CC	libavcodec/g722dsp.o
CC	libavcodec/g722enc.o
CC	libavcodec/g723_1.o
CC	libavcodec/g723_1_parser.o
CC	libavcodec/g723_1dec.o
CC	libavcodec/g723_1enc.o
CC	libavcodec/g726.o
CC	libavcodec/g728dec.o
CC	libavcodec/g729_parser.o
CC	libavcodec/g729dec.o
CC	libavcodec/g729postfilter.o
CC	libavcodec/gdv.o
CC	libavcodec/gemdec.o
CC	libavcodec/get_buffer.o
CC	libavcodec/gif.o
CC	libavcodec/gif_parser.o
CC	libavcodec/gifdec.o
CC	libavcodec/golomb.o
CC	libavcodec/gsm_parser.o
CC	libavcodec/gsmdec.o
CC	libavcodec/gsmdec_data.o
CC	libavcodec/h261.o
CC	libavcodec/h261_parser.o
CC	libavcodec/h261data.o
CC	libavcodec/h261dec.o
CC	libavcodec/h261enc.o
CC	libavcodec/h263.o
CC	libavcodec/h263_parser.o
CC	libavcodec/h263data.o
CC	libavcodec/h263dec.o
CC	libavcodec/h263dsp.o
CC	libavcodec/h2645_parse.o
CC	libavcodec/h2645_sei.o
CC	libavcodec/h2645_vui.o
CC	libavcodec/h2645data.o
CC	libavcodec/h264_cabac.o
CC	libavcodec/h264_cavlc.o
CC	libavcodec/h264_direct.o
CC	libavcodec/h264_levels.o
CC	libavcodec/h264_loopfilter.o
CC	libavcodec/h264_mb.o
CC	libavcodec/h264_parse.o
CC	libavcodec/h264_parser.o
CC	libavcodec/h264_picture.o
CC	libavcodec/h264_ps.o
CC	libavcodec/h264_refs.o
CC	libavcodec/h264_sei.o
CC	libavcodec/h264_slice.o
CC	libavcodec/h264chroma.o
CC	libavcodec/h264data.o
CC	libavcodec/h264dec.o
CC	libavcodec/h264dsp.o
CC	libavcodec/h264idct.o
CC	libavcodec/h264pred.o
CC	libavcodec/h264qpel.o
CC	libavcodec/h265_profile_level.o
CC	libavcodec/h274.o
CC	libavcodec/hap.o
CC	libavcodec/hapdec.o
CC	libavcodec/hashtable.o
CC	libavcodec/hcadec.o
CC	libavcodec/hcom.o
CC	libavcodec/hdr_parser.o
CC	libavcodec/hdrdec.o
CC	libavcodec/hdrenc.o
CC	libavcodec/hevc/cabac.o
CC	libavcodec/hevc/data.o
CC	libavcodec/hevc/dsp.o
CC	libavcodec/hevc/filter.o
CC	libavcodec/hevc/hevcdec.o
CC	libavcodec/hevc/mvs.o
CC	libavcodec/hevc/parse.o
CC	libavcodec/hevc/parser.o
CC	libavcodec/hevc/pred.o
CC	libavcodec/hevc/ps.o
CC	libavcodec/hevc/refs.o
CC	libavcodec/hevc/sei.o
CC	libavcodec/hnm4video.o
CC	libavcodec/hpeldsp.o
CC	libavcodec/hq_common.o
CC	libavcodec/hq_hqa.o
CC	libavcodec/hq_hqadsp.o
CC	libavcodec/hqx.o
CC	libavcodec/hqxdsp.o
CC	libavcodec/htmlsubtitles.o
CC	libavcodec/huffman.o
CC	libavcodec/huffyuv.o
CC	libavcodec/huffyuvdec.o
CC	libavcodec/huffyuvdsp.o
CC	libavcodec/huffyuvenc.o
CC	libavcodec/huffyuvencdsp.o
CC	libavcodec/hw_base_encode.o
CC	libavcodec/hw_base_encode_h264.o
CC	libavcodec/hw_base_encode_h265.o
CC	libavcodec/idcinvideo.o
CC	libavcodec/idctdsp.o
CC	libavcodec/iff.o
CC	libavcodec/ilbcdec.o
CC	libavcodec/imc.o
CC	libavcodec/imgconvert.o
CC	libavcodec/imm4.o
CC	libavcodec/imm5.o
CC	libavcodec/imx.o
CC	libavcodec/indeo2.o
CC	libavcodec/indeo3.o
CC	libavcodec/indeo4.o
CC	libavcodec/indeo5.o
CC	libavcodec/intelh263dec.o
CC	libavcodec/interplayacm.o
CC	libavcodec/interplayvideo.o
CC	libavcodec/intrax8.o
CC	libavcodec/intrax8dsp.o
CC	libavcodec/ipu_parser.o
CC	libavcodec/ituh263dec.o
CC	libavcodec/ituh263enc.o
CC	libavcodec/itut35.o
CC	libavcodec/ivi.o
CC	libavcodec/ivi_dsp.o
CC	libavcodec/j2kenc.o
CC	libavcodec/jacosubdec.o
CC	libavcodec/jfdctfst.o
CC	libavcodec/jfdctint.o
CC	libavcodec/jni.o
CC	libavcodec/jpeg2000.o
CC	libavcodec/jpeg2000_parser.o
CC	libavcodec/jpeg2000dec.o
CC	libavcodec/jpeg2000dsp.o
CC	libavcodec/jpeg2000dwt.o
CC	libavcodec/jpeg2000htdec.o
CC	libavcodec/jpegls.o
CC	libavcodec/jpeglsdec.o
CC	libavcodec/jpeglsenc.o
CC	libavcodec/jpegquanttables.o
CC	libavcodec/jpegtables.o
CC	libavcodec/jpegxl_parse.o
CC	libavcodec/jpegxl_parser.o
CC	libavcodec/jpegxs_parser.o
CC	libavcodec/jrevdct.o
CC	libavcodec/jvdec.o
CC	libavcodec/kbdwin.o
CC	libavcodec/kgv1dec.o
CC	libavcodec/kmvc.o
CC	libavcodec/lagarith.o
CC	libavcodec/lagarithrac.o
CC	libavcodec/latm_parser.o
CC	libavcodec/lcevc_parser.o
CC	libavcodec/lcevctab.o
CC	libavcodec/lcldec.o
CC	libavcodec/lclenc.o
CC	libavcodec/leaddec.o
CC	libavcodec/ljpegenc.o
CC	libavcodec/loco.o
CC	libavcodec/lossless_audiodsp.o
CC	libavcodec/lossless_videodsp.o
CC	libavcodec/lossless_videoencdsp.o
CC	libavcodec/lpc.o
CC	libavcodec/lscrdec.o
CC	libavcodec/lsp.o
CC	libavcodec/lzf.o
CC	libavcodec/lzw.o
CC	libavcodec/lzwenc.o
CC	libavcodec/m101.o
CC	libavcodec/mace.o
CC	libavcodec/magicyuv.o
CC	libavcodec/magicyuvenc.o
CC	libavcodec/mathtables.o
CC	libavcodec/mdec.o
CC	libavcodec/me_cmp.o
CC	libavcodec/mediacodec.o
CC	libavcodec/metasound.o
CC	libavcodec/microdvddec.o
CC	libavcodec/midivid.o
CC	libavcodec/mimic.o
CC	libavcodec/misc4.o
CC	libavcodec/misc4_parser.o
CC	libavcodec/mjpeg_parser.o
CC	libavcodec/mjpegbdec.o
CC	libavcodec/mjpegdec.o
CC	libavcodec/mjpegdec_common.o
CC	libavcodec/mjpegenc.o
CC	libavcodec/mjpegenc_common.o
CC	libavcodec/mjpegenc_huffman.o
CC	libavcodec/mlp.o
CC	libavcodec/mlp_parse.o
CC	libavcodec/mlp_parser.o
CC	libavcodec/mlpdec.o
CC	libavcodec/mlpdsp.o
CC	libavcodec/mlpenc.o
CC	libavcodec/mlz.o
CC	libavcodec/mmvideo.o
CC	libavcodec/mobiclip.o
CC	libavcodec/motion_est.o
CC	libavcodec/motionpixels.o
CC	libavcodec/movtextdec.o
CC	libavcodec/movtextenc.o
CC	libavcodec/mpc.o
CC	libavcodec/mpc7.o
CC	libavcodec/mpc8.o
CC	libavcodec/mpeg12.o
CC	libavcodec/mpeg12data.o
CC	libavcodec/mpeg12dec.o
CC	libavcodec/mpeg12enc.o
CC	libavcodec/mpeg12framerate.o
CC	libavcodec/mpeg4audio.o
CC	libavcodec/mpeg4audio_sample_rates.o
CC	libavcodec/mpeg4video.o
CC	libavcodec/mpeg4video_parser.o
CC	libavcodec/mpeg4videodec.o
CC	libavcodec/mpeg4videodsp.o
CC	libavcodec/mpeg4videoenc.o
CC	libavcodec/mpeg_er.o
CC	libavcodec/mpegaudio.o
CC	libavcodec/mpegaudio_parser.o
CC	libavcodec/mpegaudiodata.o
CC	libavcodec/mpegaudiodec_common.o
CC	libavcodec/mpegaudiodec_fixed.o
CC	libavcodec/mpegaudiodec_float.o
CC	libavcodec/mpegaudiodecheader.o
CC	libavcodec/mpegaudiodsp.o
CC	libavcodec/mpegaudiodsp_data.o
CC	libavcodec/mpegaudiodsp_fixed.o
CC	libavcodec/mpegaudiodsp_float.o
CC	libavcodec/mpegaudioenc.o
CC	libavcodec/mpegaudiotabs.o
CC	libavcodec/mpegpicture.o
CC	libavcodec/mpegutils.o
CC	libavcodec/mpegvideo.o
CC	libavcodec/mpegvideo_dec.o
CC	libavcodec/mpegvideo_enc.o
CC	libavcodec/mpegvideo_motion.o
CC	libavcodec/mpegvideo_parser.o
CC	libavcodec/mpegvideo_unquantize.o
CC	libavcodec/mpegvideodata.o
CC	libavcodec/mpegvideoencdsp.o
CC	libavcodec/mpl2dec.o
CC	libavcodec/mqc.o
CC	libavcodec/mqcdec.o
CC	libavcodec/mqcenc.o
CC	libavcodec/mscc.o
CC	libavcodec/msgsmdec.o
CC	libavcodec/msmpeg4.o
CC	libavcodec/msmpeg4_vc1_data.o
CC	libavcodec/msmpeg4data.o
CC	libavcodec/msmpeg4dec.o
CC	libavcodec/msmpeg4enc.o
CC	libavcodec/msp2dec.o
CC	libavcodec/msrle.o
CC	libavcodec/msrledec.o
CC	libavcodec/msrleenc.o
CC	libavcodec/mss1.o
CC	libavcodec/mss12.o
CC	libavcodec/mss2.o
CC	libavcodec/mss2dsp.o
CC	libavcodec/mss3.o
CC	libavcodec/mss34dsp.o
CC	libavcodec/mss4.o
CC	libavcodec/msvideo1.o
CC	libavcodec/msvideo1enc.o
CC	libavcodec/mv30.o
CC	libavcodec/mvcdec.o
CC	libavcodec/mvha.o
CC	libavcodec/mwsc.o
CC	libavcodec/mxpegdec.o
CC	libavcodec/nellymoser.o
CC	libavcodec/nellymoserdec.o
CC	libavcodec/nellymoserenc.o
CC	libavcodec/notchlc.o
CC	libavcodec/null.o
CC	libavcodec/nuv.o
CC	libavcodec/on2avc.o
CC	libavcodec/on2avcdata.o
CC	libavcodec/options.o
CC	libavcodec/opus/celt.o
CC	libavcodec/opus/dec.o
CC	libavcodec/opus/dec_celt.o
CC	libavcodec/opus/dsp.o
CC	libavcodec/opus/enc.o
CC	libavcodec/opus/enc_psy.o
CC	libavcodec/opus/frame_duration_tab.o
CC	libavcodec/opus/parse.o
CC	libavcodec/opus/parser.o
CC	libavcodec/opus/pvq.o
CC	libavcodec/opus/rc.o
CC	libavcodec/opus/silk.o
CC	libavcodec/opus/tab.o
CC	libavcodec/osq.o
CC	libavcodec/packet.o
CC	libavcodec/pafaudio.o
CC	libavcodec/pafvideo.o
CC	libavcodec/pamenc.o
CC	libavcodec/parser.o
CC	libavcodec/parsers.o
CC	libavcodec/pcm-bluray.o
CC	libavcodec/pcm-blurayenc.o
CC	libavcodec/pcm-dvd.o
CC	libavcodec/pcm-dvda.o
CC	libavcodec/pcm-dvdenc.o
CC	libavcodec/pcm.o
CC	libavcodec/pcx.o
CC	libavcodec/pcxenc.o
CC	libavcodec/pdvdec.o
CC	libavcodec/pdvenc.o
CC	libavcodec/pgssubdec.o
CC	libavcodec/pgxdec.o
CC	libavcodec/photocd.o
CC	libavcodec/pictordec.o
CC	libavcodec/pixblockdsp.o
CC	libavcodec/pixlet.o
CC	libavcodec/png.o
CC	libavcodec/png_parser.o
CC	libavcodec/pngdec.o
CC	libavcodec/pngdsp.o
CC	libavcodec/pngenc.o
CC	libavcodec/pnm.o
CC	libavcodec/pnm_parser.o
CC	libavcodec/pnmdec.o
CC	libavcodec/pnmenc.o
CC	libavcodec/profiles.o
CC	libavcodec/prores_parser.o
CC	libavcodec/prores_raw.o
CC	libavcodec/prores_raw_parser.o
CC	libavcodec/proresdata.o
CC	libavcodec/proresdec.o
CC	libavcodec/proresdsp.o
CC	libavcodec/proresenc_anatoliy.o
CC	libavcodec/proresenc_kostya.o
CC	libavcodec/proresenc_kostya_common.o
CC	libavcodec/proresenc_kostya_vulkan.o
CC	libavcodec/prosumer.o
CC	libavcodec/psd.o
CC	libavcodec/psymodel.o
CC	libavcodec/pthread.o
CC	libavcodec/pthread_frame.o
CC	libavcodec/pthread_slice.o
CC	libavcodec/ptx.o
CC	libavcodec/qcelpdec.o
CC	libavcodec/qdm2.o
CC	libavcodec/qdmc.o
CC	libavcodec/qdrw.o
CC	libavcodec/qoadec.o
CC	libavcodec/qoi_parser.o
CC	libavcodec/qoidec.o
CC	libavcodec/qoienc.o
CC	libavcodec/qpeg.o
CC	libavcodec/qpeldsp.o
CC	libavcodec/qsv_api.o
CC	libavcodec/qtrle.o
CC	libavcodec/qtrleenc.o
CC	libavcodec/r210dec.o
CC	libavcodec/r210enc.o
CC	libavcodec/ra144.o
CC	libavcodec/ra144dec.o
CC	libavcodec/ra144enc.o
CC	libavcodec/ra288.o
CC	libavcodec/ralf.o
CC	libavcodec/rangecoder.o
CC	libavcodec/rasc.o
CC	libavcodec/ratecontrol.o
CC	libavcodec/raw.o
CC	libavcodec/rawdec.o
CC	libavcodec/rawenc.o
CC	libavcodec/realtextdec.o
CC	libavcodec/rka.o
CC	libavcodec/rl.o
CC	libavcodec/rl2.o
CC	libavcodec/rle.o
CC	libavcodec/roqaudioenc.o
CC	libavcodec/roqvideo.o
CC	libavcodec/roqvideodec.o
CC	libavcodec/roqvideoenc.o
CC	libavcodec/rpza.o
CC	libavcodec/rpzaenc.o
CC	libavcodec/rscc.o
CC	libavcodec/rtjpeg.o
CC	libavcodec/rtv1.o
CC	libavcodec/rv10.o
CC	libavcodec/rv10enc.o
CC	libavcodec/rv20enc.o
CC	libavcodec/rv30.o
CC	libavcodec/rv30dsp.o
CC	libavcodec/rv34.o
CC	libavcodec/rv34_parser.o
CC	libavcodec/rv34dsp.o
CC	libavcodec/rv40.o
CC	libavcodec/rv40dsp.o
CC	libavcodec/rv60dec.o
CC	libavcodec/rv60dsp.o
CC	libavcodec/s302m.o
CC	libavcodec/s302menc.o
CC	libavcodec/samidec.o
CC	libavcodec/sanm.o
CC	libavcodec/sbc.o
CC	libavcodec/sbc_parser.o
CC	libavcodec/sbcdec.o
CC	libavcodec/sbcdsp.o
CC	libavcodec/sbcenc.o
CC	libavcodec/sbrdsp.o
CC	libavcodec/sbrdsp_fixed.o
CC	libavcodec/scpr.o
CC	libavcodec/screenpresso.o
CC	libavcodec/sga.o
CC	libavcodec/sgidec.o
CC	libavcodec/sgienc.o
CC	libavcodec/sgirledec.o
CC	libavcodec/sheervideo.o
CC	libavcodec/shorten.o
CC	libavcodec/simple_idct.o
CC	libavcodec/sinewin.o
CC	libavcodec/sipr.o
CC	libavcodec/sipr16k.o
CC	libavcodec/sipr_parser.o
CC	libavcodec/siren.o
CC	libavcodec/smacker.o
CC	libavcodec/smc.o
CC	libavcodec/smcenc.o
CC	libavcodec/smpte_436m.o
CC	libavcodec/snappy.o
CC	libavcodec/snow.o
CC	libavcodec/snow_dwt.o
CC	libavcodec/snowdec.o
CC	libavcodec/snowenc.o
CC	libavcodec/sp5xdec.o
CC	libavcodec/speedhq.o
CC	libavcodec/speedhqdec.o
CC	libavcodec/speedhqenc.o
CC	libavcodec/speexdec.o
CC	libavcodec/srtdec.o
CC	libavcodec/srtenc.o
CC	libavcodec/startcode.o
CC	libavcodec/subviewerdec.o
CC	libavcodec/sunrast.o
CC	libavcodec/sunrastenc.o
CC	libavcodec/svq1.o
CC	libavcodec/svq1dec.o
CC	libavcodec/svq1enc.o
CC	libavcodec/svq3.o
CC	libavcodec/synth_filter.o
CC	libavcodec/tak.o
CC	libavcodec/tak_parser.o
CC	libavcodec/takdec.o
CC	libavcodec/takdsp.o
CC	libavcodec/targa.o
CC	libavcodec/targa_y216dec.o
CC	libavcodec/targaenc.o
CC	libavcodec/tdsc.o
CC	libavcodec/textdec.o
CC	libavcodec/texturedsp.o
CC	libavcodec/texturedspenc.o
CC	libavcodec/threadprogress.o
CC	libavcodec/tiertexseqv.o
CC	libavcodec/tiff.o
CC	libavcodec/tiff_common.o
CC	libavcodec/tiffenc.o
CC	libavcodec/tmv.o
CC	libavcodec/to_upper4.o
CC	libavcodec/tpeldsp.o
CC	libavcodec/truemotion1.o
CC	libavcodec/truemotion2.o
CC	libavcodec/truemotion2rt.o
CC	libavcodec/truespeech.o
CC	libavcodec/tscc.o
CC	libavcodec/tscc2.o
CC	libavcodec/tta.o
CC	libavcodec/ttadata.o
CC	libavcodec/ttadsp.o
CC	libavcodec/ttaenc.o
CC	libavcodec/ttaencdsp.o
CC	libavcodec/ttmlenc.o
CC	libavcodec/twinvq.o
CC	libavcodec/twinvqdec.o
CC	libavcodec/txd.o
CC	libavcodec/ulti.o
CC	libavcodec/utils.o
CC	libavcodec/utvideodec.o
CC	libavcodec/utvideodsp.o
CC	libavcodec/utvideoenc.o
CC	libavcodec/v210dec.o
CC	libavcodec/v210enc.o
CC	libavcodec/v210x.o
CC	libavcodec/v4l2_buffers.o
CC	libavcodec/v4l2_context.o
CC	libavcodec/v4l2_fmt.o
CC	libavcodec/v4l2_m2m.o
CC	libavcodec/v4l2_m2m_dec.o
CC	libavcodec/v4l2_m2m_enc.o
CC	libavcodec/vaapi_av1.o
CC	libavcodec/vaapi_decode.o
CC	libavcodec/vaapi_encode.o
CC	libavcodec/vaapi_encode_av1.o
CC	libavcodec/vaapi_encode_h264.o
CC	libavcodec/vaapi_encode_h265.o
CC	libavcodec/vaapi_encode_mjpeg.o
CC	libavcodec/vaapi_encode_mpeg2.o
CC	libavcodec/vaapi_encode_vp8.o
CC	libavcodec/vaapi_encode_vp9.o
CC	libavcodec/vaapi_h264.o
CC	libavcodec/vaapi_hevc.o
CC	libavcodec/vaapi_mjpeg.o
CC	libavcodec/vaapi_mpeg2.o
CC	libavcodec/vaapi_mpeg4.o
CC	libavcodec/vaapi_vc1.o
CC	libavcodec/vaapi_vp8.o
CC	libavcodec/vaapi_vp9.o
CC	libavcodec/vaapi_vvc.o
CC	libavcodec/vb.o
CC	libavcodec/vble.o
CC	libavcodec/vbndec.o
CC	libavcodec/vbnenc.o
CC	libavcodec/vc1.o
CC	libavcodec/vc1_block.o
CC	libavcodec/vc1_loopfilter.o
CC	libavcodec/vc1_mc.o
CC	libavcodec/vc1_parser.o
CC	libavcodec/vc1_pred.o
CC	libavcodec/vc1data.o
CC	libavcodec/vc1dec.o
CC	libavcodec/vc1dsp.o
CC	libavcodec/vc2enc.o
CC	libavcodec/vc2enc_dwt.o
CC	libavcodec/vcr1.o
CC	libavcodec/vdpau.o
CC	libavcodec/vdpau_av1.o
CC	libavcodec/vdpau_h264.o
CC	libavcodec/vdpau_hevc.o
CC	libavcodec/vdpau_mpeg12.o
CC	libavcodec/vdpau_mpeg4.o
CC	libavcodec/vdpau_vc1.o
CC	libavcodec/vdpau_vp9.o
CC	libavcodec/version.o
CC	libavcodec/videodsp.o
CC	libavcodec/vima.o
CC	libavcodec/vlc.o
CC	libavcodec/vmdaudio.o
CC	libavcodec/vmdvideo.o
CC	libavcodec/vmixdec.o
CC	libavcodec/vmnc.o
CC	libavcodec/vorbis.o
CC	libavcodec/vorbis_data.o
CC	libavcodec/vorbis_parser.o
CC	libavcodec/vorbisdec.o
CC	libavcodec/vorbisdsp.o
CC	libavcodec/vorbisenc.o
CC	libavcodec/vp3.o
CC	libavcodec/vp3_parser.o
CC	libavcodec/vp3dsp.o
CC	libavcodec/vp5.o
CC	libavcodec/vp56.o
CC	libavcodec/vp56data.o
CC	libavcodec/vp5dsp.o
CC	libavcodec/vp6.o
CC	libavcodec/vp6dsp.o
CC	libavcodec/vp8.o
CC	libavcodec/vp8_parser.o
CC	libavcodec/vp8data.o
CC	libavcodec/vp8dsp.o
CC	libavcodec/vp9.o
CC	libavcodec/vp9_parser.o
CC	libavcodec/vp9block.o
CC	libavcodec/vp9data.o
CC	libavcodec/vp9dsp.o
CC	libavcodec/vp9dsp_10bpp.o
CC	libavcodec/vp9dsp_12bpp.o
CC	libavcodec/vp9dsp_8bpp.o
CC	libavcodec/vp9lpf.o
CC	libavcodec/vp9mvs.o
CC	libavcodec/vp9prob.o
CC	libavcodec/vp9recon.o
CC	libavcodec/vpx_rac.o
CC	libavcodec/vqavideo.o
CC	libavcodec/vqcdec.o
CC	libavcodec/vulkan.o
GZIP	libavcodec/vulkan/apv_decode.comp.spv.gz
GZIP	libavcodec/vulkan/apv_encode_dct.comp.spv.gz
GZIP	libavcodec/vulkan/apv_encode_tiles.comp.spv.gz
GZIP	libavcodec/vulkan/apv_idct.comp.spv.gz
GZIP	libavcodec/vulkan/dpx_copy.comp.spv.gz
GZIP	libavcodec/vulkan/dpx_unpack.comp.spv.gz
GZIP	libavcodec/vulkan/ffv1_dec.comp.spv.gz
GZIP	libavcodec/vulkan/ffv1_dec_bayer.comp.spv.gz
GZIP	libavcodec/vulkan/ffv1_dec_bayer_golomb.comp.spv.gz
GZIP	libavcodec/vulkan/ffv1_dec_golomb.comp.spv.gz
GZIP	libavcodec/vulkan/ffv1_dec_reset.comp.spv.gz
GZIP	libavcodec/vulkan/ffv1_dec_reset_golomb.comp.spv.gz
GZIP	libavcodec/vulkan/ffv1_dec_rgb.comp.spv.gz
GZIP	libavcodec/vulkan/ffv1_dec_rgb_float.comp.spv.gz
GZIP	libavcodec/vulkan/ffv1_dec_rgb_float_golomb.comp.spv.gz
GZIP	libavcodec/vulkan/ffv1_dec_rgb_golomb.comp.spv.gz
GZIP	libavcodec/vulkan/ffv1_dec_setup.comp.spv.gz
GZIP	libavcodec/vulkan/ffv1_enc.comp.spv.gz
GZIP	libavcodec/vulkan/ffv1_enc_bayer.comp.spv.gz
GZIP	libavcodec/vulkan/ffv1_enc_bayer_golomb.comp.spv.gz
GZIP	libavcodec/vulkan/ffv1_enc_golomb.comp.spv.gz
GZIP	libavcodec/vulkan/ffv1_enc_rct_search.comp.spv.gz
GZIP	libavcodec/vulkan/ffv1_enc_remap.comp.spv.gz
GZIP	libavcodec/vulkan/ffv1_enc_reset.comp.spv.gz
GZIP	libavcodec/vulkan/ffv1_enc_reset_golomb.comp.spv.gz
GZIP	libavcodec/vulkan/ffv1_enc_rgb.comp.spv.gz
GZIP	libavcodec/vulkan/ffv1_enc_rgb_float.comp.spv.gz
GZIP	libavcodec/vulkan/ffv1_enc_rgb_float_golomb.comp.spv.gz
GZIP	libavcodec/vulkan/ffv1_enc_rgb_golomb.comp.spv.gz
GZIP	libavcodec/vulkan/ffv1_enc_setup.comp.spv.gz
GZIP	libavcodec/vulkan/ffv1_enc_sort32.comp.spv.gz
GZIP	libavcodec/vulkan/prores_idct.comp.spv.gz
GZIP	libavcodec/vulkan/prores_ks_alpha_data.comp.spv.gz
GZIP	libavcodec/vulkan/prores_ks_encode_slice.comp.spv.gz
GZIP	libavcodec/vulkan/prores_ks_estimate_slice.comp.spv.gz
GZIP	libavcodec/vulkan/prores_ks_slice_data.comp.spv.gz
GZIP	libavcodec/vulkan/prores_ks_trellis_node.comp.spv.gz
GZIP	libavcodec/vulkan/prores_raw_decode.comp.spv.gz
GZIP	libavcodec/vulkan/prores_raw_idct.comp.spv.gz
GZIP	libavcodec/vulkan/prores_vld.comp.spv.gz
GZIP	libavcodec/vulkan/seg_gather.comp.spv.gz
CC	libswresample/audioconvert.o
CC	libswresample/dither.o
CC	libswresample/options.o
CC	libswresample/rematrix.o
CC	libswresample/resample.o
CC	libswresample/resample_dsp.o
CC	libswresample/swresample.o
CC	libswresample/swresample_frame.o
CC	libswresample/version.o
X86ASM	libswresample/x86/audio_convert.o
CC	libswresample/x86/audio_convert_init.o
X86ASM	libswresample/x86/rematrix.o
CC	libswresample/x86/rematrix_init.o
X86ASM	libswresample/x86/resample.o
CC	libswresample/x86/resample_init.o
CC	libswscale/alphablend.o
CC	libswscale/cms.o
CC	libswscale/csputils.o
STRIP	libswresample/x86/rematrix.o
CC	libswscale/filters.o
CC	libswscale/format.o
CC	libswscale/framepool.o
CC	libswscale/gamma.o
CC	libswscale/graph.o
CC	libswscale/hscale.o
CC	libswscale/hscale_fast_bilinear.o
CC	libswscale/input.o
CC	libswscale/jit.o
CC	libswscale/lut3d.o
CC	libswscale/ops.o
STRIP	libswresample/x86/resample.o
CC	libswscale/ops_chain.o
CC	libswscale/ops_dispatch.o
CC	libswscale/ops_memcpy.o
CC	libswscale/ops_optimizer.o
CC	libswscale/options.o
CC	libswscale/output.o
CC	libswscale/rational64.o
CC	libswscale/rgb2rgb.o
CC	libswscale/slice.o
CC	libswscale/swscale.o
CC	libswscale/swscale_unscaled.o
CC	libswscale/uops.o
CC	libswscale/uops_backend.o
CC	libswscale/utils.o
STRIP	libswresample/x86/audio_convert.o
CC	libswscale/version.o
CC	libswscale/vscale.o
CC	libswscale/vulkan/ops.o
CC	libswscale/vulkan/vulkan.o
CC	libswscale/x86/hscale_fast_bilinear_simd.o
X86ASM	libswscale/x86/input.o
CC	libswscale/x86/ops.o
X86ASM	libswscale/x86/ops_common.o
X86ASM	libswscale/x86/ops_float.o
X86ASM	libswscale/x86/ops_int.o
CC	libavutil/adler32.o
CC	libavutil/aes.o
STRIP	libswscale/x86/ops_common.o
CC	libavutil/aes_ctr.o
CC	libavutil/ambient_viewing_environment.o
CC	libavutil/audio_fifo.o
CC	libavutil/avsscanf.o
CC	libavutil/avstring.o
CC	libavutil/base64.o
CC	libavutil/blowfish.o
CC	libavutil/bprint.o
CC	libavutil/buffer.o
CC	libavutil/camellia.o
CC	libavutil/cast5.o
CC	libavutil/channel_layout.o
CC	libavutil/container_fifo.o
CC	libavutil/cpu.o
CC	libavutil/crc.o
CC	libavutil/csp.o
CC	libavutil/des.o
STRIP	libswscale/x86/input.o
CC	libavutil/detection_bbox.o
CC	libavutil/dict.o
CC	libavutil/display.o
CC	libavutil/dovi_meta.o
CC	libavutil/downmix_info.o
CC	libavutil/encryption_info.o
CC	libavutil/error.o
CC	libavutil/eval.o
CC	libavutil/executor.o
CC	libavutil/fifo.o
CC	libavutil/file.o
CC	libavutil/file_open.o
CC	libavutil/film_grain_params.o
CC	libavutil/fixed_dsp.o
CC	libavutil/float_dsp.o
CC	libavutil/float_scalarproduct.o
CC	libavutil/frame.o
CC	libavutil/hash.o
CC	libavutil/hdr_dynamic_metadata.o
CC	libavutil/hdr_dynamic_vivid_metadata.o
CC	libavutil/hmac.o
CC	libavutil/hwcontext.o
CC	libavutil/hwcontext_drm.o
CC	libavutil/hwcontext_vaapi.o
CC	libavutil/hwcontext_vdpau.o
CC	libavutil/hwcontext_vulkan.o
CC	libavutil/iamf.o
CC	libavutil/imgutils.o
CC	libavutil/integer.o
CC	libavutil/intmath.o
CC	libavutil/lfg.o
CC	libavutil/lls.o
CC	libavutil/log.o
CC	libavutil/log2_tab.o
CC	libavutil/lzo.o
CC	libavutil/mastering_display_metadata.o
CC	libavutil/mathematics.o
CC	libavutil/md5.o
CC	libavutil/mem.o
CC	libavutil/murmur3.o
CC	libavutil/opt.o
CC	libavutil/parseutils.o
CC	libavutil/pixdesc.o
CC	libavutil/pixelutils.o
STRIP	libswscale/x86/ops_int.o
CC	libavutil/random_seed.o
CC	libavutil/rational.o
CC	libavutil/raw_color_params.o
CC	libavutil/rc4.o
CC	libavutil/refstruct.o
CC	libavutil/reverse.o
CC	libavutil/ripemd.o
CC	libavutil/samplefmt.o
CC	libavutil/sha.o
CC	libavutil/sha512.o
CC	libavutil/side_data.o
CC	libavutil/slicethread.o
CC	libavutil/spherical.o
CC	libavutil/stereo3d.o
CC	libavutil/tdrdi.o
CC	libavutil/tea.o
CC	libavutil/threadmessage.o
CC	libavutil/time.o
CC	libavutil/timecode.o
CC	libavutil/timecode_internal.o
CC	libavutil/timestamp.o
CC	libavutil/tree.o
CC	libavutil/twofish.o
CC	libavutil/tx.o
CC	libavutil/tx_double.o
CC	libavutil/tx_float.o
CC	libavutil/tx_int32.o
CC	libavutil/utils.o
CC	libavutil/uuid.o
CC	libavutil/version.o
CC	libavutil/video_enc_params.o
CC	libavutil/video_hint.o
CC	libavutil/vulkan.o
X86ASM	libavutil/x86/aes.o
CC	libavutil/x86/aes_init.o
CC	libavutil/x86/cpu.o
X86ASM	libavutil/x86/cpuid.o
STRIP	libavutil/x86/aes.o
X86ASM	libavutil/x86/crc.o
STRIP	libavutil/x86/cpuid.o
X86ASM	libavutil/x86/fixed_dsp.o
STRIP	libavutil/x86/fixed_dsp.o
CC	libavutil/x86/fixed_dsp_init.o
X86ASM	libavutil/x86/float_dsp.o
CC	libavutil/x86/float_dsp_init.o
X86ASM	libavutil/x86/imgutils.o
STRIP	libavutil/x86/crc.o
CC	libavutil/x86/imgutils_init.o
STRIP	libavutil/x86/imgutils.o
X86ASM	libavutil/x86/lls.o
CC	libavutil/x86/lls_init.o
X86ASM	libavutil/x86/pixelutils.o
X86ASM	libavutil/x86/tx_float.o
CC	libavutil/x86/tx_float_init.o
STRIP	libavutil/x86/lls.o
CC	libavutil/xga_font_data.o
STRIP	libavutil/x86/float_dsp.o
CC	libavutil/xtea.o
CC	fftools/ffmpeg_dec.o
CC	fftools/ffmpeg_demux.o
CC	fftools/ffmpeg_enc.o
CC	fftools/ffmpeg_filter.o
STRIP	libavutil/x86/pixelutils.o
CC	fftools/ffmpeg_hw.o
CC	fftools/ffmpeg_mux.o
CC	fftools/ffmpeg_mux_init.o
CC	fftools/ffmpeg_opt.o
CC	fftools/ffmpeg_sched.o
CC	fftools/graph/graphprint.o
CC	fftools/sync_queue.o
CC	fftools/thread_queue.o
CC	fftools/textformat/avtextformat.o
CC	fftools/textformat/tf_compact.o
CC	fftools/textformat/tf_default.o
CC	fftools/textformat/tf_flat.o
CC	fftools/textformat/tf_ini.o
CC	fftools/textformat/tf_json.o
CC	fftools/textformat/tf_mermaid.o
CC	fftools/textformat/tf_xml.o
CC	fftools/textformat/tw_avio.o
CC	fftools/textformat/tw_buffer.o
CC	fftools/textformat/tw_stdout.o
CC	fftools/resources/resman.o
CC	fftools/cmdutils.o
CC	fftools/opt_common.o
CC	fftools/ffmpeg.o
BIN2C	fftools/resources/graph.html.c
GZIP	fftools/resources/graph.css.min.gz
INSTALL	libavdevice/libavdevice.a -> /home/tay/builds/app-build-scripts-ubuntu26/mpv-build/build_libs/lib
INSTALL	libavformat/libavformat.a -> /home/tay/builds/app-build-scripts-ubuntu26/mpv-build/build_libs/lib
INSTALL	libavdevice/libavdevice.pc -> /home/tay/builds/app-build-scripts-ubuntu26/mpv-build/build_libs/lib/pkgconfig
INSTALL	libavfilter/libavfilter.pc -> /home/tay/builds/app-build-scripts-ubuntu26/mpv-build/build_libs/lib/pkgconfig
INSTALL	libavformat/libavformat.pc -> /home/tay/builds/app-build-scripts-ubuntu26/mpv-build/build_libs/lib/pkgconfig
INSTALL	libavcodec/libavcodec.pc -> /home/tay/builds/app-build-scripts-ubuntu26/mpv-build/build_libs/lib/pkgconfig
INSTALL	libswresample/libswresample.pc -> /home/tay/builds/app-build-scripts-ubuntu26/mpv-build/build_libs/lib/pkgconfig
INSTALL	libswscale/libswscale.pc -> /home/tay/builds/app-build-scripts-ubuntu26/mpv-build/build_libs/lib/pkgconfig
BIN2C	libavfilter/vulkan/avgblur.comp.spv.c
INSTALL	libavutil/libavutil.pc -> /home/tay/builds/app-build-scripts-ubuntu26/mpv-build/build_libs/lib/pkgconfig
BIN2C	libavfilter/vulkan/blackdetect.comp.spv.c
BIN2C	libavfilter/vulkan/blend.comp.spv.c
BIN2C	libavfilter/vulkan/bwdif.comp.spv.c
BIN2C	libavfilter/vulkan/chromaber.comp.spv.c
BIN2C	libavfilter/vulkan/color.comp.spv.c
BIN2C	libavfilter/vulkan/debayer.comp.spv.c
BIN2C	libavfilter/vulkan/flip.comp.spv.c
BIN2C	libavfilter/vulkan/gblur.comp.spv.c
BIN2C	libavfilter/vulkan/nlmeans_denoise.comp.spv.c
BIN2C	libavfilter/vulkan/interlace.comp.spv.c
BIN2C	libavfilter/vulkan/nlmeans_horizontal.comp.spv.c
BIN2C	libavfilter/vulkan/nlmeans_vertical.comp.spv.c
BIN2C	libavfilter/vulkan/nlmeans_weights.comp.spv.c
BIN2C	libavfilter/vulkan/overlay.comp.spv.c
BIN2C	libavfilter/vulkan/scale.comp.spv.c
BIN2C	libavfilter/vulkan/scdet.comp.spv.c
BIN2C	libavfilter/vulkan/transpose.comp.spv.c
BIN2C	libavfilter/vulkan/v360.comp.spv.c
BIN2C	libavfilter/vulkan/xfade.comp.spv.c
BIN2C	libavcodec/vulkan/apv_decode.comp.spv.c
BIN2C	libavcodec/vulkan/apv_encode_dct.comp.spv.c
BIN2C	libavcodec/vulkan/apv_encode_tiles.comp.spv.c
BIN2C	libavcodec/vulkan/apv_idct.comp.spv.c
BIN2C	libavcodec/vulkan/dpx_copy.comp.spv.c
BIN2C	libavcodec/vulkan/dpx_unpack.comp.spv.c
BIN2C	libavcodec/vulkan/ffv1_dec.comp.spv.c
BIN2C	libavcodec/vulkan/ffv1_dec_bayer.comp.spv.c
BIN2C	libavcodec/vulkan/ffv1_dec_bayer_golomb.comp.spv.c
BIN2C	libavcodec/vulkan/ffv1_dec_golomb.comp.spv.c
BIN2C	libavcodec/vulkan/ffv1_dec_reset.comp.spv.c
BIN2C	libavcodec/vulkan/ffv1_dec_reset_golomb.comp.spv.c
BIN2C	libavcodec/vulkan/ffv1_dec_rgb.comp.spv.c
BIN2C	libavcodec/vulkan/ffv1_dec_rgb_float.comp.spv.c
BIN2C	libavcodec/vulkan/ffv1_dec_rgb_float_golomb.comp.spv.c
BIN2C	libavcodec/vulkan/ffv1_dec_rgb_golomb.comp.spv.c
BIN2C	libavcodec/vulkan/ffv1_dec_setup.comp.spv.c
BIN2C	libavcodec/vulkan/ffv1_enc.comp.spv.c
BIN2C	libavcodec/vulkan/ffv1_enc_bayer.comp.spv.c
BIN2C	libavcodec/vulkan/ffv1_enc_bayer_golomb.comp.spv.c
BIN2C	libavcodec/vulkan/ffv1_enc_golomb.comp.spv.c
BIN2C	libavcodec/vulkan/ffv1_enc_rct_search.comp.spv.c
BIN2C	libavcodec/vulkan/ffv1_enc_remap.comp.spv.c
BIN2C	libavcodec/vulkan/ffv1_enc_reset.comp.spv.c
BIN2C	libavcodec/vulkan/ffv1_enc_reset_golomb.comp.spv.c
BIN2C	libavcodec/vulkan/ffv1_enc_rgb.comp.spv.c
BIN2C	libavcodec/vulkan/ffv1_enc_rgb_float.comp.spv.c
BIN2C	libavcodec/vulkan/ffv1_enc_rgb_float_golomb.comp.spv.c
BIN2C	libavcodec/vulkan/ffv1_enc_rgb_golomb.comp.spv.c
BIN2C	libavcodec/vulkan/ffv1_enc_setup.comp.spv.c
BIN2C	libavcodec/vulkan/ffv1_enc_sort32.comp.spv.c
BIN2C	libavcodec/vulkan/prores_idct.comp.spv.c
BIN2C	libavcodec/vulkan/prores_ks_alpha_data.comp.spv.c
BIN2C	libavcodec/vulkan/prores_ks_encode_slice.comp.spv.c
BIN2C	libavcodec/vulkan/prores_ks_estimate_slice.comp.spv.c
BIN2C	libavcodec/vulkan/prores_ks_slice_data.comp.spv.c
BIN2C	libavcodec/vulkan/prores_ks_trellis_node.comp.spv.c
BIN2C	libavcodec/vulkan/prores_raw_decode.comp.spv.c
BIN2C	libavcodec/vulkan/prores_raw_idct.comp.spv.c
BIN2C	libavcodec/vulkan/prores_vld.comp.spv.c
BIN2C	libavcodec/vulkan/seg_gather.comp.spv.c
CC	fftools/resources/graph.html.o
AR	libswresample/libswresample.a
BIN2C	fftools/resources/graph.css.c
CC	libavfilter/vulkan/avgblur.comp.spv.o
CC	libavfilter/vulkan/blackdetect.comp.spv.o
CC	libavfilter/vulkan/blend.comp.spv.o
CC	libavfilter/vulkan/bwdif.comp.spv.o
CC	libavfilter/vulkan/chromaber.comp.spv.o
CC	libavfilter/vulkan/color.comp.spv.o
CC	libavfilter/vulkan/debayer.comp.spv.o
CC	libavfilter/vulkan/flip.comp.spv.o
CC	libavfilter/vulkan/gblur.comp.spv.o
CC	libavfilter/vulkan/interlace.comp.spv.o
CC	libavfilter/vulkan/nlmeans_denoise.comp.spv.o
CC	libavfilter/vulkan/nlmeans_horizontal.comp.spv.o
CC	libavfilter/vulkan/nlmeans_vertical.comp.spv.o
CC	libavfilter/vulkan/nlmeans_weights.comp.spv.o
CC	libavfilter/vulkan/overlay.comp.spv.o
CC	libavfilter/vulkan/scale.comp.spv.o
CC	libavfilter/vulkan/scdet.comp.spv.o
CC	libavfilter/vulkan/transpose.comp.spv.o
CC	libavfilter/vulkan/v360.comp.spv.o
CC	libavfilter/vulkan/xfade.comp.spv.o
CC	libavcodec/vulkan/apv_decode.comp.spv.o
CC	libavcodec/vulkan/apv_encode_dct.comp.spv.o
CC	libavcodec/vulkan/apv_encode_tiles.comp.spv.o
CC	libavcodec/vulkan/apv_idct.comp.spv.o
CC	libavcodec/vulkan/dpx_copy.comp.spv.o
CC	libavcodec/vulkan/dpx_unpack.comp.spv.o
CC	libavcodec/vulkan/ffv1_dec.comp.spv.o
CC	libavcodec/vulkan/ffv1_dec_bayer.comp.spv.o
CC	libavcodec/vulkan/ffv1_dec_bayer_golomb.comp.spv.o
CC	libavcodec/vulkan/ffv1_dec_golomb.comp.spv.o
CC	libavcodec/vulkan/ffv1_dec_reset.comp.spv.o
CC	libavcodec/vulkan/ffv1_dec_reset_golomb.comp.spv.o
CC	libavcodec/vulkan/ffv1_dec_rgb.comp.spv.o
CC	libavcodec/vulkan/ffv1_dec_rgb_float.comp.spv.o
CC	libavcodec/vulkan/ffv1_dec_rgb_float_golomb.comp.spv.o
CC	libavcodec/vulkan/ffv1_dec_rgb_golomb.comp.spv.o
CC	libavcodec/vulkan/ffv1_dec_setup.comp.spv.o
CC	libavcodec/vulkan/ffv1_enc.comp.spv.o
CC	libavcodec/vulkan/ffv1_enc_bayer.comp.spv.o
CC	libavcodec/vulkan/ffv1_enc_bayer_golomb.comp.spv.o
CC	libavcodec/vulkan/ffv1_enc_golomb.comp.spv.o
CC	libavcodec/vulkan/ffv1_enc_rct_search.comp.spv.o
CC	libavcodec/vulkan/ffv1_enc_remap.comp.spv.o
CC	libavcodec/vulkan/ffv1_enc_reset.comp.spv.o
CC	libavcodec/vulkan/ffv1_enc_reset_golomb.comp.spv.o
CC	libavcodec/vulkan/ffv1_enc_rgb.comp.spv.o
CC	libavcodec/vulkan/ffv1_enc_rgb_float.comp.spv.o
CC	libavcodec/vulkan/ffv1_enc_rgb_float_golomb.comp.spv.o
CC	libavcodec/vulkan/ffv1_enc_rgb_golomb.comp.spv.o
CC	libavcodec/vulkan/ffv1_enc_setup.comp.spv.o
CC	libavcodec/vulkan/ffv1_enc_sort32.comp.spv.o
CC	libavcodec/vulkan/prores_idct.comp.spv.o
CC	libavcodec/vulkan/prores_ks_alpha_data.comp.spv.o
CC	libavcodec/vulkan/prores_ks_encode_slice.comp.spv.o
CC	libavcodec/vulkan/prores_ks_estimate_slice.comp.spv.o
CC	libavcodec/vulkan/prores_ks_slice_data.comp.spv.o
CC	libavcodec/vulkan/prores_ks_trellis_node.comp.spv.o
CC	libavcodec/vulkan/prores_raw_decode.comp.spv.o
CC	libavcodec/vulkan/prores_raw_idct.comp.spv.o
CC	libavcodec/vulkan/prores_vld.comp.spv.o
CC	libavcodec/vulkan/seg_gather.comp.spv.o
CC	fftools/resources/graph.css.o
AR	libavfilter/libavfilter.a
INSTALL	libswresample/libswresample.a -> /home/tay/builds/app-build-scripts-ubuntu26/mpv-build/build_libs/lib
AR	libavcodec/libavcodec.a
INSTALL	libavfilter/libavfilter.a -> /home/tay/builds/app-build-scripts-ubuntu26/mpv-build/build_libs/lib
INSTALL	libavcodec/libavcodec.a -> /home/tay/builds/app-build-scripts-ubuntu26/mpv-build/build_libs/lib
STRIP	libswscale/x86/ops_float.o
AR	libswscale/libswscale.a
INSTALL	libswscale/libswscale.a -> /home/tay/builds/app-build-scripts-ubuntu26/mpv-build/build_libs/lib
STRIP	libavutil/x86/tx_float.o
AR	libavutil/libavutil.a
LDXX	ffmpeg_g
LDXX	ffprobe_g
INSTALL	libavutil/libavutil.a -> /home/tay/builds/app-build-scripts-ubuntu26/mpv-build/build_libs/lib
STRIP	ffprobe
STRIP	ffmpeg
INSTALL	ffmpeg -> /home/tay/builds/app-build-scripts-ubuntu26/mpv-build/build_libs/bin
INSTALL	ffprobe -> /home/tay/builds/app-build-scripts-ubuntu26/mpv-build/build_libs/bin
make: Leaving directory '/home/tay/builds/app-build-scripts-ubuntu26/mpv-build/ffmpeg_build'
Using mpv options: -Dlua=luajit -Djavascript=enabled -Dvapoursynth=enabled -Dlibarchive=enabled -Drubberband=enabled -Doptimization=3 -Db_lto=true -Db_pgo=generate -Dc_args=-march=native -mtune=native -pipe -Dcpp_args=-march=native -mtune=native -pipe -Dc_link_args=-fuse-ld=lld -Dcpp_link_args=-fuse-ld=lld -Dalsa=enabled -Dpulse=enabled -Dpipewire=enabled
The Meson build system
Version: 1.12.0
Source dir: /home/tay/builds/app-build-scripts-ubuntu26/mpv-build/mpv
Build dir: /home/tay/builds/app-build-scripts-ubuntu26/mpv-build/mpv/build
Build type: native build
Project name: mpv
Project version: 0.41.0-UNKNOWN
C compiler for the host machine: clang (clang 21.1.8 "Ubuntu clang version 21.1.8 (6ubuntu1)")
C linker for the host machine: clang ld.lld 21.1.8
Host machine cpu family: x86_64
Host machine cpu: x86_64
Program python3 found: YES (/opt/vapoursynth-venv/bin/python3)
Found pkg-config: YES (/usr/bin/pkg-config) 2.5.1
Run-time dependency libavcodec found: YES 63.8.101
Run-time dependency libavfilter found: YES 12.3.101
Run-time dependency libavformat found: YES 63.6.100
Run-time dependency libavutil found: YES 61.5.100
Run-time dependency libswresample found: YES 7.2.100
Run-time dependency libswscale found: YES 10.2.100
Run-time dependency libplacebo found: YES 7.371.0
Run-time dependency libass found: YES 0.17.5
Compiler for C supports arguments -Wdisabled-optimization: YES 
Compiler for C supports arguments -Wempty-body: YES 
Compiler for C supports arguments -Wformat: YES 
Compiler for C supports arguments -Wimplicit-fallthrough: YES 
Compiler for C supports arguments -Woverflow: YES 
Compiler for C supports arguments -Wparentheses: YES 
Compiler for C supports arguments -Wpointer-arith: YES 
Compiler for C supports arguments -Wshadow: YES 
Compiler for C supports arguments -Wundef: YES 
Compiler for C supports arguments -Wvla: YES 
Compiler for C supports arguments -Wno-cast-function-type: YES 
Compiler for C supports arguments -Wno-format-zero-length: YES 
Compiler for C supports arguments -Wno-missing-field-initializers: YES 
Compiler for C supports arguments -Wno-sign-compare: YES 
Compiler for C supports arguments -Wno-switch: YES 
Compiler for C supports arguments -Wno-unused-parameter: YES 
Compiler for C supports arguments -fno-math-errno: YES 
Compiler for C supports arguments -fno-signed-zeros: YES 
Compiler for C supports arguments -fno-trapping-math: YES 
Compiler for C supports arguments -Wmissing-prototypes: YES 
Compiler for C supports arguments -Wstrict-prototypes: YES 
Compiler for C supports arguments -Werror=implicit-function-declaration: YES 
Compiler for C supports arguments -Wno-pointer-sign: YES 
Compiler for C supports arguments -Wformat -Werror=format-security: YES 
Compiler for C supports link arguments -Wl,--nxcompat,--no-seh,--dynamicbase: NO 
Compiler for C supports link arguments -Wl,-z,noexecstack: YES 
Run-time dependency dl found: YES
Found CMake: /usr/bin/cmake (4.2.3)
Run-time dependency subrandr found: NO  (tried pkg-config and cmake)
Library atomic found: YES
Compiler for C supports link arguments -rdynamic: YES 
Run-time dependency threads found: YES
Header "pthread.h" has symbol "pthread_condattr_setclock" with dependency threads: YES 
Run-time dependency appleframeworks found: NO  (tried framework)
Checking for function "fork" : YES 
Checking for function "ppoll" : YES 
Checking for function "memrchr" : YES 
Header "sched.h" has symbol "clone" : YES 
Header "unistd.h" has symbol "rfork_thread" : NO 
Library windowsapp skipped: feature uwp disabled
Checking for function "glob" : YES 
Header "sys/vt.h" has symbol "VT_GETMODE" : YES 
Header "dev/wscons/wsdisplay_usl_io.h" has symbol "VT_GETMODE" : NO 
Checking for function "pthread_setname_np" with dependency threads: YES 
Checking for function "fstatfs" : NO 
Checking for function "fstatfs" : YES 
Compiler for C supports function attribute vector_size: YES 
Program /home/tay/builds/app-build-scripts-ubuntu26/mpv-build/mpv/TOOLS/docutils-wrapper.py found: YES (/home/tay/builds/app-build-scripts-ubuntu26/mpv-build/mpv/TOOLS/docutils-wrapper.py)
Program /home/tay/builds/app-build-scripts-ubuntu26/mpv-build/mpv/TOOLS/file2string.py found: YES (/home/tay/builds/app-build-scripts-ubuntu26/mpv-build/mpv/TOOLS/file2string.py)
Program /home/tay/builds/app-build-scripts-ubuntu26/mpv-build/mpv/TOOLS/matroska.py found: YES (/home/tay/builds/app-build-scripts-ubuntu26/mpv-build/mpv/TOOLS/matroska.py)
Program /home/tay/builds/app-build-scripts-ubuntu26/mpv-build/mpv/TOOLS/gen-mpv-desktop.py found: YES (/home/tay/builds/app-build-scripts-ubuntu26/mpv-build/mpv/TOOLS/gen-mpv-desktop.py)
Program git found: YES (/usr/bin/git)
Run-time dependency libcurl found: YES 8.18.0
Run-time dependency libcdio found: NO  (tried pkg-config and cmake)
Run-time dependency libcdio_paranoia found: NO  (tried pkg-config and cmake)
Has header "linux/dvb/frontend.h" : YES 
Run-time dependency dvdnav found: YES 7.0.0
Run-time dependency iconv found: YES
Run-time dependency mujs found: YES 1.3.8
Run-time dependency lcms2 found: YES 2.17
Run-time dependency libarchive found: YES 3.8.5
Run-time dependency libavdevice found: YES 63.2.100
Run-time dependency libbluray found: YES 1.4.1
Library m found: YES
Library rt found: YES
Run-time dependency luajit found: YES 2.1.1761786044
Run-time dependency rubberband found: YES 4.0.0
sdl2-config found: NO
Run-time dependency sdl2 found: NO  (tried pkg-config, config-tool and cmake)
Run-time dependency uchardet found: YES 0.0.8
WARNING: Pkg-config error with 'vapoursynth-script': Could not generate cflags for vapoursynth-script:
Package python-3.12-embed was not found in the pkg-config search path.
Perhaps you should add the directory containing `python-3.12-embed.pc'
to the PKG_CONFIG_PATH environment variable
Package 'python-3.12-embed', required by 'vapoursynth-script', not found

Run-time dependency vapoursynth-script found: NO  (tried pkg-config and cmake)
Run-time dependency vapoursynth found: YES 73
Run-time dependency xfixes found: YES 6.0.0
Run-time dependency x11 found: YES 1.8.13
Run-time dependency zimg found: YES 3.0.6
Run-time dependency zlib found: YES 1.3.1
Run-time dependency alsa found: YES 1.2.15.3
Dependency appleframeworks(modules: Foundation, AudioToolbox) for host machine skipped: feature audiounit disabled
Header "AudioToolbox/AudioToolbox.h" has symbol "kAudioUnitSubType_RemoteIO" skipped: feature audiounit disabled
Run-time dependency appleframeworks found: NO  (tried framework)
Run-time dependency appleframeworks found: NO  (tried framework)
Run-time dependency jack found: NO  (tried pkg-config and cmake)
Dependency openal for host machine skipped: feature openal disabled
Header "aaudio/AAudio.h" has symbol "AAudioStream" skipped: feature aaudio disabled
Library OpenSLES found: NO
Header "sys/soundcard.h" has symbol "SNDCTL_DSP_HALT" : NO 
Run-time dependency libpipewire-0.3 found: YES 1.6.2
Run-time dependency libpulse found: YES 17.0
Run-time dependency sndio found: NO  (tried pkg-config and cmake)
Header "audioclient.h" has symbol "IAudioClient" skipped: feature wasapi disabled
Run-time dependency caca found: NO  (tried pkg-config and cmake)
Has header "d3d9.h" skipped: feature direct3d disabled
Run-time dependency libdrm found: YES 2.4.131
Run-time dependency libdisplay-info found: NO  (tried pkg-config and cmake)
Dependency gbm for host machine skipped: feature gbm disabled
Run-time dependency libjpeg found: YES 2.1.5
Dependency shaderc for host machine skipped: feature shaderc disabled
Run-time dependency libsixel found: NO  (tried pkg-config and cmake)
Checking for function "shm_open" : YES 
Dependency spirv-cross-c-shared for host machine skipped: feature spirv-cross disabled
Run-time dependency wayland-client found: YES 1.24.0
Run-time dependency wayland-cursor found: YES 1.24.0
Run-time dependency wayland-protocols found: YES 1.47
Run-time dependency xkbcommon found: YES 1.13.1
Dependency wayland-client for host machine found: YES 1.24.0 (cached)
Has header "linux/input-event-codes.h" with dependency wayland-client: YES 
Program wayland-scanner found: YES 1.24.0 1.24.0 (/usr/bin/wayland-scanner)
Checking for function "memfd_create" : YES 
Dependency x11 for host machine found: YES 1.8.13 (cached)
Run-time dependency xscrnsaver found: YES 1.2.3
Run-time dependency xext found: YES 1.3.4
Run-time dependency xpresent found: YES 1.0.1
Run-time dependency xrandr found: YES 1.5.4
Run-time dependency xv found: YES 1.0.13
Dependency GL for host machine skipped: feature gl-x11 disabled
Library EGL skipped: feature egl-angle-lib disabled
Run-time dependency egl found: YES 1.5
Library EGL skipped: feature egl-android disabled
Run-time dependency wayland-egl found: YES 18.1.0
Run-time dependency vulkan found: YES 1.4.341
Header "vulkan/vulkan_core.h" has symbol "VK_VERSION_1_3" with dependency vulkan: YES 
Checking for function "vkCreateDisplayPlaneSurfaceKHR" with dependency vulkan: YES 
Run-time dependency ffnvcodec found: YES 12.1.14.0
Has header "AMF/core/Factory.h" skipped: feature amf disabled
Header "OpenGLES/ES3/glext.h" has symbol "GL_RGB32F" skipped: feature ios-gl disabled
Run-time dependency libva found: YES 1.23.0
Dependency libva-drm for host machine skipped: feature vaapi-drm disabled
Run-time dependency libva-wayland found: YES 1.23.0
Run-time dependency libva-x11 found: YES 1.23.0
Dependency libva-win32 for host machine skipped: feature vaapi-win32 disabled
Run-time dependency vdpau found: YES 1.5
Dependency appleframeworks(modules: CoreVideo) for host machine skipped: feature videotoolbox-pl disabled
Program xcrun skipped: feature swift-build disabled
Program rst2man rst2man.py found: NO
Program rst2html rst2html.py skipped: feature html-build disabled
Program rst2pdf skipped: feature pdf-build disabled
Configuring config.h using configuration
Message: List of enabled features: alsa build-date clone cplugins cuda-hwaccel cuda-interop dmabuf-interop-gl dmabuf-wayland dvbin dvdnav egl egl-wayland egl-x11 ffmpeg ffnvcodec gl glibc-thread-name glob glob-posix gpl iconv javascript jpeg lcms2 libarchive libass libavdevice libbluray libcurl libdl libplacebo linux-fstatfs luajit memfd-create memrchr pipewire posix posix-shm ppoll pthread-condattr-setclock pulse rubberband rubberband-3 uchardet vaapi vaapi-wayland vaapi-x11 vapoursynth vdpau vector vk-khr-display vt.h vulkan wayland wayland-protocols-1-39 wayland-protocols-1-41 wayland-protocols-1-44 wayland-protocols-1-47 x11 x11-clipboard xv zimg zimg-st428 zlib
Fetching value of define "MPV_CLIENT_API_VERSION" : (((2) << 16) | (5) | 0UL) 
Compiler for C supports link arguments -Wl,-Bsymbolic: YES 
Found pkg-config: YES (/usr/bin/pkg-config) 2.5.1
Build targets in project: 65

mpv 0.41.0-UNKNOWN

    cocoa        : NO
    curl         : YES
    d3d11        : NO
    drm          : NO
    javascript   : YES
    libmpv       : YES
    lua          : YES
    opengl       : YES
    vulkan       : YES
    wayland      : YES
    x11          : YES

  User defined options
    alsa         : enabled
    b_lto        : true
    b_pgo        : generate
    buildtype    : release
    c_args       : -march=native -mtune=native -pipe
    c_link_args  : -fuse-ld=lld
    cpp_args     : -march=native -mtune=native -pipe
    cpp_link_args: -fuse-ld=lld
    javascript   : enabled
    libarchive   : enabled
    lua          : luajit
    optimization : 3
    pipewire     : enabled
    pulse        : enabled
    rubberband   : enabled
    vapoursynth  : enabled

Found ninja-1.13.0.git.kitware.jobserver-pipe-1 at /opt/vapoursynth-venv/bin/ninja
Generating targets:   0%|          | 0/65 eta ?                                               Writing build.ninja:   0%|          | 0/376 eta ?                                                 ninja: Entering directory `/home/tay/builds/app-build-scripts-ubuntu26/mpv-build/mpv/build'
[1/346] Generating video/out/__usr_share_wayland_protocols_stable_viewporter_viewporter_xml_h with a custom command
[2/346] Generating video/out/__usr_share_wayland_protocols_stable_linux_dmabuf_linux_dmabuf_v1_xml_c with a custom command
[3/346] Generating video/out/__usr_share_wayland_protocols_stable_linux_dmabuf_linux_dmabuf_v1_xml_h with a custom command
[4/346] Generating video/out/__usr_share_wayland_protocols_stable_presentation_time_presentation_time_xml_c with a custom command
[5/346] Generating video/out/__usr_share_wayland_protocols_stable_presentation_time_presentation_time_xml_h with a custom command
[6/346] Generating video/out/__usr_share_wayland_protocols_stable_viewporter_viewporter_xml_c with a custom command
[7/346] Generating video/out/__usr_share_wayland_protocols_stable_xdg_shell_xdg_shell_xml_c with a custom command
[8/346] Generating video/out/__usr_share_wayland_protocols_stable_xdg_shell_xdg_shell_xml_h with a custom command
[9/346] Generating video/out/__usr_share_wayland_protocols_unstable_idle_inhibit_idle_inhibit_unstable_v1_xml_h with a custom command
[10/346] Generating video/out/__usr_share_wayland_protocols_unstable_idle_inhibit_idle_inhibit_unstable_v1_xml_c with a custom command
[11/346] Generating video/out/__usr_share_wayland_protocols_unstable_xdg_decoration_xdg_decoration_unstable_v1_xml_c with a custom command
[12/346] Generating video/out/__usr_share_wayland_protocols_unstable_xdg_decoration_xdg_decoration_unstable_v1_xml_h with a custom command
[13/346] Generating video/out/__usr_share_wayland_protocols_staging_content_type_content_type_v1_xml_c with a custom command
[14/346] Generating video/out/__usr_share_wayland_protocols_unstable_text_input_text_input_unstable_v3_xml_c with a custom command
[15/346] Generating video/out/__usr_share_wayland_protocols_unstable_text_input_text_input_unstable_v3_xml_h with a custom command
[16/346] Generating video/out/__usr_share_wayland_protocols_staging_content_type_content_type_v1_xml_h with a custom command
[17/346] Generating video/out/__usr_share_wayland_protocols_staging_fractional_scale_fractional_scale_v1_xml_c with a custom command
[18/346] Generating video/out/__usr_share_wayland_protocols_staging_fractional_scale_fractional_scale_v1_xml_h with a custom command
[19/346] Generating video/out/__usr_share_wayland_protocols_staging_single_pixel_buffer_single_pixel_buffer_v1_xml_c with a custom command
[20/346] Generating video/out/__usr_share_wayland_protocols_staging_xdg_activation_xdg_activation_v1_xml_h with a custom command
[21/346] Generating video/out/__usr_share_wayland_protocols_staging_single_pixel_buffer_single_pixel_buffer_v1_xml_h with a custom command
[22/346] Generating video/out/__usr_share_wayland_protocols_staging_xdg_activation_xdg_activation_v1_xml_c with a custom command
[23/346] Generating video/out/__usr_share_wayland_protocols_staging_cursor_shape_cursor_shape_v1_xml_c with a custom command
[24/346] Generating video/out/__usr_share_wayland_protocols_staging_cursor_shape_cursor_shape_v1_xml_h with a custom command
[25/346] Generating video/out/__usr_share_wayland_protocols_staging_fifo_fifo_v1_xml_c with a custom command
[26/346] Generating video/out/__usr_share_wayland_protocols_unstable_tablet_tablet_unstable_v2_xml_h with a custom command
[27/346] Generating video/out/__usr_share_wayland_protocols_unstable_tablet_tablet_unstable_v2_xml_c with a custom command
[28/346] Generating video/out/__usr_share_wayland_protocols_staging_fifo_fifo_v1_xml_h with a custom command
[29/346] Generating video/out/__usr_share_wayland_protocols_staging_ext_data_control_ext_data_control_v1_xml_h with a custom command
[30/346] Generating video/out/__usr_share_wayland_protocols_staging_color_representation_color_representation_v1_xml_c with a custom command
[31/346] Generating video/out/__usr_share_wayland_protocols_staging_ext_data_control_ext_data_control_v1_xml_c with a custom command
[32/346] Generating video/out/__usr_share_wayland_protocols_staging_color_representation_color_representation_v1_xml_h with a custom command
[33/346] Generating video/out/__usr_share_wayland_protocols_staging_color_management_color_management_v1_xml_c with a custom command
[34/346] Generating video/out/__usr_share_wayland_protocols_staging_color_management_color_management_v1_xml_h with a custom command
[35/346] Generating etc/mpv-icon-8bit-16x16.png with a custom command
[36/346] Generating etc/mpv-icon-8bit-128x128.png with a custom command
[37/346] Generating ebml_defs.inc with a custom command
[38/346] Generating etc/mpv-icon-8bit-64x64.png with a custom command
[39/346] Generating etc/mpv-icon-8bit-32x32.png with a custom command
[40/346] Generating ebml_types.h with a custom command
[41/346] Generating etc/input.conf with a custom command
[42/346] Generating etc/builtin.conf with a custom command
[43/346] Generating etc/menu.conf with a custom command
[44/346] Generating player/javascript/defaults.js with a custom command
[45/346] Generating player/lua/osc.lua with a custom command
[46/346] Generating player/lua/defaults.lua with a custom command
[47/346] Generating player/lua/options.lua with a custom command
[48/346] Generating player/lua/assdraw.lua with a custom command
[49/346] Generating player/lua/ytdl_hook.lua with a custom command
[50/346] Generating player/lua/auto_profiles.lua with a custom command
[51/346] Generating player/lua/console.lua with a custom command
[52/346] Generating player/lua/stats.lua with a custom command
[53/346] Generating player/lua/select.lua with a custom command
[54/346] Generating player/lua/fzy.lua with a custom command
[55/346] Generating player/lua/commands.lua with a custom command
[56/346] Generating player/lua/positioning.lua with a custom command
[57/346] Generating player/lua/context_menu.lua with a custom command
[58/346] Generating player/lua/input.lua with a custom command
[59/346] Generating sub/osd_font.otf with a custom command
[60/346] Compiling C object video/out/libprotocols.a.p/meson-generated_.._linux-dmabuf-v1.c.o
[61/346] Compiling C object video/out/libprotocols.a.p/meson-generated_.._viewporter.c.o
[62/346] Compiling C object video/out/libprotocols.a.p/meson-generated_.._idle-inhibit-unstable-v1.c.o
[63/346] Compiling C object video/out/libprotocols.a.p/meson-generated_.._xdg-shell.c.o
[64/346] Generating common/version.h with a custom command (wrapped by meson because command contains newlines)
[65/346] Compiling C object video/out/libprotocols.a.p/meson-generated_.._presentation-time.c.o
[66/346] Compiling C object video/out/libprotocols.a.p/meson-generated_.._text-input-unstable-v3.c.o
[67/346] Compiling C object video/out/libprotocols.a.p/meson-generated_.._content-type-v1.c.o
[68/346] Compiling C object video/out/libprotocols.a.p/meson-generated_.._xdg-decoration-unstable-v1.c.o
[69/346] Compiling C object video/out/libprotocols.a.p/meson-generated_.._fractional-scale-v1.c.o
[70/346] Compiling C object video/out/libprotocols.a.p/meson-generated_.._xdg-activation-v1.c.o
[71/346] Compiling C object video/out/libprotocols.a.p/meson-generated_.._tablet-unstable-v2.c.o
[72/346] Compiling C object video/out/libprotocols.a.p/meson-generated_.._single-pixel-buffer-v1.c.o
[73/346] Compiling C object video/out/libprotocols.a.p/meson-generated_.._ext-data-control-v1.c.o
[74/346] Compiling C object video/out/libprotocols.a.p/meson-generated_.._color-representation-v1.c.o
[75/346] Compiling C object video/out/libprotocols.a.p/meson-generated_.._cursor-shape-v1.c.o
[76/346] Compiling C object video/out/libprotocols.a.p/meson-generated_.._fifo-v1.c.o
[77/346] Compiling C object video/out/libprotocols.a.p/meson-generated_.._color-management-v1.c.o
[78/346] Linking static target video/out/libprotocols.a
[79/346] Compiling C object libmpv.so.2.5.0.p/audio_chmap_avchannel.c.o
[80/346] Compiling C object libmpv.so.2.5.0.p/audio_filter_af_drop.c.o
[81/346] Compiling C object libmpv.so.2.5.0.p/audio_filter_af_format.c.o
[82/346] Compiling C object libmpv.so.2.5.0.p/audio_decode_ad_lavc.c.o
[83/346] Compiling C object libmpv.so.2.5.0.p/audio_aframe.c.o
[84/346] Compiling C object libmpv.so.2.5.0.p/audio_chmap.c.o
[85/346] Compiling C object libmpv.so.2.5.0.p/audio_chmap_sel.c.o
[86/346] Compiling C object libmpv.so.2.5.0.p/audio_filter_af_lavfi_tempo.c.o
[87/346] Compiling C object libmpv.so.2.5.0.p/audio_format.c.o
[88/346] Compiling C object libmpv.so.2.5.0.p/audio_fmt-conversion.c.o
[89/346] Compiling C object libmpv.so.2.5.0.p/audio_filter_af_lavcac3enc.c.o
[90/346] Compiling C object libmpv.so.2.5.0.p/audio_decode_ad_spdif.c.o
[91/346] Compiling C object libmpv.so.2.5.0.p/audio_filter_af_scaletempo.c.o
[92/346] Compiling C object libmpv.so.2.5.0.p/audio_filter_af_scaletempo2.c.o
[93/346] Compiling C object libmpv.so.2.5.0.p/audio_out_ao_pcm.c.o
[94/346] Compiling C object libmpv.so.2.5.0.p/audio_out_ao_null.c.o
[95/346] Compiling C object libmpv.so.2.5.0.p/audio_out_ao.c.o
[96/346] Compiling C object libmpv.so.2.5.0.p/audio_filter_af_scaletempo2_internals.c.o
[97/346] Compiling C object libmpv.so.2.5.0.p/common_av_common.c.o
[98/346] Compiling C object libmpv.so.2.5.0.p/common_codecs.c.o
[99/346] Compiling C object libmpv.so.2.5.0.p/common_av_log.c.o
[100/346] Compiling C object libmpv.so.2.5.0.p/audio_out_ao_lavc.c.o
[101/346] Compiling C object libmpv.so.2.5.0.p/common_common.c.o
[102/346] Compiling C object libmpv.so.2.5.0.p/audio_out_buffer.c.o
[103/346] Compiling C object libmpv.so.2.5.0.p/common_playlist.c.o
[104/346] Compiling C object libmpv.so.2.5.0.p/common_version.c.o
[105/346] Compiling C object libmpv.so.2.5.0.p/common_encode_lavc.c.o
[106/346] Compiling C object libmpv.so.2.5.0.p/common_tags.c.o
[107/346] Compiling C object libmpv.so.2.5.0.p/common_stats.c.o
[108/346] Compiling C object libmpv.so.2.5.0.p/common_msg.c.o
[109/346] Compiling C object libmpv.so.2.5.0.p/demux_cue.c.o
[110/346] Compiling C object libmpv.so.2.5.0.p/demux_cache.c.o
[111/346] Compiling C object libmpv.so.2.5.0.p/common_recorder.c.o
[112/346] Compiling C object libmpv.so.2.5.0.p/demux_codec_tags.c.o
[113/346] Compiling C object libmpv.so.2.5.0.p/demux_demux_cue.c.o
[114/346] Compiling C object libmpv.so.2.5.0.p/demux_demux_disc.c.o
[115/346] Compiling C object libmpv.so.2.5.0.p/demux_demux_null.c.o
[116/346] Compiling C object libmpv.so.2.5.0.p/demux_demux_edl.c.o
[117/346] Compiling C object libmpv.so.2.5.0.p/demux_demux_mf.c.o
[118/346] Compiling C object libmpv.so.2.5.0.p/demux_demux_mpv.c.o
[119/346] Compiling C object libmpv.so.2.5.0.p/demux_demux_mkv_timeline.c.o
[120/346] Compiling C object libmpv.so.2.5.0.p/demux_demux_playlist.c.o
[121/346] Compiling C object libmpv.so.2.5.0.p/demux_dovi_split.c.o
[122/346] Compiling C object libmpv.so.2.5.0.p/demux_demux_raw.c.o
[123/346] Compiling C object libmpv.so.2.5.0.p/demux_packet_pool.c.o
[124/346] Compiling C object libmpv.so.2.5.0.p/demux_timeline.c.o
[125/346] Compiling C object libmpv.so.2.5.0.p/demux_demux_timeline.c.o
[126/346] Compiling C object libmpv.so.2.5.0.p/demux_demux_lavf.c.o
[127/346] Compiling C object libmpv.so.2.5.0.p/filters_f_autoconvert.c.o
[128/346] Compiling C object libmpv.so.2.5.0.p/filters_f_auto_filters.c.o
[129/346] Compiling C object libmpv.so.2.5.0.p/demux_ebml.c.o
[130/346] Compiling C object libmpv.so.2.5.0.p/demux_packet.c.o
[131/346] Compiling C object libmpv.so.2.5.0.p/demux_demux.c.o
[132/346] Compiling C object libmpv.so.2.5.0.p/filters_f_demux_in.c.o
[133/346] Compiling C object libmpv.so.2.5.0.p/filters_f_async_queue.c.o
[134/346] Compiling C object libmpv.so.2.5.0.p/filters_f_enhancement_pair.c.o
[135/346] Compiling C object libmpv.so.2.5.0.p/filters_f_output_chain.c.o
[136/346] Compiling C object libmpv.so.2.5.0.p/filters_f_utils.c.o
[137/346] Compiling C object libmpv.so.2.5.0.p/filters_f_swresample.c.o
[138/346] Compiling C object libmpv.so.2.5.0.p/filters_f_decoder_wrapper.c.o
[139/346] Compiling C object libmpv.so.2.5.0.p/filters_f_hwtransfer.c.o
[140/346] Compiling C object libmpv.so.2.5.0.p/filters_f_swscale.c.o
[141/346] Compiling C object libmpv.so.2.5.0.p/filters_user_filters.c.o
[142/346] Compiling C object libmpv.so.2.5.0.p/filters_frame.c.o
[143/346] Compiling C object libmpv.so.2.5.0.p/input_event.c.o
[144/346] Compiling C object libmpv.so.2.5.0.p/filters_filter.c.o
[145/346] Compiling C object libmpv.so.2.5.0.p/demux_demux_mkv.c.o
[146/346] Compiling C object libmpv.so.2.5.0.p/input_dnd.c.o
[147/346] Compiling C object libmpv.so.2.5.0.p/input_cmd.c.o
[148/346] Compiling C object libmpv.so.2.5.0.p/misc_charset_conv.c.o
[149/346] Compiling C object libmpv.so.2.5.0.p/misc_codepoint_width.c.o
[150/346] Compiling C object libmpv.so.2.5.0.p/filters_f_lavfi.c.o
[151/346] Compiling C object libmpv.so.2.5.0.p/input_ipc.c.o
[152/346] Compiling C object libmpv.so.2.5.0.p/misc_bstr.c.o
[153/346] Compiling C object libmpv.so.2.5.0.p/input_keycodes.c.o
[154/346] Compiling C object libmpv.so.2.5.0.p/misc_natural_sort.c.o
[155/346] Compiling C object libmpv.so.2.5.0.p/misc_dispatch.c.o
[156/346] Compiling C object libmpv.so.2.5.0.p/misc_hash.c.o
[157/346] Compiling C object libmpv.so.2.5.0.p/misc_io_utils.c.o
[158/346] Compiling C object libmpv.so.2.5.0.p/misc_language.c.o
[159/346] Compiling C object libmpv.so.2.5.0.p/misc_json.c.o
[160/346] Compiling C object libmpv.so.2.5.0.p/misc_random.c.o
[161/346] Compiling C object libmpv.so.2.5.0.p/misc_node.c.o
[162/346] Compiling C object libmpv.so.2.5.0.p/misc_path_utils.c.o
[163/346] Compiling C object libmpv.so.2.5.0.p/misc_rendezvous.c.o
[164/346] Compiling C object libmpv.so.2.5.0.p/misc_thread_tools.c.o
[165/346] Compiling C object libmpv.so.2.5.0.p/misc_thread_pool.c.o
[166/346] Compiling C object libmpv.so.2.5.0.p/options_m_config_core.c.o
[167/346] Compiling C object libmpv.so.2.5.0.p/options_options.c.o
[168/346] Compiling C object libmpv.so.2.5.0.p/options_m_property.c.o
[169/346] Compiling C object libmpv.so.2.5.0.p/options_parse_configfile.c.o
[170/346] Compiling C object libmpv.so.2.5.0.p/options_parse_commandline.c.o
[171/346] Compiling C object libmpv.so.2.5.0.p/input_input.c.o
[172/346] Compiling C object libmpv.so.2.5.0.p/options_path.c.o
[173/346] Compiling C object libmpv.so.2.5.0.p/options_m_config_frontend.c.o
[174/346] Compiling C object libmpv.so.2.5.0.p/player_audio.c.o
[175/346] Compiling C object libmpv.so.2.5.0.p/player_external_files.c.o
[176/346] Compiling C object libmpv.so.2.5.0.p/player_configfiles.c.o
[177/346] Compiling C object libmpv.so.2.5.0.p/player_client.c.o
[178/346] Compiling C object libmpv.so.2.5.0.p/player_main.c.o
[179/346] Compiling C object libmpv.so.2.5.0.p/options_m_option.c.o
[180/346] Compiling C object libmpv.so.2.5.0.p/player_misc.c.o
[181/346] Compiling C object libmpv.so.2.5.0.p/player_scripting.c.o
[182/346] Compiling C object libmpv.so.2.5.0.p/player_playloop.c.o
[183/346] Compiling C object libmpv.so.2.5.0.p/player_loadfile.c.o
[184/346] Compiling C object libmpv.so.2.5.0.p/player_osd.c.o
[185/346] Compiling C object libmpv.so.2.5.0.p/player_screenshot.c.o
[186/346] Compiling C object libmpv.so.2.5.0.p/stream_cookies.c.o
[187/346] Compiling C object libmpv.so.2.5.0.p/player_clipboard_clipboard-vo.c.o
[188/346] Compiling C object libmpv.so.2.5.0.p/player_sub.c.o
[189/346] Compiling C object libmpv.so.2.5.0.p/stream_network.c.o
[190/346] Compiling C object libmpv.so.2.5.0.p/stream_stream_avdevice.c.o
[191/346] Compiling C object libmpv.so.2.5.0.p/player_video.c.o
[192/346] Compiling C object libmpv.so.2.5.0.p/stream_stream_edl.c.o
[193/346] Compiling C object libmpv.so.2.5.0.p/stream_stream_cb.c.o
[194/346] Compiling C object libmpv.so.2.5.0.p/player_clipboard_clipboard.c.o
[195/346] Compiling C object libmpv.so.2.5.0.p/stream_stream_mf.c.o
[196/346] Compiling C object libmpv.so.2.5.0.p/stream_stream_memory.c.o
[197/346] Compiling C object libmpv.so.2.5.0.p/stream_stream_file.c.o
[198/346] Compiling C object libmpv.so.2.5.0.p/stream_stream_null.c.o
[199/346] Compiling C object libmpv.so.2.5.0.p/stream_stream_bstr.c.o
[200/346] Compiling C object libmpv.so.2.5.0.p/stream_stream_env.c.o
[201/346] Compiling C object libmpv.so.2.5.0.p/stream_stream_slice.c.o
[202/346] Compiling C object libmpv.so.2.5.0.p/stream_stream_concat.c.o
[203/346] Compiling C object libmpv.so.2.5.0.p/stream_stream_mpv.c.o
[204/346] Compiling C object libmpv.so.2.5.0.p/stream_stream_lavf.c.o
[205/346] Compiling C object libmpv.so.2.5.0.p/stream_stream.c.o
[206/346] Compiling C object libmpv.so.2.5.0.p/sub_img_convert.c.o
[207/346] Compiling C object libmpv.so.2.5.0.p/sub_lavc_conv.c.o
[208/346] Compiling C object libmpv.so.2.5.0.p/sub_ass_mp.c.o
[209/346] Compiling C object libmpv.so.2.5.0.p/sub_dec_sub.c.o
[210/346] Compiling C object libmpv.so.2.5.0.p/sub_filter_sdh.c.o
[211/346] Compiling C object libmpv.so.2.5.0.p/sub_packer.c.o
[212/346] Compiling C object libmpv.so.2.5.0.p/sub_osd_libass.c.o
[213/346] Compiling C object libmpv.so.2.5.0.p/video_csputils.c.o
[214/346] Compiling C object libmpv.so.2.5.0.p/sub_osd.c.o
[215/346] Compiling C object libmpv.so.2.5.0.p/player_command.c.o
[216/346] Compiling C object libmpv.so.2.5.0.p/sub_draw_bmp.c.o
[217/346] Compiling C object libmpv.so.2.5.0.p/video_filter_refqueue.c.o
[218/346] Compiling C object libmpv.so.2.5.0.p/video_decode_vd_lavc.c.o
[219/346] Compiling C object libmpv.so.2.5.0.p/video_fmt-conversion.c.o
[220/346] Compiling C object libmpv.so.2.5.0.p/sub_sd_ass.c.o
[221/346] Compiling C object libmpv.so.2.5.0.p/video_filter_vf_sub.c.o
[222/346] Compiling C object libmpv.so.2.5.0.p/video_image_loader.c.o
[223/346] Compiling C object libmpv.so.2.5.0.p/sub_sd_lavc.c.o
[224/346] Compiling C object libmpv.so.2.5.0.p/video_filter_vf_format.c.o
[225/346] Compiling C object libmpv.so.2.5.0.p/video_hwdec.c.o
[226/346] Compiling C object libmpv.so.2.5.0.p/video_image_writer.c.o
[227/346] Compiling C object libmpv.so.2.5.0.p/video_img_format.c.o
[228/346] Compiling C object libmpv.so.2.5.0.p/video_out_dr_helper.c.o
[229/346] Compiling C object libmpv.so.2.5.0.p/video_out_aspect.c.o
[230/346] Compiling C object libmpv.so.2.5.0.p/video_out_bitmap_packer.c.o
[231/346] Compiling C object libmpv.so.2.5.0.p/video_out_dither.c.o
[232/346] Compiling C object libmpv.so.2.5.0.p/video_mp_image_pool.c.o
[233/346] Compiling C object libmpv.so.2.5.0.p/video_out_gpu_error_diffusion.c.o
[234/346] Compiling C object libmpv.so.2.5.0.p/video_out_filter_kernels.c.o
[235/346] Compiling C object libmpv.so.2.5.0.p/video_out_gpu_context.c.o
[236/346] Compiling C object libmpv.so.2.5.0.p/video_out_gpu_lcms.c.o
[237/346] Compiling C object libmpv.so.2.5.0.p/video_out_gpu_spirv.c.o
[238/346] Compiling C object libmpv.so.2.5.0.p/video_out_gpu_osd.c.o
[239/346] Compiling C object libmpv.so.2.5.0.p/video_out_gpu_libmpv_gpu.c.o
[240/346] Compiling C object libmpv.so.2.5.0.p/video_out_gpu_hwdec.c.o
[241/346] Compiling C object libmpv.so.2.5.0.p/video_out_gpu_ra.c.o
[242/346] Compiling C object libmpv.so.2.5.0.p/video_out_gpu_utils.c.o
[243/346] Compiling C object libmpv.so.2.5.0.p/video_out_libmpv_sw.c.o
[244/346] Compiling C object libmpv.so.2.5.0.p/video_mp_image.c.o
[245/346] Compiling C object libmpv.so.2.5.0.p/video_out_gpu_user_shaders.c.o
[246/346] Compiling C object libmpv.so.2.5.0.p/video_out_vo_gpu.c.o
[247/346] Compiling C object libmpv.so.2.5.0.p/video_out_vo_image.c.o
[248/346] Compiling C object libmpv.so.2.5.0.p/video_out_vo_null.c.o
[249/346] Compiling C object libmpv.so.2.5.0.p/video_out_gpu_video_shaders.c.o
[250/346] Compiling C object libmpv.so.2.5.0.p/video_out_vo_lavc.c.o
[251/346] Compiling C object libmpv.so.2.5.0.p/video_out_gpu_shader_cache.c.o
[252/346] Compiling C object libmpv.so.2.5.0.p/video_out_vo_tct.c.o
[253/346] Compiling C object libmpv.so.2.5.0.p/video_out_vo_libmpv.c.o
[254/346] Compiling C object libmpv.so.2.5.0.p/video_out_vo_kitty.c.o
[255/346] Compiling C object libmpv.so.2.5.0.p/video_out_win_state.c.o
[256/346] Compiling C object libmpv.so.2.5.0.p/video_out_vo.c.o
[257/346] Compiling C object libmpv.so.2.5.0.p/osdep_io.c.o
[258/346] Compiling C object libmpv.so.2.5.0.p/osdep_subprocess.c.o
[259/346] Compiling C object libmpv.so.2.5.0.p/video_out_placebo_utils.c.o
[260/346] Compiling C object libmpv.so.2.5.0.p/video_out_gpu_next_context.c.o
[261/346] Compiling C object libmpv.so.2.5.0.p/video_sws_utils.c.o
[262/346] Compiling C object libmpv.so.2.5.0.p/ta_ta_talloc.c.o
[263/346] Compiling C object libmpv.so.2.5.0.p/osdep_timer.c.o
[264/346] Compiling C object libmpv.so.2.5.0.p/ta_ta.c.o
[265/346] Compiling C object libmpv.so.2.5.0.p/video_repack.c.o
[266/346] Compiling C object libmpv.so.2.5.0.p/osdep_threads-posix.c.o
[267/346] Compiling C object libmpv.so.2.5.0.p/video_out_placebo_ra_pl.c.o
[268/346] Compiling C object libmpv.so.2.5.0.p/ta_ta_utils.c.o
[269/346] Compiling C object libmpv.so.2.5.0.p/osdep_poll_wrapper.c.o
[270/346] Compiling C object libmpv.so.2.5.0.p/video_out_gpu_video.c.o
[271/346] Compiling C object libmpv.so.2.5.0.p/input_ipc-unix.c.o
[272/346] Compiling C object libmpv.so.2.5.0.p/osdep_subprocess-posix.c.o
[273/346] Compiling C object libmpv.so.2.5.0.p/sub_filter_regex.c.o
[274/346] Compiling C object libmpv.so.2.5.0.p/osdep_language-posix.c.o
[275/346] Compiling C object libmpv.so.2.5.0.p/osdep_terminal-unix.c.o
[276/346] Compiling C object libmpv.so.2.5.0.p/osdep_path-unix.c.o
[277/346] Compiling C object libmpv.so.2.5.0.p/osdep_timer-linux.c.o
[278/346] Compiling C object libmpv.so.2.5.0.p/osdep_als-linux.c.o
[279/346] Compiling C object libmpv.so.2.5.0.p/demux_avio_crypto.c.o
[280/346] Compiling C object libmpv.so.2.5.0.p/stream_dvb_tune.c.o
[281/346] Compiling C object libmpv.so.2.5.0.p/player_javascript.c.o
[282/346] Compiling C object libmpv.so.2.5.0.p/demux_demux_libarchive.c.o
[283/346] Compiling C object libmpv.so.2.5.0.p/sub_filter_jsre.c.o
[284/346] Compiling C object libmpv.so.2.5.0.p/video_out_vo_gpu_next.c.o
[285/346] Compiling C object libmpv.so.2.5.0.p/stream_stream_curl.c.o
[286/346] Compiling C object libmpv.so.2.5.0.p/stream_stream_dvdnav.c.o
[287/346] Compiling C object libmpv.so.2.5.0.p/audio_filter_af_rubberband.c.o
[288/346] Compiling C object libmpv.so.2.5.0.p/stream_stream_dvb.c.o
[289/346] Compiling C object libmpv.so.2.5.0.p/stream_stream_libarchive.c.o
[290/346] Compiling C object libmpv.so.2.5.0.p/stream_stream_bluray.c.o
[291/346] Compiling C object libmpv.so.2.5.0.p/player_lua.c.o
[292/346] Compiling C object libmpv.so.2.5.0.p/player_clipboard_clipboard-x11.c.o
[293/346] Compiling C object libmpv.so.2.5.0.p/video_zimg.c.o
[294/346] Compiling C object libmpv.so.2.5.0.p/video_filter_vf_fingerprint.c.o
[295/346] Compiling C object libmpv.so.2.5.0.p/audio_out_ao_alsa.c.o
[296/346] Compiling C object libmpv.so.2.5.0.p/video_filter_vf_vapoursynth.c.o
[297/346] Compiling C object libmpv.so.2.5.0.p/audio_out_ao_pulse.c.o
[298/346] Compiling C object libmpv.so.2.5.0.p/video_out_vo_wlshm.c.o
[299/346] Compiling C object libmpv.so.2.5.0.p/video_out_hwdec_dmabuf_interop_wl.c.o
[300/346] Compiling C object libmpv.so.2.5.0.p/video_out_wldmabuf_context_wldmabuf.c.o
[301/346] Compiling C object libmpv.so.2.5.0.p/player_clipboard_clipboard-wayland.c.o
[302/346] Compiling C object libmpv.so.2.5.0.p/video_out_wldmabuf_ra_wldmabuf.c.o
[303/346] Compiling C object libmpv.so.2.5.0.p/video_out_vo_dmabuf_wayland.c.o
[304/346] Compiling C object libmpv.so.2.5.0.p/video_out_present_sync.c.o
[305/346] Compiling C object libmpv.so.2.5.0.p/video_out_opengl_context_wayland.c.o
[306/346] Compiling C object libmpv.so.2.5.0.p/video_out_vo_x11.c.o
[307/346] Compiling C object libmpv.so.2.5.0.p/audio_out_ao_pipewire.c.o
[308/346] Compiling C object libmpv.so.2.5.0.p/video_out_wayland_common.c.o
[309/346] Compiling C object libmpv.so.2.5.0.p/video_out_opengl_context_x11egl.c.o
[310/346] Compiling C object libmpv.so.2.5.0.p/video_out_opengl_egl_helpers.c.o
[311/346] Compiling C object libmpv.so.2.5.0.p/video_out_vo_xv.c.o
[312/346] Compiling C object libmpv.so.2.5.0.p/video_out_opengl_common.c.o
[313/346] Compiling C object libmpv.so.2.5.0.p/video_filter_vf_gpu_egl.c.o
[314/346] Compiling C object libmpv.so.2.5.0.p/video_out_opengl_formats.c.o
[315/346] Compiling C object libmpv.so.2.5.0.p/video_out_opengl_context.c.o
[316/346] Compiling C object libmpv.so.2.5.0.p/video_out_opengl_libmpv_gl.c.o
[317/346] Compiling C object libmpv.so.2.5.0.p/video_out_opengl_utils.c.o
[318/346] Compiling C object libmpv.so.2.5.0.p/video_out_opengl_ra_gl.c.o
[319/346] Compiling C object libmpv.so.2.5.0.p/video_out_x11_common.c.o
[320/346] Compiling C object libmpv.so.2.5.0.p/video_filter_vf_gpu_vulkan.c.o
[321/346] Compiling C object libmpv.so.2.5.0.p/video_out_hwdec_hwdec_vulkan.c.o
[322/346] Compiling C object libmpv.so.2.5.0.p/video_out_vulkan_context_wayland.c.o
[323/346] Compiling C object libmpv.so.2.5.0.p/video_out_vulkan_context_xlib.c.o
[324/346] Compiling C object libmpv.so.2.5.0.p/video_out_vulkan_utils.c.o
[325/346] Compiling C object libmpv.so.2.5.0.p/video_cuda.c.o
[326/346] Compiling C object libmpv.so.2.5.0.p/video_out_vulkan_context.c.o
[327/346] Compiling C object libmpv.so.2.5.0.p/video_filter_vf_gpu.c.o
[328/346] Compiling C object libmpv.so.2.5.0.p/video_out_hwdec_hwdec_cuda_gl.c.o
[329/346] Compiling C object libmpv.so.2.5.0.p/video_out_hwdec_hwdec_cuda_vk.c.o
[330/346] Compiling C object libmpv.so.2.5.0.p/video_vaapi.c.o
[331/346] Compiling C object libmpv.so.2.5.0.p/video_out_hwdec_hwdec_cuda.c.o
[332/346] Compiling C object libmpv.so.2.5.0.p/video_out_vulkan_context_display.c.o
[333/346] Compiling C object libmpv.so.2.5.0.p/video_filter_vf_vavpp.c.o
[334/346] Compiling C object libmpv.so.2.5.0.p/video_out_hwdec_hwdec_vaapi.c.o
[335/346] Compiling C object mpv.p/osdep_main-fn-unix.c.o
[336/346] Compiling C object libmpv.so.2.5.0.p/video_filter_vf_vdpaupp.c.o
[337/346] Compiling C object libmpv.so.2.5.0.p/video_out_vo_vaapi.c.o
[338/346] Compiling C object libmpv.so.2.5.0.p/video_out_hwdec_dmabuf_interop_pl.c.o
[339/346] Compiling C object libmpv.so.2.5.0.p/video_vdpau_mixer.c.o
[340/346] Compiling C object libmpv.so.2.5.0.p/video_out_hwdec_dmabuf_interop_gl.c.o
[341/346] Compiling C object libmpv.so.2.5.0.p/video_vdpau.c.o
[342/346] Compiling C object libmpv.so.2.5.0.p/video_out_vo_vdpau.c.o
[343/346] Linking target libmpv.so.2.5.0
[344/346] Linking target mpv
[345/346] Generating mpv_protocols with a custom command (wrapped by meson to capture output)
[346/346] Generating mpv.desktop with a custom command
INFO: autodetecting backend as ninja
INFO: calculating backend command to run: /opt/vapoursynth-venv/bin/ninja -C /home/tay/builds/app-build-scripts-ubuntu26/mpv-build/mpv/build -j 8
[INFO] Running headless mpv to generate PGO profiling data...
Option vf-remove: item label @svp not found.
Option vf-remove: item label @svp not found.
Option af-toggle: Label audio-tweak not found
Option vf-toggle: Label svp not found
[osd_clock] interval:15m, format:%H:%M
[playlistmanager] auto showamount: 19
[auto_profiles] Applying auto profile: SilenceSkip-inactive
Option af-toggle: Label audio-tweak not found
Option vf-toggle: Label svp not found
● Video  --vid=1  (wrapped_avframe 1920x1080 60 fps)
[dynamic_crop] File loaded.
[autosub] Reactivate external subtitle files:
[autosub] Video is less than 15 minutes
[autosub] => NOT auto-downloading subtitles
VO: [null] 1920x1080 rgb24
V: 00:00:00 / 00:00:00 (0%)
V: 00:00:00 / 00:00:00 (25%)
V: 00:00:00 / 00:00:00 (30%)
V: 00:00:00 / 00:00:00 (36%)
V: 00:00:00 / 00:00:00 (38%)
V: 00:00:00 / 00:00:00 (37%)
V: 00:00:00 / 00:00:00 (38%)
V: 00:00:00 / 00:00:00 (37%)
V: 00:00:00 / 00:00:00 (38%)
V: 00:00:00 / 00:00:00 (37%)
V: 00:00:00 / 00:00:00 (38%)
V: 00:00:00 / 00:00:00 (37%)
V: 00:00:00 / 00:00:00 (38%)
V: 00:00:00 / 00:00:00 (37%)
[mpv_anilist_updater] File name guess: lavfi testsrc=size=1920x1080 rate=60 duration=10 -> {'title': 'lavfi testsrc size', 'screen_size': '1080p', 'aspect_ratio': 1.778, 'episode_title': 'rate', 'episode': [60, 10], 'type': 'episode'}
V: 00:00:00 / 00:00:00 (37%)
[mpv_anilist_updater] Detected multiple episodes: [60, 10]. Picking last one.
V: 00:00:00 / 00:00:00 (37%)
[mpv_anilist_updater] Guessed: lavfi testsrc size 60 - E10 
V: 00:00:00 / 00:00:00 (37%)
[mpv_anilist_updater] ERROR: Couldn't find an anime from this title! (lavfi testsrc size 60). Is it in your list?
V: 00:00:00 / 00:00:00 (37%)
V: 00:00:00 / 00:00:00 (38%)
V: 00:00:00 / 00:00:00 (37%)
V: 00:00:00 / 00:00:01 (38%)
V: 00:00:00 / 00:00:01 (37%)
V: 00:00:00 / 00:00:01 (38%)
V: 00:00:00 / 00:00:01 (39%)
V: 00:00:00 / 00:00:01 (40%)
V: 00:00:00 / 00:00:01 (41%)
V: 00:00:00 / 00:00:01 (42%)
V: 00:00:00 / 00:00:01 (43%)
V: 00:00:00 / 00:00:01 (44%)
V: 00:00:00 / 00:00:01 (45%)
V: 00:00:00 / 00:00:01 (46%)
V: 00:00:00 / 00:00:01 (47%)
V: 00:00:00 / 00:00:01 (48%)
V: 00:00:00 / 00:00:01 (49%)
V: 00:00:00 / 00:00:01 (50%)
V: 00:00:00 / 00:00:01 (51%)
V: 00:00:00 / 00:00:01 (52%)
V: 00:00:00 / 00:00:01 (53%)
V: 00:00:00 / 00:00:01 (54%)
V: 00:00:00 / 00:00:01 (55%)
V: 00:00:00 / 00:00:01 (56%)
V: 00:00:00 / 00:00:01 (57%)
V: 00:00:01 / 00:00:01 (58%)
V: 00:00:01 / 00:00:01 (59%)
V: 00:00:01 / 00:00:01 (60%)
V: 00:00:01 / 00:00:01 (61%)
V: 00:00:01 / 00:00:01 (62%)
V: 00:00:01 / 00:00:01 (63%)
V: 00:00:01 / 00:00:02 (63%)
V: 00:00:01 / 00:00:02 (64%)
V: 00:00:01 / 00:00:02 (65%)
V: 00:00:01 / 00:00:02 (66%)
V: 00:00:01 / 00:00:02 (67%)
V: 00:00:01 / 00:00:02 (68%)
V: 00:00:01 / 00:00:02 (67%)
V: 00:00:01 / 00:00:02 (68%)
V: 00:00:01 / 00:00:02 (69%)
V: 00:00:01 / 00:00:02 (68%)
V: 00:00:01 / 00:00:02 (69%)
V: 00:00:01 / 00:00:02 (70%)
(Paused) V: 00:00:01 / 00:00:02 (70%)
[autoconvert] Converting rgb24 -> yuv444p
(Paused) V: 00:00:01 / 00:00:02 (70%)
V: 00:00:01 / 00:00:02 (70%)
V: 00:00:01 / 00:00:02 (69%)
VO: [null] 1920x1080 yuv420p
V: 00:00:01 / 00:00:02 (69%)
V: 00:00:01 / 00:00:02 (67%)
V: 00:00:01 / 00:00:02 (66%)
V: 00:00:01 / 00:00:02 (67%)
V: 00:00:01 / 00:00:02 (66%)
V: 00:00:01 / 00:00:02 (67%)
V: 00:00:01 / 00:00:02 (68%)
V: 00:00:02 / 00:00:02 (69%)
V: 00:00:02 / 00:00:03 (69%)
V: 00:00:02 / 00:00:03 (70%)
V: 00:00:02 / 00:00:03 (71%)
V: 00:00:02 / 00:00:03 (72%)
V: 00:00:02 / 00:00:03 (73%)
V: 00:00:02 / 00:00:03 (74%)
V: 00:00:02 / 00:00:03 (75%)
V: 00:00:02 / 00:00:03 (76%)
V: 00:00:02 / 00:00:03 (77%)
V: 00:00:02 / 00:00:03 (76%)
V: 00:00:03 / 00:00:03 (77%)
V: 00:00:03 / 00:00:04 (77%)
V: 00:00:03 / 00:00:04 (78%)
V: 00:00:03 / 00:00:04 (77%)
V: 00:00:03 / 00:00:04 (78%)
V: 00:00:03 / 00:00:04 (79%)
V: 00:00:03 / 00:00:04 (80%)
V: 00:00:03 / 00:00:04 (81%)
V: 00:00:04 / 00:00:04 (82%)
V: 00:00:04 / 00:00:04 (81%)
V: 00:00:04 / 00:00:04 (82%)
V: 00:00:04 / 00:00:05 (82%)
V: 00:00:04 / 00:00:05 (83%)
V: 00:00:04 / 00:00:05 (84%)
V: 00:00:05 / 00:00:05 (85%)
V: 00:00:05 / 00:00:06 (85%)
V: 00:00:05 / 00:00:06 (86%)
V: 00:00:05 / 00:00:06 (85%)
V: 00:00:05 / 00:00:06 (86%)
V: 00:00:05 / 00:00:06 (85%)
V: 00:00:05 / 00:00:06 (86%)
V: 00:00:05 / 00:00:06 (87%)
V: 00:00:06 / 00:00:06 (87%)
[mpv_anilist_updater] File name guess: lavfi testsrc=size=1920x1080 rate=60 duration=10 -> {'title': 'lavfi testsrc size', 'screen_size': '1080p', 'aspect_ratio': 1.778, 'episode_title': 'rate', 'episode': [60, 10], 'type': 'episode'}
V: 00:00:06 / 00:00:06 (87%)
[mpv_anilist_updater] Detected multiple episodes: [60, 10]. Picking last one.
V: 00:00:06 / 00:00:06 (87%)
[mpv_anilist_updater] Guessed: lavfi testsrc size 60 - E10 
V: 00:00:06 / 00:00:06 (87%)
[mpv_anilist_updater] ERROR: Couldn't find an anime from this title! (lavfi testsrc size 60). Is it in your list?
V: 00:00:06 / 00:00:06 (87%)
V: 00:00:06 / 00:00:07 (87%)
V: 00:00:06 / 00:00:07 (88%)
V: 00:00:07 / 00:00:07 (88%)
V: 00:00:07 / 00:00:07 (89%)
V: 00:00:07 / 00:00:08 (89%)
V: 00:00:07 / 00:00:08 (90%)
V: 00:00:08 / 00:00:08 (90%)
V: 00:00:08 / 00:00:09 (90%)
V: 00:00:08 / 00:00:09 (91%)
V: 00:00:09 / 00:00:09 (91%)
V: 00:00:09 / 00:00:09 (92%)
V: 00:00:09 / 00:00:09 (93%)
V: 00:00:09 / 00:00:09 (94%)
V: 00:00:09 / 00:00:09 (95%)
V: 00:00:09 / 00:00:09 (96%)
V: 00:00:09 / 00:00:09 (97%)
V: 00:00:09 / 00:00:09 (98%)
V: 00:00:09 / 00:00:09 (99%)
V: 00:00:09 / 00:00:09 (100%)
[dynamic_crop] Meta Stats:
[dynamic_crop] Limit - min/max: 26/26 | counter: 2
[dynamic_crop] Trusted - unique: 1 | offset: X:0 Y:0 
[dynamic_crop] \ w=1920:h=1080:x=0:y=0         | offX=  0 offY=  0 | applied=1 overall=0s accumulated=0s
[dynamic_crop] Buffer - unique: 1 | total: 1 9.766666s | known_ratio: 0 0s
[dynamic_crop] Cleanup...
[dynamic_crop] Done.
Exiting... (End of file)
[INFO] Merging profraw files into profdata...
[INFO] Configuring mpv options (PGO Use Phase)...
[INFO] Rebuilding mpv (PGO Pass 2)...
Using mpv options: -Dlua=luajit -Djavascript=enabled -Dvapoursynth=enabled -Dlibarchive=enabled -Drubberband=enabled -Doptimization=3 -Db_lto=true -Db_pgo=use -Dc_args=-march=native -mtune=native -pipe -Dcpp_args=-march=native -mtune=native -pipe -Dc_link_args=-fuse-ld=lld -Dcpp_link_args=-fuse-ld=lld -Dalsa=enabled -Dpulse=enabled -Dpipewire=enabled
Directory already configured.

Just run your build command (e.g. ninja) and Meson will regenerate as necessary.
Run "meson setup --reconfigure" to force Meson to regenerate.

If build failures persist, run "meson setup --wipe" to rebuild from scratch
using the same options as passed when configuring the build.
ninja: Entering directory `/home/tay/builds/app-build-scripts-ubuntu26/mpv-build/mpv/build'
[0/1] Regenerating build files
The Meson build system
Version: 1.12.0
Source dir: /home/tay/builds/app-build-scripts-ubuntu26/mpv-build/mpv
Build dir: /home/tay/builds/app-build-scripts-ubuntu26/mpv-build/mpv/build
Build type: native build
Project name: mpv
Project version: 0.41.0-UNKNOWN
C compiler for the host machine: clang (clang 21.1.8 "Ubuntu clang version 21.1.8 (6ubuntu1)")
C linker for the host machine: clang ld.lld 21.1.8
Host machine cpu family: x86_64
Host machine cpu: x86_64
Program python3 found: YES (/opt/vapoursynth-venv/bin/python3)
Dependency libavcodec for host machine found: YES 63.8.101 (cached)
Dependency libavfilter for host machine found: YES 12.3.101 (cached)
Dependency libavformat for host machine found: YES 63.6.100 (cached)
Dependency libavutil for host machine found: YES 61.5.100 (cached)
Dependency libswresample for host machine found: YES 7.2.100 (cached)
Dependency libswscale for host machine found: YES 10.2.100 (cached)
Dependency libplacebo for host machine found: YES 7.371.0 (cached)
Dependency libass for host machine found: YES 0.17.5 (cached)
Compiler for C supports arguments -Wdisabled-optimization: YES (cached)
Compiler for C supports arguments -Wempty-body: YES (cached)
Compiler for C supports arguments -Wformat: YES (cached)
Compiler for C supports arguments -Wimplicit-fallthrough: YES (cached)
Compiler for C supports arguments -Woverflow: YES (cached)
Compiler for C supports arguments -Wparentheses: YES (cached)
Compiler for C supports arguments -Wpointer-arith: YES (cached)
Compiler for C supports arguments -Wshadow: YES (cached)
Compiler for C supports arguments -Wundef: YES (cached)
Compiler for C supports arguments -Wvla: YES (cached)
Compiler for C supports arguments -Wno-cast-function-type: YES (cached)
Compiler for C supports arguments -Wno-format-zero-length: YES (cached)
Compiler for C supports arguments -Wno-missing-field-initializers: YES (cached)
Compiler for C supports arguments -Wno-sign-compare: YES (cached)
Compiler for C supports arguments -Wno-switch: YES (cached)
Compiler for C supports arguments -Wno-unused-parameter: YES (cached)
Compiler for C supports arguments -fno-math-errno: YES (cached)
Compiler for C supports arguments -fno-signed-zeros: YES (cached)
Compiler for C supports arguments -fno-trapping-math: YES (cached)
Compiler for C supports arguments -Wmissing-prototypes: YES (cached)
Compiler for C supports arguments -Wstrict-prototypes: YES (cached)
Compiler for C supports arguments -Werror=implicit-function-declaration: YES (cached)
Compiler for C supports arguments -Wno-pointer-sign: YES (cached)
Compiler for C supports arguments -Wformat -Werror=format-security: YES (cached)
Compiler for C supports link arguments -Wl,--nxcompat,--no-seh,--dynamicbase: NO (cached)
Compiler for C supports link arguments -Wl,-z,noexecstack: YES (cached)
Dependency dl for host machine found: YES unknown (cached)
Found pkg-config: YES (/usr/bin/pkg-config) 2.5.1
Found CMake: /usr/bin/cmake (4.2.3)
Run-time dependency subrandr found: NO  (tried pkg-config and cmake)
Library atomic found: YES
Compiler for C supports link arguments -rdynamic: YES (cached)
Dependency threads for host machine found: YES unknown (cached)
Header "pthread.h" has symbol "pthread_condattr_setclock" with dependency threads: YES (cached)
Run-time dependency appleframeworks found: NO  (tried framework)
Checking for function "fork" : YES (cached)
Checking for function "ppoll" : YES (cached)
Checking for function "memrchr" : YES (cached)
Header "sched.h" has symbol "clone" : YES (cached)
Header "unistd.h" has symbol "rfork_thread" : NO (cached)
Library windowsapp skipped: feature uwp disabled
Checking for function "glob" : YES (cached)
Header "sys/vt.h" has symbol "VT_GETMODE" : YES (cached)
Header "dev/wscons/wsdisplay_usl_io.h" has symbol "VT_GETMODE" : NO (cached)
Checking for function "pthread_setname_np" with dependency threads: YES (cached)
Checking for function "fstatfs" : NO (cached)
Checking for function "fstatfs" : YES (cached)
Compiler for C supports function attribute vector_size: YES (cached)
Program /home/tay/builds/app-build-scripts-ubuntu26/mpv-build/mpv/TOOLS/docutils-wrapper.py found: YES (/home/tay/builds/app-build-scripts-ubuntu26/mpv-build/mpv/TOOLS/docutils-wrapper.py)
Program /home/tay/builds/app-build-scripts-ubuntu26/mpv-build/mpv/TOOLS/file2string.py found: YES (/home/tay/builds/app-build-scripts-ubuntu26/mpv-build/mpv/TOOLS/file2string.py)
Program /home/tay/builds/app-build-scripts-ubuntu26/mpv-build/mpv/TOOLS/matroska.py found: YES (/home/tay/builds/app-build-scripts-ubuntu26/mpv-build/mpv/TOOLS/matroska.py)
Program /home/tay/builds/app-build-scripts-ubuntu26/mpv-build/mpv/TOOLS/gen-mpv-desktop.py found: YES (/home/tay/builds/app-build-scripts-ubuntu26/mpv-build/mpv/TOOLS/gen-mpv-desktop.py)
Program git found: YES (/usr/bin/git)
Dependency libcurl for host machine found: YES 8.18.0 (cached)
Run-time dependency libcdio found: NO  (tried pkg-config and cmake)
Run-time dependency libcdio_paranoia found: NO  (tried pkg-config and cmake)
Has header "linux/dvb/frontend.h" : YES (cached)
Dependency dvdnav for host machine found: YES 7.0.0 (cached)
Dependency iconv for host machine found: YES unknown (cached)
Dependency mujs for host machine found: YES 1.3.8 (cached)
Dependency lcms2 for host machine found: YES 2.17 (cached)
Dependency libarchive for host machine found: YES 3.8.5 (cached)
Dependency libavdevice for host machine found: YES 63.2.100 (cached)
Dependency libbluray for host machine found: YES 1.4.1 (cached)
Library m found: YES
Library rt found: YES
Dependency luajit for host machine found: YES 2.1.1761786044 (cached)
Dependency rubberband for host machine found: YES 4.0.0 (cached)
sdl2-config found: NO
Run-time dependency sdl2 found: NO  (tried pkg-config, config-tool and cmake)
Dependency uchardet for host machine found: YES 0.0.8 (cached)
WARNING: Pkg-config error with 'vapoursynth-script': Could not generate cflags for vapoursynth-script:
Package python-3.12-embed was not found in the pkg-config search path.
Perhaps you should add the directory containing `python-3.12-embed.pc'
to the PKG_CONFIG_PATH environment variable
Package 'python-3.12-embed', required by 'vapoursynth-script', not found

Run-time dependency vapoursynth-script found: NO  (tried pkg-config and cmake)
Dependency vapoursynth for host machine found: YES 73 (cached)
Dependency xfixes for host machine found: YES 6.0.0 (cached)
Dependency x11 for host machine found: YES 1.8.13 (cached)
Dependency zimg for host machine found: YES 3.0.6 (cached)
Dependency zlib for host machine found: YES 1.3.1 (cached)
Dependency alsa for host machine found: YES 1.2.15.3 (cached)
Dependency appleframeworks(modules: Foundation, AudioToolbox) for host machine skipped: feature audiounit disabled
Header "AudioToolbox/AudioToolbox.h" has symbol "kAudioUnitSubType_RemoteIO" skipped: feature audiounit disabled
Run-time dependency appleframeworks found: NO  (tried framework)
Run-time dependency appleframeworks found: NO  (tried framework)
Run-time dependency jack found: NO  (tried pkg-config and cmake)
Dependency openal for host machine skipped: feature openal disabled
Header "aaudio/AAudio.h" has symbol "AAudioStream" skipped: feature aaudio disabled
Library OpenSLES found: NO
Header "sys/soundcard.h" has symbol "SNDCTL_DSP_HALT" : NO (cached)
Dependency libpipewire-0.3 for host machine found: YES 1.6.2 (cached)
Dependency libpulse for host machine found: YES 17.0 (cached)
Run-time dependency sndio found: NO  (tried pkg-config and cmake)
Header "audioclient.h" has symbol "IAudioClient" skipped: feature wasapi disabled
Run-time dependency caca found: NO  (tried pkg-config and cmake)
Has header "d3d9.h" skipped: feature direct3d disabled
Dependency libdrm for host machine found: YES 2.4.131 (cached)
Run-time dependency libdisplay-info found: NO  (tried pkg-config and cmake)
Dependency gbm for host machine skipped: feature gbm disabled
Dependency libjpeg for host machine found: YES 2.1.5 (cached)
Dependency shaderc for host machine skipped: feature shaderc disabled
Run-time dependency libsixel found: NO  (tried pkg-config and cmake)
Checking for function "shm_open" : YES (cached)
Dependency spirv-cross-c-shared for host machine skipped: feature spirv-cross disabled
Dependency wayland-client for host machine found: YES 1.24.0 (cached)
Dependency wayland-cursor for host machine found: YES 1.24.0 (cached)
Dependency wayland-protocols for host machine found: YES 1.47 (cached)
Dependency xkbcommon for host machine found: YES 1.13.1 (cached)
Dependency wayland-client for host machine found: YES 1.24.0 (cached)
Has header "linux/input-event-codes.h" with dependency wayland-client: YES (cached)
Program wayland-scanner found: YES 1.24.0 1.24.0 (/usr/bin/wayland-scanner)
Checking for function "memfd_create" : YES (cached)
Dependency x11 for host machine found: YES 1.8.13 (cached)
Dependency xscrnsaver for host machine found: YES 1.2.3 (cached)
Dependency xext for host machine found: YES 1.3.4 (cached)
Dependency xpresent for host machine found: YES 1.0.1 (cached)
Dependency xrandr for host machine found: YES 1.5.4 (cached)
Dependency xv for host machine found: YES 1.0.13 (cached)
Dependency GL for host machine skipped: feature gl-x11 disabled
Library EGL skipped: feature egl-angle-lib disabled
Dependency egl for host machine found: YES 1.5 (cached)
Library EGL skipped: feature egl-android disabled
Dependency wayland-egl for host machine found: YES 18.1.0 (cached)
Dependency vulkan for host machine found: YES 1.4.341 (cached)
Header "vulkan/vulkan_core.h" has symbol "VK_VERSION_1_3" with dependency vulkan: YES (cached)
Checking for function "vkCreateDisplayPlaneSurfaceKHR" with dependency vulkan: YES (cached)
Dependency ffnvcodec for host machine found: YES 12.1.14.0 (cached)
Has header "AMF/core/Factory.h" skipped: feature amf disabled
Header "OpenGLES/ES3/glext.h" has symbol "GL_RGB32F" skipped: feature ios-gl disabled
Dependency libva for host machine found: YES 1.23.0 (cached)
Dependency libva-drm for host machine skipped: feature vaapi-drm disabled
Dependency libva-wayland for host machine found: YES 1.23.0 (cached)
Dependency libva-x11 for host machine found: YES 1.23.0 (cached)
Dependency libva-win32 for host machine skipped: feature vaapi-win32 disabled
Dependency vdpau for host machine found: YES 1.5 (cached)
Dependency appleframeworks(modules: CoreVideo) for host machine skipped: feature videotoolbox-pl disabled
Program xcrun skipped: feature swift-build disabled
Program rst2man rst2man.py found: NO
Program rst2html rst2html.py skipped: feature html-build disabled
Program rst2pdf skipped: feature pdf-build disabled
Configuring config.h using configuration
Message: List of enabled features: alsa build-date clone cplugins cuda-hwaccel cuda-interop dmabuf-interop-gl dmabuf-wayland dvbin dvdnav egl egl-wayland egl-x11 ffmpeg ffnvcodec gl glibc-thread-name glob glob-posix gpl iconv javascript jpeg lcms2 libarchive libass libavdevice libbluray libcurl libdl libplacebo linux-fstatfs luajit memfd-create memrchr pipewire posix posix-shm ppoll pthread-condattr-setclock pulse rubberband rubberband-3 uchardet vaapi vaapi-wayland vaapi-x11 vapoursynth vdpau vector vk-khr-display vt.h vulkan wayland wayland-protocols-1-39 wayland-protocols-1-41 wayland-protocols-1-44 wayland-protocols-1-47 x11 x11-clipboard xv zimg zimg-st428 zlib
Fetching value of define "MPV_CLIENT_API_VERSION" : (((2) << 16) | (5) | 0UL) (cached)
Compiler for C supports link arguments -Wl,-Bsymbolic: YES (cached)
Found pkg-config: YES (/usr/bin/pkg-config) 2.5.1
Build targets in project: 65

mpv 0.41.0-UNKNOWN

    cocoa        : NO
    curl         : YES
    d3d11        : NO
    drm          : NO
    javascript   : YES
    libmpv       : YES
    lua          : YES
    opengl       : YES
    vulkan       : YES
    wayland      : YES
    x11          : YES

  User defined options
    alsa         : enabled
    b_lto        : true
    b_pgo        : use
    buildtype    : release
    c_args       : -march=native -mtune=native -pipe
    c_link_args  : -fuse-ld=lld
    cpp_args     : -march=native -mtune=native -pipe
    cpp_link_args: -fuse-ld=lld
    javascript   : enabled
    libarchive   : enabled
    lua          : luajit
    optimization : 3
    pipewire     : enabled
    pulse        : enabled
    rubberband   : enabled
    vapoursynth  : enabled

Found ninja-1.13.0.git.kitware.jobserver-pipe-1 at /opt/vapoursynth-venv/bin/ninja
Generating targets:   0%|          | 0/65 eta ?                                               Writing build.ninja:   0%|          | 0/376 eta ?                                                 Cleaning... 0 files.
[1/288] Compiling C object video/out/libprotocols.a.p/meson-generated_.._linux-dmabuf-v1.c.o
[2/288] Compiling C object video/out/libprotocols.a.p/meson-generated_.._idle-inhibit-unstable-v1.c.o
[3/288] Compiling C object video/out/libprotocols.a.p/meson-generated_.._viewporter.c.o
[4/288] Compiling C object video/out/libprotocols.a.p/meson-generated_.._xdg-shell.c.o
[5/288] Compiling C object video/out/libprotocols.a.p/meson-generated_.._text-input-unstable-v3.c.o
[6/288] Compiling C object video/out/libprotocols.a.p/meson-generated_.._xdg-decoration-unstable-v1.c.o
[7/288] Compiling C object video/out/libprotocols.a.p/meson-generated_.._presentation-time.c.o
[8/288] Compiling C object video/out/libprotocols.a.p/meson-generated_.._fractional-scale-v1.c.o
[9/288] Compiling C object video/out/libprotocols.a.p/meson-generated_.._single-pixel-buffer-v1.c.o
[10/288] Compiling C object video/out/libprotocols.a.p/meson-generated_.._content-type-v1.c.o
[11/288] Compiling C object video/out/libprotocols.a.p/meson-generated_.._fifo-v1.c.o
[12/288] Compiling C object video/out/libprotocols.a.p/meson-generated_.._color-management-v1.c.o
[13/288] Compiling C object video/out/libprotocols.a.p/meson-generated_.._color-representation-v1.c.o
[14/288] Compiling C object video/out/libprotocols.a.p/meson-generated_.._xdg-activation-v1.c.o
[15/288] Compiling C object mpv.p/osdep_main-fn-unix.c.o
[16/288] Compiling C object video/out/libprotocols.a.p/meson-generated_.._cursor-shape-v1.c.o
[17/288] Compiling C object video/out/libprotocols.a.p/meson-generated_.._ext-data-control-v1.c.o
[18/288] Compiling C object video/out/libprotocols.a.p/meson-generated_.._tablet-unstable-v2.c.o
[19/288] Linking static target video/out/libprotocols.a
[20/288] Generating common/version.h with a custom command (wrapped by meson because command contains newlines)
[21/288] Compiling C object libmpv.so.2.5.0.p/audio_chmap_avchannel.c.o
[22/288] Compiling C object libmpv.so.2.5.0.p/audio_filter_af_format.c.o
[23/288] Compiling C object libmpv.so.2.5.0.p/audio_decode_ad_spdif.c.o
[24/288] Compiling C object libmpv.so.2.5.0.p/audio_filter_af_drop.c.o
[25/288] Compiling C object libmpv.so.2.5.0.p/audio_chmap_sel.c.o
[26/288] Compiling C object libmpv.so.2.5.0.p/audio_decode_ad_lavc.c.o
[27/288] Compiling C object libmpv.so.2.5.0.p/audio_filter_af_lavcac3enc.c.o
[28/288] Compiling C object libmpv.so.2.5.0.p/audio_filter_af_scaletempo2.c.o
[29/288] Compiling C object libmpv.so.2.5.0.p/audio_aframe.c.o
[30/288] Compiling C object libmpv.so.2.5.0.p/audio_format.c.o
[31/288] Compiling C object libmpv.so.2.5.0.p/audio_filter_af_lavfi_tempo.c.o
[32/288] Compiling C object libmpv.so.2.5.0.p/audio_chmap.c.o
[33/288] Compiling C object libmpv.so.2.5.0.p/audio_fmt-conversion.c.o
[34/288] Compiling C object libmpv.so.2.5.0.p/audio_filter_af_scaletempo.c.o
[35/288] Compiling C object libmpv.so.2.5.0.p/audio_out_ao_null.c.o
[36/288] Compiling C object libmpv.so.2.5.0.p/audio_filter_af_scaletempo2_internals.c.o
[37/288] Compiling C object libmpv.so.2.5.0.p/audio_out_ao_lavc.c.o
[38/288] Compiling C object libmpv.so.2.5.0.p/audio_out_ao_pcm.c.o
[39/288] Compiling C object libmpv.so.2.5.0.p/common_codecs.c.o
[40/288] Compiling C object libmpv.so.2.5.0.p/audio_out_ao.c.o
[41/288] Compiling C object libmpv.so.2.5.0.p/common_av_common.c.o
[42/288] Compiling C object libmpv.so.2.5.0.p/common_encode_lavc.c.o
[43/288] Compiling C object libmpv.so.2.5.0.p/common_playlist.c.o
[44/288] Compiling C object libmpv.so.2.5.0.p/common_av_log.c.o
[45/288] Compiling C object libmpv.so.2.5.0.p/common_recorder.c.o
[46/288] Compiling C object libmpv.so.2.5.0.p/audio_out_buffer.c.o
[47/288] Compiling C object libmpv.so.2.5.0.p/common_version.c.o
[48/288] Compiling C object libmpv.so.2.5.0.p/common_msg.c.o
[49/288] Compiling C object libmpv.so.2.5.0.p/common_common.c.o
[50/288] Compiling C object libmpv.so.2.5.0.p/demux_codec_tags.c.o
[51/288] Compiling C object libmpv.so.2.5.0.p/common_tags.c.o
[52/288] Compiling C object libmpv.so.2.5.0.p/common_stats.c.o
[53/288] Compiling C object libmpv.so.2.5.0.p/demux_cue.c.o
[54/288] Compiling C object libmpv.so.2.5.0.p/demux_cache.c.o
[55/288] Compiling C object libmpv.so.2.5.0.p/demux_demux_cue.c.o
[56/288] Compiling C object libmpv.so.2.5.0.p/demux_demux_edl.c.o
[57/288] Compiling C object libmpv.so.2.5.0.p/demux_demux_disc.c.o
[58/288] Compiling C object libmpv.so.2.5.0.p/demux_demux_mf.c.o
[59/288] Compiling C object libmpv.so.2.5.0.p/demux_demux_null.c.o
[60/288] Compiling C object libmpv.so.2.5.0.p/demux_demux_mkv_timeline.c.o
[61/288] Compiling C object libmpv.so.2.5.0.p/demux_demux_mpv.c.o
[62/288] Compiling C object libmpv.so.2.5.0.p/demux_demux_raw.c.o
[63/288] Compiling C object libmpv.so.2.5.0.p/demux_dovi_split.c.o
[64/288] Compiling C object libmpv.so.2.5.0.p/demux_demux_timeline.c.o
[65/288] Compiling C object libmpv.so.2.5.0.p/demux_packet_pool.c.o
[66/288] Compiling C object libmpv.so.2.5.0.p/demux_timeline.c.o
[67/288] Compiling C object libmpv.so.2.5.0.p/demux_demux_lavf.c.o
[68/288] Compiling C object libmpv.so.2.5.0.p/filters_f_async_queue.c.o
[69/288] Compiling C object libmpv.so.2.5.0.p/demux_demux_playlist.c.o
[70/288] Compiling C object libmpv.so.2.5.0.p/demux_demux.c.o
[71/288] Compiling C object libmpv.so.2.5.0.p/demux_ebml.c.o
[72/288] Compiling C object libmpv.so.2.5.0.p/demux_packet.c.o
[73/288] Compiling C object libmpv.so.2.5.0.p/filters_f_auto_filters.c.o
[74/288] Compiling C object libmpv.so.2.5.0.p/filters_f_demux_in.c.o
[75/288] Compiling C object libmpv.so.2.5.0.p/filters_f_autoconvert.c.o
[76/288] Compiling C object libmpv.so.2.5.0.p/filters_f_decoder_wrapper.c.o
[77/288] Compiling C object libmpv.so.2.5.0.p/filters_f_swresample.c.o
[78/288] Compiling C object libmpv.so.2.5.0.p/filters_f_enhancement_pair.c.o
[79/288] Compiling C object libmpv.so.2.5.0.p/demux_demux_mkv.c.o
[80/288] Compiling C object libmpv.so.2.5.0.p/filters_f_lavfi.c.o
[81/288] Compiling C object libmpv.so.2.5.0.p/filters_f_utils.c.o
[82/288] Compiling C object libmpv.so.2.5.0.p/filters_f_hwtransfer.c.o
[83/288] Compiling C object libmpv.so.2.5.0.p/filters_user_filters.c.o
[84/288] Compiling C object libmpv.so.2.5.0.p/filters_filter.c.o
[85/288] Compiling C object libmpv.so.2.5.0.p/filters_f_swscale.c.o
[86/288] Compiling C object libmpv.so.2.5.0.p/filters_f_output_chain.c.o
[87/288] Compiling C object libmpv.so.2.5.0.p/input_dnd.c.o
[88/288] Compiling C object libmpv.so.2.5.0.p/input_keycodes.c.o
[89/288] Compiling C object libmpv.so.2.5.0.p/filters_frame.c.o
[90/288] Compiling C object libmpv.so.2.5.0.p/input_event.c.o
[91/288] Compiling C object libmpv.so.2.5.0.p/input_cmd.c.o
[92/288] Compiling C object libmpv.so.2.5.0.p/misc_bstr.c.o
[93/288] Compiling C object libmpv.so.2.5.0.p/misc_charset_conv.c.o
[94/288] Compiling C object libmpv.so.2.5.0.p/input_ipc.c.o
[95/288] Compiling C object libmpv.so.2.5.0.p/misc_hash.c.o
[96/288] Compiling C object libmpv.so.2.5.0.p/misc_codepoint_width.c.o
[97/288] Compiling C object libmpv.so.2.5.0.p/misc_natural_sort.c.o
[98/288] Compiling C object libmpv.so.2.5.0.p/misc_node.c.o
[99/288] Compiling C object libmpv.so.2.5.0.p/misc_io_utils.c.o
[100/288] Compiling C object libmpv.so.2.5.0.p/input_input.c.o
[101/288] Compiling C object libmpv.so.2.5.0.p/misc_dispatch.c.o
[102/288] Compiling C object libmpv.so.2.5.0.p/misc_json.c.o
[103/288] Compiling C object libmpv.so.2.5.0.p/misc_language.c.o
[104/288] Compiling C object libmpv.so.2.5.0.p/misc_rendezvous.c.o
[105/288] Compiling C object libmpv.so.2.5.0.p/misc_thread_tools.c.o
[106/288] Compiling C object libmpv.so.2.5.0.p/misc_thread_pool.c.o
[107/288] Compiling C object libmpv.so.2.5.0.p/misc_random.c.o
[108/288] Compiling C object libmpv.so.2.5.0.p/misc_path_utils.c.o
[109/288] Compiling C object libmpv.so.2.5.0.p/options_path.c.o
[110/288] Compiling C object libmpv.so.2.5.0.p/options_parse_commandline.c.o
[111/288] Compiling C object libmpv.so.2.5.0.p/options_parse_configfile.c.o
[112/288] Compiling C object libmpv.so.2.5.0.p/options_options.c.o
[113/288] Compiling C object libmpv.so.2.5.0.p/options_m_config_frontend.c.o
[114/288] Compiling C object libmpv.so.2.5.0.p/options_m_config_core.c.o
[115/288] Compiling C object libmpv.so.2.5.0.p/player_external_files.c.o
[116/288] Compiling C object libmpv.so.2.5.0.p/options_m_property.c.o
[117/288] Compiling C object libmpv.so.2.5.0.p/player_configfiles.c.o
[118/288] Compiling C object libmpv.so.2.5.0.p/player_main.c.o
[119/288] Compiling C object libmpv.so.2.5.0.p/player_audio.c.o
[120/288] Compiling C object libmpv.so.2.5.0.p/player_misc.c.o
[121/288] Compiling C object libmpv.so.2.5.0.p/player_osd.c.o
[122/288] Compiling C object libmpv.so.2.5.0.p/player_screenshot.c.o
[123/288] Compiling C object libmpv.so.2.5.0.p/player_playloop.c.o
[124/288] Compiling C object libmpv.so.2.5.0.p/player_sub.c.o
[125/288] Compiling C object libmpv.so.2.5.0.p/player_clipboard_clipboard-vo.c.o
[126/288] Compiling C object libmpv.so.2.5.0.p/player_clipboard_clipboard.c.o
[127/288] Compiling C object libmpv.so.2.5.0.p/player_client.c.o
[128/288] Compiling C object libmpv.so.2.5.0.p/stream_cookies.c.o
[129/288] Compiling C object libmpv.so.2.5.0.p/stream_network.c.o
[130/288] Compiling C object libmpv.so.2.5.0.p/stream_stream_avdevice.c.o
[131/288] Compiling C object libmpv.so.2.5.0.p/options_m_option.c.o
[132/288] Compiling C object libmpv.so.2.5.0.p/player_video.c.o
[133/288] Compiling C object libmpv.so.2.5.0.p/stream_stream_cb.c.o
[134/288] Compiling C object libmpv.so.2.5.0.p/stream_stream_edl.c.o
[135/288] Compiling C object libmpv.so.2.5.0.p/player_scripting.c.o
[136/288] Compiling C object libmpv.so.2.5.0.p/stream_stream_file.c.o
[137/288] Compiling C object libmpv.so.2.5.0.p/stream_stream_memory.c.o
[138/288] Compiling C object libmpv.so.2.5.0.p/stream_stream_mf.c.o
[139/288] Compiling C object libmpv.so.2.5.0.p/stream_stream_lavf.c.o
[140/288] Compiling C object libmpv.so.2.5.0.p/stream_stream_null.c.o
[141/288] Compiling C object libmpv.so.2.5.0.p/stream_stream_mpv.c.o
[142/288] Compiling C object libmpv.so.2.5.0.p/stream_stream_concat.c.o
[143/288] Compiling C object libmpv.so.2.5.0.p/stream_stream.c.o
[144/288] Compiling C object libmpv.so.2.5.0.p/stream_stream_env.c.o
[145/288] Compiling C object libmpv.so.2.5.0.p/player_command.c.o
[146/288] Compiling C object libmpv.so.2.5.0.p/stream_stream_bstr.c.o
[147/288] Compiling C object libmpv.so.2.5.0.p/player_loadfile.c.o
[148/288] Compiling C object libmpv.so.2.5.0.p/sub_ass_mp.c.o
[149/288] Compiling C object libmpv.so.2.5.0.p/stream_stream_slice.c.o
[150/288] Compiling C object libmpv.so.2.5.0.p/sub_img_convert.c.o
[151/288] Compiling C object libmpv.so.2.5.0.p/sub_filter_sdh.c.o
[152/288] Compiling C object libmpv.so.2.5.0.p/sub_lavc_conv.c.o
[153/288] Compiling C object libmpv.so.2.5.0.p/sub_osd_libass.c.o
[154/288] Compiling C object libmpv.so.2.5.0.p/sub_packer.c.o
[155/288] Compiling C object libmpv.so.2.5.0.p/sub_dec_sub.c.o
[156/288] Compiling C object libmpv.so.2.5.0.p/sub_osd.c.o
[157/288] Compiling C object libmpv.so.2.5.0.p/sub_draw_bmp.c.o
[158/288] Compiling C object libmpv.so.2.5.0.p/sub_sd_lavc.c.o
[159/288] Compiling C object libmpv.so.2.5.0.p/video_filter_refqueue.c.o
[160/288] Compiling C object libmpv.so.2.5.0.p/video_filter_vf_sub.c.o
[161/288] Compiling C object libmpv.so.2.5.0.p/video_csputils.c.o
[162/288] Compiling C object libmpv.so.2.5.0.p/video_image_loader.c.o
[163/288] Compiling C object libmpv.so.2.5.0.p/video_hwdec.c.o
[164/288] Compiling C object libmpv.so.2.5.0.p/video_fmt-conversion.c.o
[165/288] Compiling C object libmpv.so.2.5.0.p/video_filter_vf_format.c.o
[166/288] Compiling C object libmpv.so.2.5.0.p/sub_sd_ass.c.o
[167/288] Compiling C object libmpv.so.2.5.0.p/video_out_bitmap_packer.c.o
[168/288] Compiling C object libmpv.so.2.5.0.p/video_decode_vd_lavc.c.o
[169/288] Compiling C object libmpv.so.2.5.0.p/video_image_writer.c.o
[170/288] Compiling C object libmpv.so.2.5.0.p/video_out_dr_helper.c.o
[171/288] Compiling C object libmpv.so.2.5.0.p/video_out_dither.c.o
[172/288] Compiling C object libmpv.so.2.5.0.p/video_out_filter_kernels.c.o
[173/288] Compiling C object libmpv.so.2.5.0.p/video_out_aspect.c.o
[174/288] Compiling C object libmpv.so.2.5.0.p/video_out_gpu_context.c.o
[175/288] Compiling C object libmpv.so.2.5.0.p/video_mp_image.c.o
[176/288] Compiling C object libmpv.so.2.5.0.p/video_mp_image_pool.c.o
[177/288] Compiling C object libmpv.so.2.5.0.p/video_img_format.c.o
[178/288] Compiling C object libmpv.so.2.5.0.p/video_out_gpu_hwdec.c.o
[179/288] Compiling C object libmpv.so.2.5.0.p/video_out_gpu_error_diffusion.c.o
[180/288] Compiling C object libmpv.so.2.5.0.p/video_out_gpu_lcms.c.o
[181/288] Compiling C object libmpv.so.2.5.0.p/video_out_gpu_libmpv_gpu.c.o
[182/288] Compiling C object libmpv.so.2.5.0.p/video_out_gpu_osd.c.o
[183/288] Compiling C object libmpv.so.2.5.0.p/video_out_gpu_ra.c.o
[184/288] Compiling C object libmpv.so.2.5.0.p/video_out_gpu_spirv.c.o
[185/288] Compiling C object libmpv.so.2.5.0.p/video_out_libmpv_sw.c.o
[186/288] Compiling C object libmpv.so.2.5.0.p/video_out_gpu_shader_cache.c.o
[187/288] Compiling C object libmpv.so.2.5.0.p/video_out_vo_image.c.o
[188/288] Compiling C object libmpv.so.2.5.0.p/video_out_gpu_utils.c.o
[189/288] Compiling C object libmpv.so.2.5.0.p/video_out_vo_gpu.c.o
[190/288] Compiling C object libmpv.so.2.5.0.p/video_out_gpu_user_shaders.c.o
[191/288] Compiling C object libmpv.so.2.5.0.p/video_out_gpu_video_shaders.c.o
[192/288] Compiling C object libmpv.so.2.5.0.p/video_out_vo_lavc.c.o
[193/288] Compiling C object libmpv.so.2.5.0.p/video_out_vo_null.c.o
[194/288] Compiling C object libmpv.so.2.5.0.p/video_out_vo_libmpv.c.o
[195/288] Compiling C object libmpv.so.2.5.0.p/video_out_win_state.c.o
[196/288] Compiling C object libmpv.so.2.5.0.p/video_out_vo.c.o
[197/288] Compiling C object libmpv.so.2.5.0.p/video_out_vo_kitty.c.o
[198/288] Compiling C object libmpv.so.2.5.0.p/video_out_vo_tct.c.o
[199/288] Compiling C object libmpv.so.2.5.0.p/video_out_gpu_video.c.o
[200/288] Compiling C object libmpv.so.2.5.0.p/video_out_placebo_ra_pl.c.o
[201/288] Compiling C object libmpv.so.2.5.0.p/osdep_subprocess.c.o
[202/288] Compiling C object libmpv.so.2.5.0.p/osdep_io.c.o
[203/288] Compiling C object libmpv.so.2.5.0.p/osdep_timer.c.o
[204/288] Compiling C object libmpv.so.2.5.0.p/ta_ta_talloc.c.o
[205/288] Compiling C object libmpv.so.2.5.0.p/ta_ta_utils.c.o
[206/288] Compiling C object libmpv.so.2.5.0.p/video_sws_utils.c.o
[207/288] Compiling C object libmpv.so.2.5.0.p/video_out_placebo_utils.c.o
[208/288] Compiling C object libmpv.so.2.5.0.p/osdep_threads-posix.c.o
[209/288] Compiling C object libmpv.so.2.5.0.p/video_out_gpu_next_context.c.o
[210/288] Compiling C object libmpv.so.2.5.0.p/osdep_subprocess-posix.c.o
[211/288] Compiling C object libmpv.so.2.5.0.p/osdep_poll_wrapper.c.o
[212/288] Compiling C object libmpv.so.2.5.0.p/ta_ta.c.o
[213/288] Compiling C object libmpv.so.2.5.0.p/video_repack.c.o
[214/288] Compiling C object libmpv.so.2.5.0.p/video_out_vo_gpu_next.c.o
[215/288] Compiling C object libmpv.so.2.5.0.p/input_ipc-unix.c.o
[216/288] Compiling C object libmpv.so.2.5.0.p/osdep_timer-linux.c.o
[217/288] Compiling C object libmpv.so.2.5.0.p/sub_filter_regex.c.o
[218/288] Compiling C object libmpv.so.2.5.0.p/demux_avio_crypto.c.o
[219/288] Compiling C object libmpv.so.2.5.0.p/osdep_language-posix.c.o
[220/288] Compiling C object libmpv.so.2.5.0.p/stream_dvb_tune.c.o
[221/288] Compiling C object libmpv.so.2.5.0.p/osdep_path-unix.c.o
[222/288] Compiling C object libmpv.so.2.5.0.p/osdep_terminal-unix.c.o
[223/288] Compiling C object libmpv.so.2.5.0.p/stream_stream_dvdnav.c.o
[224/288] Compiling C object libmpv.so.2.5.0.p/osdep_als-linux.c.o
[225/288] Compiling C object libmpv.so.2.5.0.p/stream_stream_dvb.c.o
[226/288] Compiling C object libmpv.so.2.5.0.p/demux_demux_libarchive.c.o
[227/288] Compiling C object libmpv.so.2.5.0.p/stream_stream_curl.c.o
[228/288] Compiling C object libmpv.so.2.5.0.p/stream_stream_bluray.c.o
[229/288] Compiling C object libmpv.so.2.5.0.p/player_javascript.c.o
[230/288] Compiling C object libmpv.so.2.5.0.p/stream_stream_libarchive.c.o
[231/288] Compiling C object libmpv.so.2.5.0.p/sub_filter_jsre.c.o
[232/288] Compiling C object libmpv.so.2.5.0.p/audio_filter_af_rubberband.c.o
[233/288] Compiling C object libmpv.so.2.5.0.p/player_clipboard_clipboard-x11.c.o
[234/288] Compiling C object libmpv.so.2.5.0.p/video_filter_vf_fingerprint.c.o
[235/288] Compiling C object libmpv.so.2.5.0.p/video_filter_vf_vapoursynth.c.o
[236/288] Compiling C object libmpv.so.2.5.0.p/video_zimg.c.o
[237/288] Compiling C object libmpv.so.2.5.0.p/player_clipboard_clipboard-wayland.c.o
[238/288] Compiling C object libmpv.so.2.5.0.p/video_out_vo_wlshm.c.o
[239/288] Compiling C object libmpv.so.2.5.0.p/player_lua.c.o
[240/288] Compiling C object libmpv.so.2.5.0.p/audio_out_ao_pulse.c.o
[241/288] Compiling C object libmpv.so.2.5.0.p/video_out_wldmabuf_context_wldmabuf.c.o
[242/288] Compiling C object libmpv.so.2.5.0.p/video_out_vo_dmabuf_wayland.c.o
[243/288] Compiling C object libmpv.so.2.5.0.p/audio_out_ao_alsa.c.o
[244/288] Compiling C object libmpv.so.2.5.0.p/video_out_hwdec_dmabuf_interop_wl.c.o
[245/288] Compiling C object libmpv.so.2.5.0.p/audio_out_ao_pipewire.c.o
[246/288] Compiling C object libmpv.so.2.5.0.p/video_out_wldmabuf_ra_wldmabuf.c.o
[247/288] Compiling C object libmpv.so.2.5.0.p/video_out_vo_xv.c.o
[248/288] Compiling C object libmpv.so.2.5.0.p/video_out_present_sync.c.o
[249/288] Compiling C object libmpv.so.2.5.0.p/video_out_opengl_context_x11egl.c.o
[250/288] Compiling C object libmpv.so.2.5.0.p/video_out_wayland_common.c.o
[251/288] Compiling C object libmpv.so.2.5.0.p/video_out_opengl_context_wayland.c.o
[252/288] Compiling C object libmpv.so.2.5.0.p/video_out_vo_x11.c.o
[253/288] Compiling C object libmpv.so.2.5.0.p/video_out_opengl_egl_helpers.c.o
[254/288] Compiling C object libmpv.so.2.5.0.p/video_out_opengl_formats.c.o
[255/288] Compiling C object libmpv.so.2.5.0.p/video_out_x11_common.c.o
[256/288] Compiling C object libmpv.so.2.5.0.p/video_filter_vf_gpu_egl.c.o
[257/288] Compiling C object libmpv.so.2.5.0.p/video_out_opengl_context.c.o
[258/288] Compiling C object libmpv.so.2.5.0.p/video_out_opengl_common.c.o
[259/288] Compiling C object libmpv.so.2.5.0.p/video_out_opengl_utils.c.o
[260/288] Compiling C object libmpv.so.2.5.0.p/video_out_opengl_libmpv_gl.c.o
[261/288] Compiling C object libmpv.so.2.5.0.p/video_out_vulkan_context_wayland.c.o
[262/288] Compiling C object libmpv.so.2.5.0.p/video_out_opengl_ra_gl.c.o
[263/288] Compiling C object libmpv.so.2.5.0.p/video_filter_vf_gpu_vulkan.c.o
[264/288] Compiling C object libmpv.so.2.5.0.p/video_out_vulkan_context.c.o
[265/288] Compiling C object libmpv.so.2.5.0.p/video_out_vulkan_context_xlib.c.o
[266/288] Compiling C object libmpv.so.2.5.0.p/video_cuda.c.o
[267/288] Compiling C object libmpv.so.2.5.0.p/video_out_hwdec_hwdec_vulkan.c.o
[268/288] Compiling C object libmpv.so.2.5.0.p/video_out_hwdec_hwdec_cuda.c.o
[269/288] Compiling C object libmpv.so.2.5.0.p/video_out_vulkan_utils.c.o
[270/288] Compiling C object libmpv.so.2.5.0.p/video_out_hwdec_hwdec_cuda_gl.c.o
[271/288] Compiling C object libmpv.so.2.5.0.p/video_filter_vf_gpu.c.o
[272/288] Compiling C object libmpv.so.2.5.0.p/video_vaapi.c.o
[273/288] Compiling C object libmpv.so.2.5.0.p/video_out_hwdec_hwdec_cuda_vk.c.o
[274/288] Compiling C object libmpv.so.2.5.0.p/video_out_vulkan_context_display.c.o
[275/288] Compiling C object libmpv.so.2.5.0.p/video_filter_vf_vavpp.c.o
[276/288] Compiling C object libmpv.so.2.5.0.p/video_out_hwdec_dmabuf_interop_gl.c.o
[277/288] Compiling C object libmpv.so.2.5.0.p/video_out_vo_vaapi.c.o
[278/288] Compiling C object libmpv.so.2.5.0.p/video_filter_vf_vdpaupp.c.o
[279/288] Compiling C object libmpv.so.2.5.0.p/video_out_hwdec_hwdec_vaapi.c.o
[280/288] Compiling C object libmpv.so.2.5.0.p/video_vdpau_mixer.c.o
[281/288] Compiling C object libmpv.so.2.5.0.p/video_out_hwdec_dmabuf_interop_pl.c.o
[282/288] Compiling C object libmpv.so.2.5.0.p/video_out_vo_vdpau.c.o
[283/288] Compiling C object libmpv.so.2.5.0.p/video_vdpau.c.o
[284/288] Linking target mpv
[285/288] Generating mpv_protocols with a custom command (wrapped by meson to capture output)
[286/287] Linking target libmpv.so.2.5.0
INFO: autodetecting backend as ninja
INFO: calculating backend command to run: /opt/vapoursynth-venv/bin/ninja -C /home/tay/builds/app-build-scripts-ubuntu26/mpv-build/mpv/build -j 8
[INFO] Installing PGO-optimized mpv...
ninja: Entering directory `/home/tay/builds/app-build-scripts-ubuntu26/mpv-build/mpv/build'
[1/6] Generating common/version.h with a custom command (wrapped by meson because command contains newlines)
Installing libmpv.so.2.5.0 to /usr/local/lib/x86_64-linux-gnu
Installing mpv to /usr/local/bin
Installing mpv.desktop to /usr/local/share/applications
Installing /home/tay/builds/app-build-scripts-ubuntu26/mpv-build/mpv/include/mpv/client.h to /usr/local/include/mpv
Installing /home/tay/builds/app-build-scripts-ubuntu26/mpv-build/mpv/include/mpv/render.h to /usr/local/include/mpv
Installing /home/tay/builds/app-build-scripts-ubuntu26/mpv-build/mpv/include/mpv/render_gl.h to /usr/local/include/mpv
Installing /home/tay/builds/app-build-scripts-ubuntu26/mpv-build/mpv/include/mpv/stream_cb.h to /usr/local/include/mpv
Installing /home/tay/builds/app-build-scripts-ubuntu26/mpv-build/mpv/build/meson-private/mpv.pc to /usr/local/lib/x86_64-linux-gnu/pkgconfig
Installing /home/tay/builds/app-build-scripts-ubuntu26/mpv-build/mpv/etc/mpv.conf to /usr/local/share/doc/mpv
Installing /home/tay/builds/app-build-scripts-ubuntu26/mpv-build/mpv/etc/encoding-profiles.conf to /usr/local/share/doc/mpv
Installing /home/tay/builds/app-build-scripts-ubuntu26/mpv-build/mpv/etc/input.conf to /usr/local/share/doc/mpv
Installing /home/tay/builds/app-build-scripts-ubuntu26/mpv-build/mpv/etc/mplayer-input.conf to /usr/local/share/doc/mpv
Installing /home/tay/builds/app-build-scripts-ubuntu26/mpv-build/mpv/etc/restore-old-bindings.conf to /usr/local/share/doc/mpv
Installing /home/tay/builds/app-build-scripts-ubuntu26/mpv-build/mpv/etc/restore-osc-bindings.conf to /usr/local/share/doc/mpv
Installing /home/tay/builds/app-build-scripts-ubuntu26/mpv-build/mpv/etc/mpv.bash-completion to /usr/local/share/bash-completion/completions
Installing /home/tay/builds/app-build-scripts-ubuntu26/mpv-build/mpv/etc/_mpv.zsh to /usr/local/share/zsh/site-functions
Installing /home/tay/builds/app-build-scripts-ubuntu26/mpv-build/mpv/etc/mpv.fish to /usr/local/share/fish/vendor_completions.d
Installing /home/tay/builds/app-build-scripts-ubuntu26/mpv-build/mpv/etc/mpv.metainfo.xml to /usr/local/share/metainfo
Installing /home/tay/builds/app-build-scripts-ubuntu26/mpv-build/mpv/etc/mpv-icon-8bit-16x16.png to /usr/local/share/icons/hicolor/16x16/apps
Installing /home/tay/builds/app-build-scripts-ubuntu26/mpv-build/mpv/etc/mpv-icon-8bit-32x32.png to /usr/local/share/icons/hicolor/32x32/apps
Installing /home/tay/builds/app-build-scripts-ubuntu26/mpv-build/mpv/etc/mpv-icon-8bit-64x64.png to /usr/local/share/icons/hicolor/64x64/apps
Installing /home/tay/builds/app-build-scripts-ubuntu26/mpv-build/mpv/etc/mpv-icon-8bit-128x128.png to /usr/local/share/icons/hicolor/128x128/apps
Installing /home/tay/builds/app-build-scripts-ubuntu26/mpv-build/mpv/etc/mpv-gradient.svg to /usr/local/share/icons/hicolor/scalable/apps
Installing /home/tay/builds/app-build-scripts-ubuntu26/mpv-build/mpv/etc/mpv-symbolic.svg to /usr/local/share/icons/hicolor/symbolic/apps
Installing symlink pointing to libmpv.so.2.5.0 to /usr/local/lib/x86_64-linux-gnu/libmpv.so.2
Installing symlink pointing to libmpv.so.2 to /usr/local/lib/x86_64-linux-gnu/libmpv.so
[INFO] Setting up jemalloc and VapourSynth python env wrapper for mpv...
[INFO] Installing compiled FFmpeg to PATH...
make: Entering directory '/home/tay/builds/app-build-scripts-ubuntu26/mpv-build/ffmpeg_build'
INSTALL	ffmpeg -> /home/tay/builds/app-build-scripts-ubuntu26/mpv-build/build_libs/bin
INSTALL	ffprobe -> /home/tay/builds/app-build-scripts-ubuntu26/mpv-build/build_libs/bin
INSTALL	presets/libvpx-1080p50_60.ffpreset -> /home/tay/builds/app-build-scripts-ubuntu26/mpv-build/build_libs/share/ffmpeg
INSTALL	presets/libvpx-1080p.ffpreset -> /home/tay/builds/app-build-scripts-ubuntu26/mpv-build/build_libs/share/ffmpeg
INSTALL	presets/libvpx-360p.ffpreset -> /home/tay/builds/app-build-scripts-ubuntu26/mpv-build/build_libs/share/ffmpeg
INSTALL	presets/libvpx-720p50_60.ffpreset -> /home/tay/builds/app-build-scripts-ubuntu26/mpv-build/build_libs/share/ffmpeg
INSTALL	presets/libvpx-720p.ffpreset -> /home/tay/builds/app-build-scripts-ubuntu26/mpv-build/build_libs/share/ffmpeg
INSTALL	doc/ffprobe.xsd -> /home/tay/builds/app-build-scripts-ubuntu26/mpv-build/build_libs/share/ffmpeg
INSTALL	doc/examples/avio_http_serve_files.c -> /home/tay/builds/app-build-scripts-ubuntu26/mpv-build/build_libs/share/ffmpeg/examples
INSTALL	doc/examples/avio_list_dir.c -> /home/tay/builds/app-build-scripts-ubuntu26/mpv-build/build_libs/share/ffmpeg/examples
INSTALL	doc/examples/avio_read_callback.c -> /home/tay/builds/app-build-scripts-ubuntu26/mpv-build/build_libs/share/ffmpeg/examples
INSTALL	doc/examples/decode_audio.c -> /home/tay/builds/app-build-scripts-ubuntu26/mpv-build/build_libs/share/ffmpeg/examples
INSTALL	doc/examples/decode_filter_audio.c -> /home/tay/builds/app-build-scripts-ubuntu26/mpv-build/build_libs/share/ffmpeg/examples
INSTALL	doc/examples/decode_filter_video.c -> /home/tay/builds/app-build-scripts-ubuntu26/mpv-build/build_libs/share/ffmpeg/examples
INSTALL	doc/examples/decode_video.c -> /home/tay/builds/app-build-scripts-ubuntu26/mpv-build/build_libs/share/ffmpeg/examples
INSTALL	doc/examples/demux_decode.c -> /home/tay/builds/app-build-scripts-ubuntu26/mpv-build/build_libs/share/ffmpeg/examples
INSTALL	doc/examples/encode_audio.c -> /home/tay/builds/app-build-scripts-ubuntu26/mpv-build/build_libs/share/ffmpeg/examples
INSTALL	doc/examples/encode_video.c -> /home/tay/builds/app-build-scripts-ubuntu26/mpv-build/build_libs/share/ffmpeg/examples
INSTALL	doc/examples/extract_mvs.c -> /home/tay/builds/app-build-scripts-ubuntu26/mpv-build/build_libs/share/ffmpeg/examples
INSTALL	doc/examples/filter_audio.c -> /home/tay/builds/app-build-scripts-ubuntu26/mpv-build/build_libs/share/ffmpeg/examples
INSTALL	doc/examples/hw_decode.c -> /home/tay/builds/app-build-scripts-ubuntu26/mpv-build/build_libs/share/ffmpeg/examples
INSTALL	doc/examples/mux.c -> /home/tay/builds/app-build-scripts-ubuntu26/mpv-build/build_libs/share/ffmpeg/examples
INSTALL	doc/examples/qsv_decode.c -> /home/tay/builds/app-build-scripts-ubuntu26/mpv-build/build_libs/share/ffmpeg/examples
INSTALL	doc/examples/qsv_transcode.c -> /home/tay/builds/app-build-scripts-ubuntu26/mpv-build/build_libs/share/ffmpeg/examples
INSTALL	doc/examples/remux.c -> /home/tay/builds/app-build-scripts-ubuntu26/mpv-build/build_libs/share/ffmpeg/examples
INSTALL	doc/examples/resample_audio.c -> /home/tay/builds/app-build-scripts-ubuntu26/mpv-build/build_libs/share/ffmpeg/examples
INSTALL	doc/examples/scale_video.c -> /home/tay/builds/app-build-scripts-ubuntu26/mpv-build/build_libs/share/ffmpeg/examples
INSTALL	doc/examples/show_metadata.c -> /home/tay/builds/app-build-scripts-ubuntu26/mpv-build/build_libs/share/ffmpeg/examples
INSTALL	doc/examples/transcode_aac.c -> /home/tay/builds/app-build-scripts-ubuntu26/mpv-build/build_libs/share/ffmpeg/examples
INSTALL	doc/examples/transcode.c -> /home/tay/builds/app-build-scripts-ubuntu26/mpv-build/build_libs/share/ffmpeg/examples
INSTALL	doc/examples/vaapi_encode.c -> /home/tay/builds/app-build-scripts-ubuntu26/mpv-build/build_libs/share/ffmpeg/examples
INSTALL	doc/examples/vaapi_transcode.c -> /home/tay/builds/app-build-scripts-ubuntu26/mpv-build/build_libs/share/ffmpeg/examples
INSTALL	doc/examples/README -> /home/tay/builds/app-build-scripts-ubuntu26/mpv-build/build_libs/share/ffmpeg/examples
INSTALL	doc/examples/Makefile -> /home/tay/builds/app-build-scripts-ubuntu26/mpv-build/build_libs/share/ffmpeg/examples
INSTALL	doc/examples/Makefile.example -> /home/tay/builds/app-build-scripts-ubuntu26/mpv-build/build_libs/share/ffmpeg/examples/Makefile
INSTALL	libavdevice/libavdevice.a -> /home/tay/builds/app-build-scripts-ubuntu26/mpv-build/build_libs/lib
INSTALL	libavfilter/libavfilter.a -> /home/tay/builds/app-build-scripts-ubuntu26/mpv-build/build_libs/lib
INSTALL	libavformat/libavformat.a -> /home/tay/builds/app-build-scripts-ubuntu26/mpv-build/build_libs/lib
INSTALL	libavcodec/libavcodec.a -> /home/tay/builds/app-build-scripts-ubuntu26/mpv-build/build_libs/lib
INSTALL	libswresample/libswresample.a -> /home/tay/builds/app-build-scripts-ubuntu26/mpv-build/build_libs/lib
INSTALL	libswscale/libswscale.a -> /home/tay/builds/app-build-scripts-ubuntu26/mpv-build/build_libs/lib
INSTALL	libavutil/libavutil.a -> /home/tay/builds/app-build-scripts-ubuntu26/mpv-build/build_libs/lib
INSTALL	libavdevice/avdevice.h -> /home/tay/builds/app-build-scripts-ubuntu26/mpv-build/build_libs/include/libavdevice
INSTALL	libavdevice/version.h -> /home/tay/builds/app-build-scripts-ubuntu26/mpv-build/build_libs/include/libavdevice
INSTALL	libavdevice/version_major.h -> /home/tay/builds/app-build-scripts-ubuntu26/mpv-build/build_libs/include/libavdevice
INSTALL	libavdevice/libavdevice.pc -> /home/tay/builds/app-build-scripts-ubuntu26/mpv-build/build_libs/lib/pkgconfig
INSTALL	libavfilter/avfilter.h -> /home/tay/builds/app-build-scripts-ubuntu26/mpv-build/build_libs/include/libavfilter
INSTALL	libavfilter/buffersink.h -> /home/tay/builds/app-build-scripts-ubuntu26/mpv-build/build_libs/include/libavfilter
INSTALL	libavfilter/buffersrc.h -> /home/tay/builds/app-build-scripts-ubuntu26/mpv-build/build_libs/include/libavfilter
INSTALL	libavfilter/version.h -> /home/tay/builds/app-build-scripts-ubuntu26/mpv-build/build_libs/include/libavfilter
INSTALL	libavfilter/version_major.h -> /home/tay/builds/app-build-scripts-ubuntu26/mpv-build/build_libs/include/libavfilter
INSTALL	libavfilter/libavfilter.pc -> /home/tay/builds/app-build-scripts-ubuntu26/mpv-build/build_libs/lib/pkgconfig
INSTALL	libavformat/avformat.h -> /home/tay/builds/app-build-scripts-ubuntu26/mpv-build/build_libs/include/libavformat
INSTALL	libavformat/avio.h -> /home/tay/builds/app-build-scripts-ubuntu26/mpv-build/build_libs/include/libavformat
INSTALL	libavformat/version.h -> /home/tay/builds/app-build-scripts-ubuntu26/mpv-build/build_libs/include/libavformat
INSTALL	libavformat/version_major.h -> /home/tay/builds/app-build-scripts-ubuntu26/mpv-build/build_libs/include/libavformat
INSTALL	libavformat/libavformat.pc -> /home/tay/builds/app-build-scripts-ubuntu26/mpv-build/build_libs/lib/pkgconfig
INSTALL	libavcodec/ac3_parser.h -> /home/tay/builds/app-build-scripts-ubuntu26/mpv-build/build_libs/include/libavcodec
INSTALL	libavcodec/adts_parser.h -> /home/tay/builds/app-build-scripts-ubuntu26/mpv-build/build_libs/include/libavcodec
INSTALL	libavcodec/avcodec.h -> /home/tay/builds/app-build-scripts-ubuntu26/mpv-build/build_libs/include/libavcodec
INSTALL	libavcodec/avdct.h -> /home/tay/builds/app-build-scripts-ubuntu26/mpv-build/build_libs/include/libavcodec
INSTALL	libavcodec/bsf.h -> /home/tay/builds/app-build-scripts-ubuntu26/mpv-build/build_libs/include/libavcodec
INSTALL	libavcodec/codec.h -> /home/tay/builds/app-build-scripts-ubuntu26/mpv-build/build_libs/include/libavcodec
INSTALL	libavcodec/codec_desc.h -> /home/tay/builds/app-build-scripts-ubuntu26/mpv-build/build_libs/include/libavcodec
INSTALL	libavcodec/codec_id.h -> /home/tay/builds/app-build-scripts-ubuntu26/mpv-build/build_libs/include/libavcodec
INSTALL	libavcodec/codec_par.h -> /home/tay/builds/app-build-scripts-ubuntu26/mpv-build/build_libs/include/libavcodec
INSTALL	libavcodec/d3d11va.h -> /home/tay/builds/app-build-scripts-ubuntu26/mpv-build/build_libs/include/libavcodec
INSTALL	libavcodec/defs.h -> /home/tay/builds/app-build-scripts-ubuntu26/mpv-build/build_libs/include/libavcodec
INSTALL	libavcodec/dirac.h -> /home/tay/builds/app-build-scripts-ubuntu26/mpv-build/build_libs/include/libavcodec
INSTALL	libavcodec/dv_profile.h -> /home/tay/builds/app-build-scripts-ubuntu26/mpv-build/build_libs/include/libavcodec
INSTALL	libavcodec/dxva2.h -> /home/tay/builds/app-build-scripts-ubuntu26/mpv-build/build_libs/include/libavcodec
INSTALL	libavcodec/exif.h -> /home/tay/builds/app-build-scripts-ubuntu26/mpv-build/build_libs/include/libavcodec
INSTALL	libavcodec/jni.h -> /home/tay/builds/app-build-scripts-ubuntu26/mpv-build/build_libs/include/libavcodec
INSTALL	libavcodec/mediacodec.h -> /home/tay/builds/app-build-scripts-ubuntu26/mpv-build/build_libs/include/libavcodec
INSTALL	libavcodec/packet.h -> /home/tay/builds/app-build-scripts-ubuntu26/mpv-build/build_libs/include/libavcodec
INSTALL	libavcodec/qsv.h -> /home/tay/builds/app-build-scripts-ubuntu26/mpv-build/build_libs/include/libavcodec
INSTALL	libavcodec/smpte_436m.h -> /home/tay/builds/app-build-scripts-ubuntu26/mpv-build/build_libs/include/libavcodec
INSTALL	libavcodec/vdpau.h -> /home/tay/builds/app-build-scripts-ubuntu26/mpv-build/build_libs/include/libavcodec
INSTALL	libavcodec/version.h -> /home/tay/builds/app-build-scripts-ubuntu26/mpv-build/build_libs/include/libavcodec
INSTALL	libavcodec/version_major.h -> /home/tay/builds/app-build-scripts-ubuntu26/mpv-build/build_libs/include/libavcodec
INSTALL	libavcodec/videotoolbox.h -> /home/tay/builds/app-build-scripts-ubuntu26/mpv-build/build_libs/include/libavcodec
INSTALL	libavcodec/vorbis_parser.h -> /home/tay/builds/app-build-scripts-ubuntu26/mpv-build/build_libs/include/libavcodec
INSTALL	libavcodec/libavcodec.pc -> /home/tay/builds/app-build-scripts-ubuntu26/mpv-build/build_libs/lib/pkgconfig
INSTALL	libswresample/swresample.h -> /home/tay/builds/app-build-scripts-ubuntu26/mpv-build/build_libs/include/libswresample
INSTALL	libswresample/version.h -> /home/tay/builds/app-build-scripts-ubuntu26/mpv-build/build_libs/include/libswresample
INSTALL	libswresample/version_major.h -> /home/tay/builds/app-build-scripts-ubuntu26/mpv-build/build_libs/include/libswresample
INSTALL	libswresample/libswresample.pc -> /home/tay/builds/app-build-scripts-ubuntu26/mpv-build/build_libs/lib/pkgconfig
INSTALL	libswscale/swscale.h -> /home/tay/builds/app-build-scripts-ubuntu26/mpv-build/build_libs/include/libswscale
INSTALL	libswscale/version.h -> /home/tay/builds/app-build-scripts-ubuntu26/mpv-build/build_libs/include/libswscale
INSTALL	libswscale/version_major.h -> /home/tay/builds/app-build-scripts-ubuntu26/mpv-build/build_libs/include/libswscale
INSTALL	libswscale/libswscale.pc -> /home/tay/builds/app-build-scripts-ubuntu26/mpv-build/build_libs/lib/pkgconfig
INSTALL	libavutil/adler32.h -> /home/tay/builds/app-build-scripts-ubuntu26/mpv-build/build_libs/include/libavutil
INSTALL	libavutil/aes.h -> /home/tay/builds/app-build-scripts-ubuntu26/mpv-build/build_libs/include/libavutil
INSTALL	libavutil/aes_ctr.h -> /home/tay/builds/app-build-scripts-ubuntu26/mpv-build/build_libs/include/libavutil
INSTALL	libavutil/ambient_viewing_environment.h -> /home/tay/builds/app-build-scripts-ubuntu26/mpv-build/build_libs/include/libavutil
INSTALL	libavutil/attributes.h -> /home/tay/builds/app-build-scripts-ubuntu26/mpv-build/build_libs/include/libavutil
INSTALL	libavutil/audio_fifo.h -> /home/tay/builds/app-build-scripts-ubuntu26/mpv-build/build_libs/include/libavutil
INSTALL	libavutil/avassert.h -> /home/tay/builds/app-build-scripts-ubuntu26/mpv-build/build_libs/include/libavutil
INSTALL	libavutil/avstring.h -> /home/tay/builds/app-build-scripts-ubuntu26/mpv-build/build_libs/include/libavutil
INSTALL	libavutil/avutil.h -> /home/tay/builds/app-build-scripts-ubuntu26/mpv-build/build_libs/include/libavutil
INSTALL	libavutil/base64.h -> /home/tay/builds/app-build-scripts-ubuntu26/mpv-build/build_libs/include/libavutil
INSTALL	libavutil/blowfish.h -> /home/tay/builds/app-build-scripts-ubuntu26/mpv-build/build_libs/include/libavutil
INSTALL	libavutil/bprint.h -> /home/tay/builds/app-build-scripts-ubuntu26/mpv-build/build_libs/include/libavutil
INSTALL	libavutil/bswap.h -> /home/tay/builds/app-build-scripts-ubuntu26/mpv-build/build_libs/include/libavutil
INSTALL	libavutil/buffer.h -> /home/tay/builds/app-build-scripts-ubuntu26/mpv-build/build_libs/include/libavutil
INSTALL	libavutil/cast5.h -> /home/tay/builds/app-build-scripts-ubuntu26/mpv-build/build_libs/include/libavutil
INSTALL	libavutil/camellia.h -> /home/tay/builds/app-build-scripts-ubuntu26/mpv-build/build_libs/include/libavutil
INSTALL	libavutil/channel_layout.h -> /home/tay/builds/app-build-scripts-ubuntu26/mpv-build/build_libs/include/libavutil
INSTALL	libavutil/common.h -> /home/tay/builds/app-build-scripts-ubuntu26/mpv-build/build_libs/include/libavutil
INSTALL	libavutil/container_fifo.h -> /home/tay/builds/app-build-scripts-ubuntu26/mpv-build/build_libs/include/libavutil
INSTALL	libavutil/cpu.h -> /home/tay/builds/app-build-scripts-ubuntu26/mpv-build/build_libs/include/libavutil
INSTALL	libavutil/crc.h -> /home/tay/builds/app-build-scripts-ubuntu26/mpv-build/build_libs/include/libavutil
INSTALL	libavutil/csp.h -> /home/tay/builds/app-build-scripts-ubuntu26/mpv-build/build_libs/include/libavutil
INSTALL	libavutil/des.h -> /home/tay/builds/app-build-scripts-ubuntu26/mpv-build/build_libs/include/libavutil
INSTALL	libavutil/detection_bbox.h -> /home/tay/builds/app-build-scripts-ubuntu26/mpv-build/build_libs/include/libavutil
INSTALL	libavutil/dict.h -> /home/tay/builds/app-build-scripts-ubuntu26/mpv-build/build_libs/include/libavutil
INSTALL	libavutil/display.h -> /home/tay/builds/app-build-scripts-ubuntu26/mpv-build/build_libs/include/libavutil
INSTALL	libavutil/dovi_meta.h -> /home/tay/builds/app-build-scripts-ubuntu26/mpv-build/build_libs/include/libavutil
INSTALL	libavutil/downmix_info.h -> /home/tay/builds/app-build-scripts-ubuntu26/mpv-build/build_libs/include/libavutil
INSTALL	libavutil/encryption_info.h -> /home/tay/builds/app-build-scripts-ubuntu26/mpv-build/build_libs/include/libavutil
INSTALL	libavutil/error.h -> /home/tay/builds/app-build-scripts-ubuntu26/mpv-build/build_libs/include/libavutil
INSTALL	libavutil/eval.h -> /home/tay/builds/app-build-scripts-ubuntu26/mpv-build/build_libs/include/libavutil
INSTALL	libavutil/executor.h -> /home/tay/builds/app-build-scripts-ubuntu26/mpv-build/build_libs/include/libavutil
INSTALL	libavutil/fifo.h -> /home/tay/builds/app-build-scripts-ubuntu26/mpv-build/build_libs/include/libavutil
INSTALL	libavutil/file.h -> /home/tay/builds/app-build-scripts-ubuntu26/mpv-build/build_libs/include/libavutil
INSTALL	libavutil/film_grain_params.h -> /home/tay/builds/app-build-scripts-ubuntu26/mpv-build/build_libs/include/libavutil
INSTALL	libavutil/frame.h -> /home/tay/builds/app-build-scripts-ubuntu26/mpv-build/build_libs/include/libavutil
INSTALL	libavutil/hash.h -> /home/tay/builds/app-build-scripts-ubuntu26/mpv-build/build_libs/include/libavutil
INSTALL	libavutil/hdr_dynamic_metadata.h -> /home/tay/builds/app-build-scripts-ubuntu26/mpv-build/build_libs/include/libavutil
INSTALL	libavutil/hdr_dynamic_vivid_metadata.h -> /home/tay/builds/app-build-scripts-ubuntu26/mpv-build/build_libs/include/libavutil
INSTALL	libavutil/hmac.h -> /home/tay/builds/app-build-scripts-ubuntu26/mpv-build/build_libs/include/libavutil
INSTALL	libavutil/hwcontext.h -> /home/tay/builds/app-build-scripts-ubuntu26/mpv-build/build_libs/include/libavutil
INSTALL	libavutil/hwcontext_cuda.h -> /home/tay/builds/app-build-scripts-ubuntu26/mpv-build/build_libs/include/libavutil
INSTALL	libavutil/hwcontext_d3d11va.h -> /home/tay/builds/app-build-scripts-ubuntu26/mpv-build/build_libs/include/libavutil
INSTALL	libavutil/hwcontext_d3d12va.h -> /home/tay/builds/app-build-scripts-ubuntu26/mpv-build/build_libs/include/libavutil
INSTALL	libavutil/hwcontext_drm.h -> /home/tay/builds/app-build-scripts-ubuntu26/mpv-build/build_libs/include/libavutil
INSTALL	libavutil/hwcontext_dxva2.h -> /home/tay/builds/app-build-scripts-ubuntu26/mpv-build/build_libs/include/libavutil
INSTALL	libavutil/hwcontext_amf.h -> /home/tay/builds/app-build-scripts-ubuntu26/mpv-build/build_libs/include/libavutil
INSTALL	libavutil/hwcontext_qsv.h -> /home/tay/builds/app-build-scripts-ubuntu26/mpv-build/build_libs/include/libavutil
INSTALL	libavutil/hwcontext_mediacodec.h -> /home/tay/builds/app-build-scripts-ubuntu26/mpv-build/build_libs/include/libavutil
INSTALL	libavutil/hwcontext_opencl.h -> /home/tay/builds/app-build-scripts-ubuntu26/mpv-build/build_libs/include/libavutil
INSTALL	libavutil/hwcontext_oh.h -> /home/tay/builds/app-build-scripts-ubuntu26/mpv-build/build_libs/include/libavutil
INSTALL	libavutil/hwcontext_vaapi.h -> /home/tay/builds/app-build-scripts-ubuntu26/mpv-build/build_libs/include/libavutil
INSTALL	libavutil/hwcontext_videotoolbox.h -> /home/tay/builds/app-build-scripts-ubuntu26/mpv-build/build_libs/include/libavutil
INSTALL	libavutil/hwcontext_vdpau.h -> /home/tay/builds/app-build-scripts-ubuntu26/mpv-build/build_libs/include/libavutil
INSTALL	libavutil/hwcontext_vulkan.h -> /home/tay/builds/app-build-scripts-ubuntu26/mpv-build/build_libs/include/libavutil
INSTALL	libavutil/iamf.h -> /home/tay/builds/app-build-scripts-ubuntu26/mpv-build/build_libs/include/libavutil
INSTALL	libavutil/imgutils.h -> /home/tay/builds/app-build-scripts-ubuntu26/mpv-build/build_libs/include/libavutil
INSTALL	libavutil/intfloat.h -> /home/tay/builds/app-build-scripts-ubuntu26/mpv-build/build_libs/include/libavutil
INSTALL	libavutil/intreadwrite.h -> /home/tay/builds/app-build-scripts-ubuntu26/mpv-build/build_libs/include/libavutil
INSTALL	libavutil/lfg.h -> /home/tay/builds/app-build-scripts-ubuntu26/mpv-build/build_libs/include/libavutil
INSTALL	libavutil/log.h -> /home/tay/builds/app-build-scripts-ubuntu26/mpv-build/build_libs/include/libavutil
INSTALL	libavutil/lzo.h -> /home/tay/builds/app-build-scripts-ubuntu26/mpv-build/build_libs/include/libavutil
INSTALL	libavutil/macros.h -> /home/tay/builds/app-build-scripts-ubuntu26/mpv-build/build_libs/include/libavutil
INSTALL	libavutil/mathematics.h -> /home/tay/builds/app-build-scripts-ubuntu26/mpv-build/build_libs/include/libavutil
INSTALL	libavutil/mastering_display_metadata.h -> /home/tay/builds/app-build-scripts-ubuntu26/mpv-build/build_libs/include/libavutil
INSTALL	libavutil/md5.h -> /home/tay/builds/app-build-scripts-ubuntu26/mpv-build/build_libs/include/libavutil
INSTALL	libavutil/mem.h -> /home/tay/builds/app-build-scripts-ubuntu26/mpv-build/build_libs/include/libavutil
INSTALL	libavutil/motion_vector.h -> /home/tay/builds/app-build-scripts-ubuntu26/mpv-build/build_libs/include/libavutil
INSTALL	libavutil/murmur3.h -> /home/tay/builds/app-build-scripts-ubuntu26/mpv-build/build_libs/include/libavutil
INSTALL	libavutil/opt.h -> /home/tay/builds/app-build-scripts-ubuntu26/mpv-build/build_libs/include/libavutil
INSTALL	libavutil/parseutils.h -> /home/tay/builds/app-build-scripts-ubuntu26/mpv-build/build_libs/include/libavutil
INSTALL	libavutil/pixdesc.h -> /home/tay/builds/app-build-scripts-ubuntu26/mpv-build/build_libs/include/libavutil
INSTALL	libavutil/pixelutils.h -> /home/tay/builds/app-build-scripts-ubuntu26/mpv-build/build_libs/include/libavutil
INSTALL	libavutil/pixfmt.h -> /home/tay/builds/app-build-scripts-ubuntu26/mpv-build/build_libs/include/libavutil
INSTALL	libavutil/random_seed.h -> /home/tay/builds/app-build-scripts-ubuntu26/mpv-build/build_libs/include/libavutil
INSTALL	libavutil/raw_color_params.h -> /home/tay/builds/app-build-scripts-ubuntu26/mpv-build/build_libs/include/libavutil
INSTALL	libavutil/rc4.h -> /home/tay/builds/app-build-scripts-ubuntu26/mpv-build/build_libs/include/libavutil
INSTALL	libavutil/rational.h -> /home/tay/builds/app-build-scripts-ubuntu26/mpv-build/build_libs/include/libavutil
INSTALL	libavutil/refstruct.h -> /home/tay/builds/app-build-scripts-ubuntu26/mpv-build/build_libs/include/libavutil
INSTALL	libavutil/replaygain.h -> /home/tay/builds/app-build-scripts-ubuntu26/mpv-build/build_libs/include/libavutil
INSTALL	libavutil/ripemd.h -> /home/tay/builds/app-build-scripts-ubuntu26/mpv-build/build_libs/include/libavutil
INSTALL	libavutil/samplefmt.h -> /home/tay/builds/app-build-scripts-ubuntu26/mpv-build/build_libs/include/libavutil
INSTALL	libavutil/sha.h -> /home/tay/builds/app-build-scripts-ubuntu26/mpv-build/build_libs/include/libavutil
INSTALL	libavutil/sha512.h -> /home/tay/builds/app-build-scripts-ubuntu26/mpv-build/build_libs/include/libavutil
INSTALL	libavutil/spherical.h -> /home/tay/builds/app-build-scripts-ubuntu26/mpv-build/build_libs/include/libavutil
INSTALL	libavutil/stereo3d.h -> /home/tay/builds/app-build-scripts-ubuntu26/mpv-build/build_libs/include/libavutil
INSTALL	libavutil/tdrdi.h -> /home/tay/builds/app-build-scripts-ubuntu26/mpv-build/build_libs/include/libavutil
INSTALL	libavutil/threadmessage.h -> /home/tay/builds/app-build-scripts-ubuntu26/mpv-build/build_libs/include/libavutil
INSTALL	libavutil/time.h -> /home/tay/builds/app-build-scripts-ubuntu26/mpv-build/build_libs/include/libavutil
INSTALL	libavutil/timecode.h -> /home/tay/builds/app-build-scripts-ubuntu26/mpv-build/build_libs/include/libavutil
INSTALL	libavutil/timestamp.h -> /home/tay/builds/app-build-scripts-ubuntu26/mpv-build/build_libs/include/libavutil
INSTALL	libavutil/tree.h -> /home/tay/builds/app-build-scripts-ubuntu26/mpv-build/build_libs/include/libavutil
INSTALL	libavutil/twofish.h -> /home/tay/builds/app-build-scripts-ubuntu26/mpv-build/build_libs/include/libavutil
INSTALL	libavutil/uuid.h -> /home/tay/builds/app-build-scripts-ubuntu26/mpv-build/build_libs/include/libavutil
INSTALL	libavutil/version.h -> /home/tay/builds/app-build-scripts-ubuntu26/mpv-build/build_libs/include/libavutil
INSTALL	libavutil/video_enc_params.h -> /home/tay/builds/app-build-scripts-ubuntu26/mpv-build/build_libs/include/libavutil
INSTALL	libavutil/xtea.h -> /home/tay/builds/app-build-scripts-ubuntu26/mpv-build/build_libs/include/libavutil
INSTALL	libavutil/tea.h -> /home/tay/builds/app-build-scripts-ubuntu26/mpv-build/build_libs/include/libavutil
INSTALL	libavutil/tx.h -> /home/tay/builds/app-build-scripts-ubuntu26/mpv-build/build_libs/include/libavutil
INSTALL	libavutil/video_hint.h -> /home/tay/builds/app-build-scripts-ubuntu26/mpv-build/build_libs/include/libavutil
INSTALL	libavutil/avconfig.h -> /home/tay/builds/app-build-scripts-ubuntu26/mpv-build/build_libs/include/libavutil
INSTALL	libavutil/ffversion.h -> /home/tay/builds/app-build-scripts-ubuntu26/mpv-build/build_libs/include/libavutil
INSTALL	libavutil/libavutil.pc -> /home/tay/builds/app-build-scripts-ubuntu26/mpv-build/build_libs/lib/pkgconfig
make: Leaving directory '/home/tay/builds/app-build-scripts-ubuntu26/mpv-build/ffmpeg_build'

======================================
 Generating equivs dummy packages for mpv, ffmpeg, and vapoursynth...
======================================
Reading package lists...
Building dependency tree...
Reading state information...
equivs is already the newest version (2.3.2build1).
Solving dependencies...
The following packages were automatically installed and are no longer required:
  kdeconnect-libs libaribb24-0t64:i386 libfakekey0 libkf6people-data
  libkf6people6 libkf6peoplebackend6 libopencore-amrnb0
  libopencore-amrnb0:i386 libopencore-amrwb0 libopencore-amrwb0:i386
  libqt6bluetooth6 libqt6bluetooth6-bin libvo-amrwbenc0:i386
  linux-headers-7.0.0-28 linux-headers-7.0.0-28-generic
  linux-image-7.0.0-28-generic linux-main-modules-zfs-7.0.0-28-generic
  linux-modules-7.0.0-28-generic linux-tools-7.0.0-28
  linux-tools-7.0.0-28-generic qml6-module-org-kde-kdeconnect
  qml6-module-org-kde-people qml6-module-qtquick-particles
Use 'sudo apt autoremove' to remove them.
0 upgraded, 0 newly installed, 0 to remove and 25 not upgraded.
dpkg-buildpackage: warning: email address 'Local Admin <admin@localhost>' with single label domain
dpkg-buildpackage: info: source package mpv
dpkg-buildpackage: info: source version 99:1.0.0-custom
dpkg-buildpackage: info: source distribution unstable
dpkg-buildpackage: info: source changed by Local Admin <admin@localhost>
 dpkg-source --before-build .
dpkg-buildpackage: info: host architecture amd64
dpkg-source: warning: email address 'Local Admin <admin@localhost>' with single label domain
 debian/rules clean
dh clean
   dh_clean
 debian/rules binary
dh binary
   dh_update_autotools_config
   dh_autoreconf
   create-stamp debian/debhelper-build-stamp
   dh_prep
   dh_auto_install --destdir=debian/mpv/
   dh_install
   dh_installdocs
   dh_installchangelogs
   dh_perl
   dh_link
   dh_strip_nondeterminism
   dh_compress
   dh_fixperms
   dh_missing
   dh_installdeb
   dh_gencontrol
dpkg-gencontrol: warning: email address 'Local Admin <admin@localhost>' with single label domain
   dh_md5sums
   dh_builddeb
dpkg-deb: building package 'mpv' in '../mpv_1.0.0-custom_all.deb'.
 dpkg-genbuildinfo --build=binary -O../mpv_1.0.0-custom_amd64.buildinfo
 dpkg-genchanges --build=binary -O../mpv_1.0.0-custom_amd64.changes
dpkg-genchanges: warning: email address 'Local Admin <admin@localhost>' with single label domain
dpkg-genchanges: warning: email address 'Local Admin <admin@localhost>' with single label domain
dpkg-genchanges: info: binary-only upload (no source code included)
 dpkg-source --after-build .
dpkg-source: warning: email address 'Local Admin <admin@localhost>' with single label domain
dpkg-buildpackage: info: binary-only upload (no source included)

The package has been created.
Attention, the package has been created in the current directory,
not in ".." as indicated by the message above!
(Reading database… 741332 files and directories currently installed.)
Preparing to unpack mpv_1.0.0-custom_all.deb…
Unpacking mpv (99:1.0.0-custom) over (99:1.0.0-custom)…
Setting up mpv (99:1.0.0-custom)…
dpkg-buildpackage: warning: email address 'Local Admin <admin@localhost>' with single label domain
dpkg-buildpackage: info: source package ffmpeg
dpkg-buildpackage: info: source version 99:7.0.0-custom
dpkg-buildpackage: info: source distribution unstable
dpkg-buildpackage: info: source changed by Local Admin <admin@localhost>
 dpkg-source --before-build .
dpkg-buildpackage: info: host architecture amd64
dpkg-source: warning: email address 'Local Admin <admin@localhost>' with single label domain
 debian/rules clean
dh clean
   dh_clean
 debian/rules binary
dh binary
   dh_update_autotools_config
   dh_autoreconf
   create-stamp debian/debhelper-build-stamp
   dh_prep
   dh_auto_install --destdir=debian/ffmpeg/
   dh_install
   dh_installdocs
   dh_installchangelogs
   dh_perl
   dh_link
   dh_strip_nondeterminism
   dh_compress
   dh_fixperms
   dh_missing
   dh_installdeb
   dh_gencontrol
dpkg-gencontrol: warning: email address 'Local Admin <admin@localhost>' with single label domain
   dh_md5sums
   dh_builddeb
dpkg-deb: building package 'ffmpeg' in '../ffmpeg_7.0.0-custom_all.deb'.
 dpkg-genbuildinfo --build=binary -O../ffmpeg_7.0.0-custom_amd64.buildinfo
 dpkg-genchanges --build=binary -O../ffmpeg_7.0.0-custom_amd64.changes
dpkg-genchanges: warning: email address 'Local Admin <admin@localhost>' with single label domain
dpkg-genchanges: warning: email address 'Local Admin <admin@localhost>' with single label domain
dpkg-genchanges: info: binary-only upload (no source code included)
 dpkg-source --after-build .
dpkg-source: warning: email address 'Local Admin <admin@localhost>' with single label domain
dpkg-buildpackage: info: binary-only upload (no source included)

The package has been created.
Attention, the package has been created in the current directory,
not in ".." as indicated by the message above!
(Reading database… 741332 files and directories currently installed.)
Preparing to unpack ffmpeg_7.0.0-custom_all.deb…
Unpacking ffmpeg (99:7.0.0-custom) over (99:7.0.0-custom)…
Setting up ffmpeg (99:7.0.0-custom)…
dpkg-buildpackage: warning: email address 'Local Admin <admin@localhost>' with single label domain
dpkg-buildpackage: info: source package vapoursynth
dpkg-buildpackage: info: source version 99:65.0-custom
dpkg-buildpackage: info: source distribution unstable
dpkg-buildpackage: info: source changed by Local Admin <admin@localhost>
 dpkg-source --before-build .
dpkg-buildpackage: info: host architecture amd64
dpkg-source: warning: email address 'Local Admin <admin@localhost>' with single label domain
 debian/rules clean
dh clean
   dh_clean
 debian/rules binary
dh binary
   dh_update_autotools_config
   dh_autoreconf
   create-stamp debian/debhelper-build-stamp
   dh_prep
   dh_auto_install --destdir=debian/vapoursynth/
   dh_install
   dh_installdocs
   dh_installchangelogs
   dh_perl
   dh_link
   dh_strip_nondeterminism
   dh_compress
   dh_fixperms
   dh_missing
   dh_installdeb
   dh_gencontrol
dpkg-gencontrol: warning: email address 'Local Admin <admin@localhost>' with single label domain
   dh_md5sums
   dh_builddeb
dpkg-deb: building package 'vapoursynth' in '../vapoursynth_65.0-custom_all.deb'.
 dpkg-genbuildinfo --build=binary -O../vapoursynth_65.0-custom_amd64.buildinfo
 dpkg-genchanges --build=binary -O../vapoursynth_65.0-custom_amd64.changes
dpkg-genchanges: warning: email address 'Local Admin <admin@localhost>' with single label domain
dpkg-genchanges: warning: email address 'Local Admin <admin@localhost>' with single label domain
dpkg-genchanges: info: binary-only upload (no source code included)
 dpkg-source --after-build .
dpkg-source: warning: email address 'Local Admin <admin@localhost>' with single label domain
dpkg-buildpackage: info: binary-only upload (no source included)

The package has been created.
Attention, the package has been created in the current directory,
not in ".." as indicated by the message above!
(Reading database… 741332 files and directories currently installed.)
Preparing to unpack vapoursynth_65.0-custom_all.deb…
Unpacking vapoursynth (99:65.0-custom) over (99:65.0-custom)…
Setting up vapoursynth (99:65.0-custom)…

======================================
 Registering VapourSynth installation for the current user...
======================================
The bash configuration files are already up-to-date

======================================
 Build and installation complete!
======================================
[INFO] You can verify the VapourSynth filter is available by running:
[INFO] mpv --vf=help | grep vapoursynth
